#
# There is insufficient memory for the Java Runtime Environment to continue.
# Native memory allocation (mmap) failed to map 1048576 bytes. Error detail: G1 virtual space
# Possible reasons:
#   The system is out of physical RAM or swap space
#   This process is running with CompressedOops enabled, and the Java Heap may be blocking the growth of the native heap
# Possible solutions:
#   Reduce memory load on the system
#   Increase physical memory or swap space
#   Check if swap backing store is full
#   Decrease Java heap size (-Xmx/-Xms)
#   Decrease number of Java threads
#   Decrease Java thread stack sizes (-Xss)
#   Set larger code cache with -XX:ReservedCodeCacheSize=
#   JVM is running with Unscaled Compressed Oops mode in which the Java heap is
#     placed in the first 4GB address space. The Java Heap base address is the
#     maximum limit for the native heap growth. Please use -XX:HeapBaseMinAddress
#     to set the Java Heap base and to place the Java Heap above 4GB virtual address.
# This output file may be truncated or incomplete.
#
#  Out of Memory Error (os_windows.cpp:3828), pid=8232, tid=15220
#
# JRE version: OpenJDK Runtime Environment (21.0.4) (build 21.0.4+-12508038-b607.1)
# Java VM: OpenJDK 64-Bit Server VM (21.0.4+-12508038-b607.1, mixed mode, tiered, compressed oops, compressed class ptrs, g1 gc, windows-amd64)
# No core dump will be written. Minidumps are not enabled by default on client versions of Windows
#

---------------  S U M M A R Y ------------

Command Line: --add-opens=java.base/java.util=ALL-UNNAMED --add-opens=java.base/java.lang=ALL-UNNAMED --add-opens=java.base/java.lang.invoke=ALL-UNNAMED --add-opens=java.prefs/java.util.prefs=ALL-UNNAMED --add-exports=jdk.compiler/com.sun.tools.javac.api=ALL-UNNAMED --add-exports=jdk.compiler/com.sun.tools.javac.util=ALL-UNNAMED --add-opens=java.base/java.nio.charset=ALL-UNNAMED --add-opens=java.base/java.net=ALL-UNNAMED --add-opens=java.base/java.util.concurrent.atomic=ALL-UNNAMED -Xmx2048m -Dfile.encoding=UTF-8 -Duser.country=US -Duser.language=en -Duser.variant -javaagent:C:\Users\2000\.gradle\wrapper\dists\gradle-8.10.2-bin\a04bxjujx95o3nb99gddekhwo\gradle-8.10.2\lib\agents\gradle-instrumentation-agent-8.10.2.jar org.gradle.launcher.daemon.bootstrap.GradleDaemon 8.10.2

Host: AMD Ryzen 5 3400G with Radeon Vega Graphics    , 8 cores, 13G,  Windows 10 , 64 bit Build 19041 (10.0.19041.4957)
Time: Wed Feb 12 18:33:13 2025 China Standard Time elapsed time: 5670.245258 seconds (0d 1h 34m 30s)

---------------  T H R E A D  ---------------

Current thread (0x000002853b5ed8a0):  WorkerThread "GC Thread#3"    [id=15220, stack(0x000000a30b200000,0x000000a30b300000) (1024K)]

Stack: [0x000000a30b200000,0x000000a30b300000]
Native frames: (J=compiled Java code, j=interpreted, Vv=VM code, C=native code)
V  [jvm.dll+0x6ce539]
V  [jvm.dll+0x85bf03]
V  [jvm.dll+0x85e45e]
V  [jvm.dll+0x85eb43]
V  [jvm.dll+0x27dd06]
V  [jvm.dll+0x6cada5]
V  [jvm.dll+0x6bf27a]
V  [jvm.dll+0x3541fb]
V  [jvm.dll+0x35be36]
V  [jvm.dll+0x3ad8cb]
V  [jvm.dll+0x3adf84]
V  [jvm.dll+0x3ae04d]
V  [jvm.dll+0x3280dc]
V  [jvm.dll+0x327e38]
V  [jvm.dll+0x316a16]
V  [jvm.dll+0x3178aa]
V  [jvm.dll+0x317dd8]
V  [jvm.dll+0x31770e]
V  [jvm.dll+0x35606a]
V  [jvm.dll+0x3563e6]
V  [jvm.dll+0x35752a]
V  [jvm.dll+0x3571a4]
V  [jvm.dll+0x36b729]
V  [jvm.dll+0x36bdea]
V  [jvm.dll+0x36bee7]
V  [jvm.dll+0x36cdcb]
V  [jvm.dll+0x889be4]
V  [jvm.dll+0x804418]
V  [jvm.dll+0x6cce0d]
C  [ucrtbase.dll+0x21bb2]
C  [KERNEL32.DLL+0x17374]
C  [ntdll.dll+0x4cc91]


---------------  P R O C E S S  ---------------

Threads class SMR info:
_java_thread_list=0x000002853f3b8db0, length=155, elements={
0x000002851d0a4bd0, 0x0000028536bcfcc0, 0x0000028536bd2af0, 0x0000028536bba060,
0x0000028536bdc6b0, 0x0000028536bbec10, 0x0000028536bb82a0, 0x0000028536bb9030,
0x0000028536be8bf0, 0x00000285369a5760, 0x0000028536ee4050, 0x000002853ca56390,
0x000002853cdc5e70, 0x000002853ccb5da0, 0x000002853c9e6370, 0x000002853c9e42a0,
0x000002853c9e4930, 0x000002853efbb4e0, 0x000002853efb9410, 0x000002853efb79d0,
0x000002853efbc200, 0x000002853efb8d80, 0x000002853efba130, 0x000002853efba7c0,
0x000002853fc557c0, 0x000002853d37a3a0, 0x000002853d379d10, 0x000002853d37aa30,
0x000002853d37b750, 0x00000285527fdf00, 0x00000285527fc4c0, 0x00000285527fcb50,
0x0000028550b83130, 0x00000285527fa3f0, 0x00000285527fd1e0, 0x00000285527f8320,
0x00000285527fb110, 0x00000285527fbe30, 0x0000028546ef7010, 0x00000285536af640,
0x00000285536b0360, 0x00000285517eec30, 0x00000285517ef2c0, 0x00000285517edf10,
0x00000285517ee5a0, 0x00000285594ff530, 0x00000285594fdaf0, 0x0000028559500f70,
0x00000285536aefb0, 0x000002854aece930, 0x000002854aecefc0, 0x000002854aecf650,
0x000002854aecfce0, 0x000002854aece2a0, 0x000002854aecc860, 0x0000028546ef9e00,
0x0000028546ef90e0, 0x0000028550b82410, 0x0000028552a66880, 0x0000028552a64e40,
0x0000028552a67c30, 0x00000285517b6b00, 0x00000285517ba610, 0x00000285517bc6e0,
0x00000285517bcd70, 0x00000285411177c0, 0x00000285505054f0, 0x0000028550504e60,
0x0000028550505b80, 0x00000285505047d0, 0x0000028552b3a880, 0x0000028552b39b60,
0x0000028552b3a1f0, 0x00000285529742c0, 0x0000028552974950, 0x0000028552975d00,
0x0000028552974fe0, 0x0000028552975670, 0x0000028552976390, 0x00000285580ea690,
0x00000285527f89b0, 0x0000028553408840, 0x000002854111b2d0, 0x0000028541117e50,
0x0000028541118b70, 0x00000285411184e0, 0x000002854111a5b0, 0x000002854111ac40,
0x00000285517b7eb0, 0x00000285517baca0, 0x00000285517b8540, 0x00000285517bb330,
0x00000285517bb9c0, 0x00000285517b9f80, 0x00000285517bda90, 0x00000285411156f0,
0x0000028541116aa0, 0x0000028541115060, 0x00000285527ff2b0, 0x00000285527ff940,
0x00000285527fb7a0, 0x00000285527fffd0, 0x00000285527f9040, 0x00000285527f9d60,
0x0000028552800660, 0x0000028546ef83c0, 0x00000285580eb3b0, 0x00000285580e9970,
0x00000285580e85c0, 0x00000285580e7f30, 0x00000285580e92e0, 0x00000285580ead20,
0x0000028541cae140, 0x0000028541cae7d0, 0x0000028541cadab0, 0x0000028541cac700,
0x0000028541cac070, 0x0000028552976a20, 0x000002855204d780, 0x000002855898bf70,
0x000002855898c600, 0x000002855903a1d0, 0x000002855903a860, 0x000002855903aef0,
0x0000028559038100, 0x0000028559038e20, 0x000002855903b580, 0x0000028559038790,
0x0000028559039b40, 0x00000285590394b0, 0x000002855933ffe0, 0x0000028559340d00,
0x0000028559340670, 0x0000028546ef9770, 0x0000028553b6d660, 0x0000028553b6e380,
0x0000028553b6ea10, 0x0000028559341390, 0x0000028536db8650, 0x0000028536db9a00,
0x0000028558820160, 0x0000028558822a40, 0x00000285595d1840, 0x000002855af35d40,
0x000002855af34300, 0x0000028558257e90, 0x0000028558258520, 0x000002855898d320,
0x000002855898d9b0, 0x0000028558258bb0, 0x0000028541119890, 0x000002854acaba20,
0x00000285580e8c50, 0x0000028562062e90, 0x000002855af39850
}
_to_delete_list=0x00000285505adf30
Skipping _to_delete_list fields and contents for safety.

Java Threads: ( => current thread )
  0x000002851d0a4bd0 JavaThread "main"                              [_thread_blocked, id=3136, stack(0x000000a309c00000,0x000000a309d00000) (1024K)]
  0x0000028536bcfcc0 JavaThread "Reference Handler"          daemon [_thread_blocked, id=16124, stack(0x000000a30a400000,0x000000a30a500000) (1024K)]
  0x0000028536bd2af0 JavaThread "Finalizer"                  daemon [_thread_blocked, id=4636, stack(0x000000a30a500000,0x000000a30a600000) (1024K)]
  0x0000028536bba060 JavaThread "Signal Dispatcher"          daemon [_thread_blocked, id=10676, stack(0x000000a30a600000,0x000000a30a700000) (1024K)]
  0x0000028536bdc6b0 JavaThread "Attach Listener"            daemon [_thread_blocked, id=7760, stack(0x000000a30a700000,0x000000a30a800000) (1024K)]
  0x0000028536bbec10 JavaThread "Service Thread"             daemon [_thread_blocked, id=12676, stack(0x000000a30a800000,0x000000a30a900000) (1024K)]
  0x0000028536bb82a0 JavaThread "Monitor Deflation Thread"   daemon [_thread_blocked, id=9400, stack(0x000000a30a900000,0x000000a30aa00000) (1024K)]
  0x0000028536bb9030 JavaThread "C2 CompilerThread0"         daemon [_thread_blocked, id=7080, stack(0x000000a30aa00000,0x000000a30ab00000) (1024K)]
  0x0000028536be8bf0 JavaThread "C1 CompilerThread0"         daemon [_thread_blocked, id=7588, stack(0x000000a30ab00000,0x000000a30ac00000) (1024K)]
  0x00000285369a5760 JavaThread "Common-Cleaner"             daemon [_thread_blocked, id=6076, stack(0x000000a30ac00000,0x000000a30ad00000) (1024K)]
  0x0000028536ee4050 JavaThread "Notification Thread"        daemon [_thread_blocked, id=3440, stack(0x000000a30ad00000,0x000000a30ae00000) (1024K)]
  0x000002853ca56390 JavaThread "Daemon health stats"               [_thread_blocked, id=7328, stack(0x000000a30b600000,0x000000a30b700000) (1024K)]
  0x000002853cdc5e70 JavaThread "Incoming local TCP Connector on port 51190"        [_thread_in_native, id=4416, stack(0x000000a30b700000,0x000000a30b800000) (1024K)]
  0x000002853ccb5da0 JavaThread "Daemon periodic checks"            [_thread_blocked, id=2756, stack(0x000000a30b800000,0x000000a30b900000) (1024K)]
  0x000002853c9e6370 JavaThread "Cache worker for journal cache (C:\Users\2000\.gradle\caches\journal-1)"        [_thread_blocked, id=1976, stack(0x000000a30c200000,0x000000a30c300000) (1024K)]
  0x000002853c9e42a0 JavaThread "File lock request listener"        [_thread_in_native, id=7072, stack(0x000000a30c300000,0x000000a30c400000) (1024K)]
  0x000002853c9e4930 JavaThread "Cache worker for file hash cache (C:\Users\2000\.gradle\caches\8.10.2\fileHashes)"        [_thread_blocked, id=13628, stack(0x000000a30c400000,0x000000a30c500000) (1024K)]
  0x000002853efbb4e0 JavaThread "File watcher server"        daemon [_thread_blocked, id=15604, stack(0x000000a30c700000,0x000000a30c800000) (1024K)]
  0x000002853efb9410 JavaThread "File watcher consumer"      daemon [_thread_blocked, id=15588, stack(0x000000a30c800000,0x000000a30c900000) (1024K)]
  0x000002853efb79d0 JavaThread "Cache worker for file content cache (C:\Users\2000\.gradle\caches\8.10.2\fileContent)"        [_thread_blocked, id=6336, stack(0x000000a30ca00000,0x000000a30cb00000) (1024K)]
  0x000002853efbc200 JavaThread "jar transforms"                    [_thread_blocked, id=8004, stack(0x000000a30cd00000,0x000000a30ce00000) (1024K)]
  0x000002853efb8d80 JavaThread "jar transforms Thread 2"           [_thread_blocked, id=16264, stack(0x000000a30ce00000,0x000000a30cf00000) (1024K)]
  0x000002853efba130 JavaThread "jar transforms Thread 3"           [_thread_blocked, id=6024, stack(0x000000a30ae00000,0x000000a30af00000) (1024K)]
  0x000002853efba7c0 JavaThread "jar transforms Thread 4"           [_thread_blocked, id=15520, stack(0x000000a30d000000,0x000000a30d100000) (1024K)]
  0x000002853fc557c0 JavaThread "Memory manager"                    [_thread_blocked, id=13504, stack(0x000000a30e600000,0x000000a30e700000) (1024K)]
  0x000002853d37a3a0 JavaThread "jar transforms Thread 5"           [_thread_blocked, id=13620, stack(0x000000a30be00000,0x000000a30bf00000) (1024K)]
  0x000002853d379d10 JavaThread "jar transforms Thread 6"           [_thread_blocked, id=15512, stack(0x000000a30bf00000,0x000000a30c000000) (1024K)]
  0x000002853d37aa30 JavaThread "jar transforms Thread 7"           [_thread_blocked, id=15628, stack(0x000000a30c500000,0x000000a30c600000) (1024K)]
  0x000002853d37b750 JavaThread "jar transforms Thread 8"           [_thread_blocked, id=7580, stack(0x000000a30c600000,0x000000a30c700000) (1024K)]
  0x00000285527fdf00 JavaThread "Daemon Thread 7"                   [_thread_blocked, id=9636, stack(0x000000a309900000,0x000000a309a00000) (1024K)]
  0x00000285527fc4c0 JavaThread "Handler for socket connection from /127.0.0.1:51190 to /127.0.0.1:51666"        [_thread_in_native, id=15852, stack(0x000000a309a00000,0x000000a309b00000) (1024K)]
  0x00000285527fcb50 JavaThread "Cancel handler"                    [_thread_blocked, id=15328, stack(0x000000a309b00000,0x000000a309c00000) (1024K)]
  0x0000028550b83130 JavaThread "Daemon worker Thread 7"            [_thread_blocked, id=16004, stack(0x000000a30af00000,0x000000a30b000000) (1024K)]
  0x00000285527fa3f0 JavaThread "Asynchronous log dispatcher for DefaultDaemonConnection: socket connection from /127.0.0.1:51190 to /127.0.0.1:51666"        [_thread_blocked, id=12260, stack(0x000000a30b900000,0x000000a30ba00000) (1024K)]
  0x00000285527fd1e0 JavaThread "Stdin handler"                     [_thread_blocked, id=6260, stack(0x000000a30ba00000,0x000000a30bb00000) (1024K)]
  0x00000285527f8320 JavaThread "Daemon client event forwarder"        [_thread_blocked, id=16288, stack(0x000000a30bb00000,0x000000a30bc00000) (1024K)]
  0x00000285527fb110 JavaThread "Cache worker for file hash cache (C:\Users\2000\AndroidStudioProjects\S2\.gradle\8.10.2\fileHashes)"        [_thread_blocked, id=7464, stack(0x000000a30bc00000,0x000000a30bd00000) (1024K)]
  0x00000285527fbe30 JavaThread "Cache worker for Build Output Cleanup Cache (C:\Users\2000\AndroidStudioProjects\S2\.gradle\buildOutputCleanup)"        [_thread_blocked, id=14028, stack(0x000000a30bd00000,0x000000a30be00000) (1024K)]
  0x0000028546ef7010 JavaThread "Cache worker for checksums cache (C:\Users\2000\AndroidStudioProjects\S2\.gradle\8.10.2\checksums)"        [_thread_blocked, id=15096, stack(0x000000a30c900000,0x000000a30ca00000) (1024K)]
  0x00000285536af640 JavaThread "Cache worker for cache directory md-rule (C:\Users\2000\.gradle\caches\8.10.2\md-rule)"        [_thread_blocked, id=16252, stack(0x000000a30cb00000,0x000000a30cc00000) (1024K)]
  0x00000285536b0360 JavaThread "Cache worker for cache directory md-supplier (C:\Users\2000\.gradle\caches\8.10.2\md-supplier)"        [_thread_blocked, id=14288, stack(0x000000a30cc00000,0x000000a30cd00000) (1024K)]
  0x00000285517eec30 JavaThread "Unconstrained build operations"        [_thread_blocked, id=7596, stack(0x000000a30d100000,0x000000a30d200000) (1024K)]
  0x00000285517ef2c0 JavaThread "Unconstrained build operations Thread 2"        [_thread_blocked, id=3428, stack(0x000000a30d200000,0x000000a30d300000) (1024K)]
  0x00000285517edf10 JavaThread "Unconstrained build operations Thread 3"        [_thread_blocked, id=6508, stack(0x000000a30d300000,0x000000a30d400000) (1024K)]
  0x00000285517ee5a0 JavaThread "Unconstrained build operations Thread 4"        [_thread_blocked, id=11308, stack(0x000000a30d400000,0x000000a30d500000) (1024K)]
  0x00000285594ff530 JavaThread "Unconstrained build operations Thread 5"        [_thread_blocked, id=7436, stack(0x000000a30d500000,0x000000a30d600000) (1024K)]
  0x00000285594fdaf0 JavaThread "Unconstrained build operations Thread 6"        [_thread_blocked, id=2492, stack(0x000000a30d600000,0x000000a30d700000) (1024K)]
  0x0000028559500f70 JavaThread "Unconstrained build operations Thread 7"        [_thread_blocked, id=9752, stack(0x000000a30d700000,0x000000a30d800000) (1024K)]
  0x00000285536aefb0 JavaThread "Unconstrained build operations Thread 8"        [_thread_blocked, id=9084, stack(0x000000a30d800000,0x000000a30d900000) (1024K)]
  0x000002854aece930 JavaThread "Unconstrained build operations Thread 9"        [_thread_blocked, id=16076, stack(0x000000a30d900000,0x000000a30da00000) (1024K)]
  0x000002854aecefc0 JavaThread "Unconstrained build operations Thread 10"        [_thread_blocked, id=15392, stack(0x000000a30da00000,0x000000a30db00000) (1024K)]
  0x000002854aecf650 JavaThread "Unconstrained build operations Thread 11"        [_thread_blocked, id=15680, stack(0x000000a30db00000,0x000000a30dc00000) (1024K)]
  0x000002854aecfce0 JavaThread "Unconstrained build operations Thread 12"        [_thread_blocked, id=14004, stack(0x000000a30dc00000,0x000000a30dd00000) (1024K)]
  0x000002854aece2a0 JavaThread "Unconstrained build operations Thread 13"        [_thread_blocked, id=9724, stack(0x000000a30dd00000,0x000000a30de00000) (1024K)]
  0x000002854aecc860 JavaThread "Unconstrained build operations Thread 14"        [_thread_blocked, id=16376, stack(0x000000a30de00000,0x000000a30df00000) (1024K)]
  0x0000028546ef9e00 JavaThread "build event listener"              [_thread_blocked, id=10072, stack(0x000000a30e000000,0x000000a30e100000) (1024K)]
  0x0000028546ef90e0 JavaThread "build event listener"              [_thread_blocked, id=384, stack(0x000000a30e100000,0x000000a30e200000) (1024K)]
  0x0000028550b82410 JavaThread "included builds"                   [_thread_blocked, id=7140, stack(0x000000a30df00000,0x000000a30e000000) (1024K)]
  0x0000028552a66880 JavaThread "Execution worker"                  [_thread_blocked, id=1920, stack(0x000000a30e200000,0x000000a30e300000) (1024K)]
  0x0000028552a64e40 JavaThread "Execution worker Thread 2"         [_thread_blocked, id=14016, stack(0x000000a30e300000,0x000000a30e400000) (1024K)]
  0x0000028552a67c30 JavaThread "Execution worker Thread 3"         [_thread_blocked, id=7740, stack(0x000000a30e400000,0x000000a30e500000) (1024K)]
  0x00000285517b6b00 JavaThread "Execution worker Thread 4"         [_thread_blocked, id=15580, stack(0x000000a30e500000,0x000000a30e600000) (1024K)]
  0x00000285517ba610 JavaThread "Execution worker Thread 5"         [_thread_blocked, id=9188, stack(0x000000a30e700000,0x000000a30e800000) (1024K)]
  0x00000285517bc6e0 JavaThread "Execution worker Thread 6"         [_thread_blocked, id=2040, stack(0x000000a30e800000,0x000000a30e900000) (1024K)]
  0x00000285517bcd70 JavaThread "Execution worker Thread 7"         [_thread_blocked, id=10864, stack(0x000000a30e900000,0x000000a30ea00000) (1024K)]
  0x00000285411177c0 JavaThread "Cache worker for execution history cache (C:\Users\2000\AndroidStudioProjects\S2\.gradle\8.10.2\executionHistory)"        [_thread_blocked, id=5472, stack(0x000000a30ea00000,0x000000a30eb00000) (1024K)]
  0x00000285505054f0 JavaThread "Unconstrained build operations Thread 15"        [_thread_blocked, id=16336, stack(0x000000a30ec00000,0x000000a30ed00000) (1024K)]
  0x0000028550504e60 JavaThread "Unconstrained build operations Thread 16"        [_thread_blocked, id=11540, stack(0x000000a30ed00000,0x000000a30ee00000) (1024K)]
  0x0000028550505b80 JavaThread "Unconstrained build operations Thread 17"        [_thread_blocked, id=15460, stack(0x000000a30ee00000,0x000000a30ef00000) (1024K)]
  0x00000285505047d0 JavaThread "Unconstrained build operations Thread 18"        [_thread_blocked, id=5768, stack(0x000000a30ef00000,0x000000a30f000000) (1024K)]
  0x0000028552b3a880 JavaThread "Unconstrained build operations Thread 19"        [_thread_blocked, id=9772, stack(0x000000a30f000000,0x000000a30f100000) (1024K)]
  0x0000028552b39b60 JavaThread "Unconstrained build operations Thread 20"        [_thread_blocked, id=8956, stack(0x000000a30f100000,0x000000a30f200000) (1024K)]
  0x0000028552b3a1f0 JavaThread "Unconstrained build operations Thread 21"        [_thread_blocked, id=15960, stack(0x000000a30f200000,0x000000a30f300000) (1024K)]
  0x00000285529742c0 JavaThread "Unconstrained build operations Thread 22"        [_thread_blocked, id=12468, stack(0x000000a30f300000,0x000000a30f400000) (1024K)]
  0x0000028552974950 JavaThread "Unconstrained build operations Thread 23"        [_thread_blocked, id=4036, stack(0x000000a30f400000,0x000000a30f500000) (1024K)]
  0x0000028552975d00 JavaThread "Unconstrained build operations Thread 24"        [_thread_blocked, id=14324, stack(0x000000a30f500000,0x000000a30f600000) (1024K)]
  0x0000028552974fe0 JavaThread "Unconstrained build operations Thread 25"        [_thread_blocked, id=15456, stack(0x000000a30f600000,0x000000a30f700000) (1024K)]
  0x0000028552975670 JavaThread "Unconstrained build operations Thread 26"        [_thread_blocked, id=10224, stack(0x000000a30f700000,0x000000a30f800000) (1024K)]
  0x0000028552976390 JavaThread "Unconstrained build operations Thread 27"        [_thread_blocked, id=15140, stack(0x000000a30f800000,0x000000a30f900000) (1024K)]
  0x00000285580ea690 JavaThread "Unconstrained build operations Thread 28"        [_thread_blocked, id=2144, stack(0x000000a30f900000,0x000000a30fa00000) (1024K)]
  0x00000285527f89b0 JavaThread "WorkerExecutor Queue"              [_thread_blocked, id=14072, stack(0x000000a30fa00000,0x000000a30fb00000) (1024K)]
  0x0000028553408840 JavaThread "Unconstrained build operations Thread 29"        [_thread_blocked, id=15936, stack(0x000000a30fb00000,0x000000a30fc00000) (1024K)]
  0x000002854111b2d0 JavaThread "Unconstrained build operations Thread 30"        [_thread_blocked, id=3448, stack(0x000000a30fc00000,0x000000a30fd00000) (1024K)]
  0x0000028541117e50 JavaThread "Unconstrained build operations Thread 31"        [_thread_blocked, id=7568, stack(0x000000a30fd00000,0x000000a30fe00000) (1024K)]
  0x0000028541118b70 JavaThread "Unconstrained build operations Thread 32"        [_thread_blocked, id=3456, stack(0x000000a30fe00000,0x000000a30ff00000) (1024K)]
  0x00000285411184e0 JavaThread "Unconstrained build operations Thread 33"        [_thread_blocked, id=1564, stack(0x000000a30ff00000,0x000000a310000000) (1024K)]
  0x000002854111a5b0 JavaThread "Unconstrained build operations Thread 34"        [_thread_blocked, id=15444, stack(0x000000a310000000,0x000000a310100000) (1024K)]
  0x000002854111ac40 JavaThread "Unconstrained build operations Thread 35"        [_thread_blocked, id=13556, stack(0x000000a310100000,0x000000a310200000) (1024K)]
  0x00000285517b7eb0 JavaThread "WorkerExecutor Queue Thread 2"        [_thread_blocked, id=2036, stack(0x000000a310300000,0x000000a310400000) (1024K)]
  0x00000285517baca0 JavaThread "WorkerExecutor Queue Thread 3"        [_thread_blocked, id=16268, stack(0x000000a310400000,0x000000a310500000) (1024K)]
  0x00000285517b8540 JavaThread "WorkerExecutor Queue Thread 4"        [_thread_blocked, id=10868, stack(0x000000a310500000,0x000000a310600000) (1024K)]
  0x00000285517bb330 JavaThread "WorkerExecutor Queue Thread 5"        [_thread_blocked, id=15636, stack(0x000000a310600000,0x000000a310700000) (1024K)]
  0x00000285517bb9c0 JavaThread "WorkerExecutor Queue Thread 6"        [_thread_blocked, id=3324, stack(0x000000a310700000,0x000000a310800000) (1024K)]
  0x00000285517b9f80 JavaThread "WorkerExecutor Queue Thread 7"        [_thread_blocked, id=16016, stack(0x000000a310800000,0x000000a310900000) (1024K)]
  0x00000285517bda90 JavaThread "WorkerExecutor Queue Thread 8"        [_thread_blocked, id=11492, stack(0x000000a310900000,0x000000a310a00000) (1024K)]
  0x00000285411156f0 JavaThread "Unconstrained build operations Thread 36"        [_thread_blocked, id=8196, stack(0x000000a310a00000,0x000000a310b00000) (1024K)]
  0x0000028541116aa0 JavaThread "Unconstrained build operations Thread 37"        [_thread_blocked, id=10248, stack(0x000000a310b00000,0x000000a310c00000) (1024K)]
  0x0000028541115060 JavaThread "Unconstrained build operations Thread 38"        [_thread_blocked, id=10252, stack(0x000000a310c00000,0x000000a310d00000) (1024K)]
  0x00000285527ff2b0 JavaThread "Unconstrained build operations Thread 39"        [_thread_blocked, id=11496, stack(0x000000a310d00000,0x000000a310e00000) (1024K)]
  0x00000285527ff940 JavaThread "Unconstrained build operations Thread 40"        [_thread_blocked, id=15056, stack(0x000000a310e00000,0x000000a310f00000) (1024K)]
  0x00000285527fb7a0 JavaThread "Unconstrained build operations Thread 41"        [_thread_blocked, id=4388, stack(0x000000a310f00000,0x000000a311000000) (1024K)]
  0x00000285527fffd0 JavaThread "Unconstrained build operations Thread 42"        [_thread_blocked, id=5968, stack(0x000000a311000000,0x000000a311100000) (1024K)]
  0x00000285527f9040 JavaThread "Unconstrained build operations Thread 43"        [_thread_blocked, id=15600, stack(0x000000a311100000,0x000000a311200000) (1024K)]
  0x00000285527f9d60 JavaThread "Unconstrained build operations Thread 44"        [_thread_blocked, id=14716, stack(0x000000a311200000,0x000000a311300000) (1024K)]
  0x0000028552800660 JavaThread "Unconstrained build operations Thread 45"        [_thread_blocked, id=13768, stack(0x000000a311300000,0x000000a311400000) (1024K)]
  0x0000028546ef83c0 JavaThread "Unconstrained build operations Thread 46"        [_thread_blocked, id=2412, stack(0x000000a311400000,0x000000a311500000) (1024K)]
  0x00000285580eb3b0 JavaThread "Unconstrained build operations Thread 47"        [_thread_blocked, id=2556, stack(0x000000a311500000,0x000000a311600000) (1024K)]
  0x00000285580e9970 JavaThread "Unconstrained build operations Thread 48"        [_thread_blocked, id=8164, stack(0x000000a311600000,0x000000a311700000) (1024K)]
  0x00000285580e85c0 JavaThread "Unconstrained build operations Thread 49"        [_thread_blocked, id=4440, stack(0x000000a311700000,0x000000a311800000) (1024K)]
  0x00000285580e7f30 JavaThread "Unconstrained build operations Thread 50"        [_thread_blocked, id=2668, stack(0x000000a311800000,0x000000a311900000) (1024K)]
  0x00000285580e92e0 JavaThread "Unconstrained build operations Thread 51"        [_thread_blocked, id=10936, stack(0x000000a311900000,0x000000a311a00000) (1024K)]
  0x00000285580ead20 JavaThread "Unconstrained build operations Thread 52"        [_thread_blocked, id=15488, stack(0x000000a311a00000,0x000000a311b00000) (1024K)]
  0x0000028541cae140 JavaThread "Unconstrained build operations Thread 53"        [_thread_blocked, id=10008, stack(0x000000a311b00000,0x000000a311c00000) (1024K)]
  0x0000028541cae7d0 JavaThread "Unconstrained build operations Thread 54"        [_thread_blocked, id=9764, stack(0x000000a311c00000,0x000000a311d00000) (1024K)]
  0x0000028541cadab0 JavaThread "Unconstrained build operations Thread 55"        [_thread_blocked, id=13336, stack(0x000000a311d00000,0x000000a311e00000) (1024K)]
  0x0000028541cac700 JavaThread "Unconstrained build operations Thread 56"        [_thread_blocked, id=268, stack(0x000000a311e00000,0x000000a311f00000) (1024K)]
  0x0000028541cac070 JavaThread "Unconstrained build operations Thread 57"        [_thread_blocked, id=3896, stack(0x000000a311f00000,0x000000a312000000) (1024K)]
  0x0000028552976a20 JavaThread "Unconstrained build operations Thread 58"        [_thread_blocked, id=15200, stack(0x000000a312000000,0x000000a312100000) (1024K)]
  0x000002855204d780 JavaThread "Unconstrained build operations Thread 59"        [_thread_blocked, id=11080, stack(0x000000a312100000,0x000000a312200000) (1024K)]
  0x000002855898bf70 JavaThread "Unconstrained build operations Thread 60"        [_thread_blocked, id=12384, stack(0x000000a312200000,0x000000a312300000) (1024K)]
  0x000002855898c600 JavaThread "Unconstrained build operations Thread 61"        [_thread_blocked, id=13988, stack(0x000000a312300000,0x000000a312400000) (1024K)]
  0x000002855903a1d0 JavaThread "Unconstrained build operations Thread 62"        [_thread_blocked, id=15940, stack(0x000000a312400000,0x000000a312500000) (1024K)]
  0x000002855903a860 JavaThread "Unconstrained build operations Thread 63"        [_thread_blocked, id=7092, stack(0x000000a312500000,0x000000a312600000) (1024K)]
  0x000002855903aef0 JavaThread "Unconstrained build operations Thread 64"        [_thread_blocked, id=10944, stack(0x000000a312600000,0x000000a312700000) (1024K)]
  0x0000028559038100 JavaThread "Unconstrained build operations Thread 65"        [_thread_blocked, id=13704, stack(0x000000a312700000,0x000000a312800000) (1024K)]
  0x0000028559038e20 JavaThread "Unconstrained build operations Thread 66"        [_thread_blocked, id=13744, stack(0x000000a312800000,0x000000a312900000) (1024K)]
  0x000002855903b580 JavaThread "Unconstrained build operations Thread 67"        [_thread_blocked, id=12324, stack(0x000000a30eb00000,0x000000a30ec00000) (1024K)]
  0x0000028559038790 JavaThread "Unconstrained build operations Thread 68"        [_thread_blocked, id=13376, stack(0x000000a312900000,0x000000a312a00000) (1024K)]
  0x0000028559039b40 JavaThread "Unconstrained build operations Thread 69"        [_thread_blocked, id=8972, stack(0x000000a312a00000,0x000000a312b00000) (1024K)]
  0x00000285590394b0 JavaThread "Unconstrained build operations Thread 70"        [_thread_blocked, id=4788, stack(0x000000a312b00000,0x000000a312c00000) (1024K)]
  0x000002855933ffe0 JavaThread "Unconstrained build operations Thread 71"        [_thread_blocked, id=16012, stack(0x000000a312c00000,0x000000a312d00000) (1024K)]
  0x0000028559340d00 JavaThread "Unconstrained build operations Thread 72"        [_thread_blocked, id=8964, stack(0x000000a312d00000,0x000000a312e00000) (1024K)]
  0x0000028559340670 JavaThread "Unconstrained build operations Thread 73"        [_thread_blocked, id=12088, stack(0x000000a312e00000,0x000000a312f00000) (1024K)]
  0x0000028546ef9770 JavaThread "Unconstrained build operations Thread 74"        [_thread_blocked, id=15576, stack(0x000000a313000000,0x000000a313100000) (1024K)]
  0x0000028553b6d660 JavaThread "Unconstrained build operations Thread 75"        [_thread_blocked, id=2972, stack(0x000000a313100000,0x000000a313200000) (1024K)]
  0x0000028553b6e380 JavaThread "Unconstrained build operations Thread 76"        [_thread_blocked, id=6640, stack(0x000000a313200000,0x000000a313300000) (1024K)]
  0x0000028553b6ea10 JavaThread "Unconstrained build operations Thread 77"        [_thread_blocked, id=13608, stack(0x000000a313300000,0x000000a313400000) (1024K)]
  0x0000028559341390 JavaThread "Unconstrained build operations Thread 78"        [_thread_blocked, id=9468, stack(0x000000a313400000,0x000000a313500000) (1024K)]
  0x0000028536db8650 JavaThread "Unconstrained build operations Thread 79"        [_thread_blocked, id=1708, stack(0x000000a313500000,0x000000a313600000) (1024K)]
  0x0000028536db9a00 JavaThread "Unconstrained build operations Thread 80"        [_thread_blocked, id=2860, stack(0x000000a313600000,0x000000a313700000) (1024K)]
  0x0000028558820160 JavaThread "C2 CompilerThread1"         daemon [_thread_blocked, id=10940, stack(0x000000a30cf00000,0x000000a30d000000) (1024K)]
  0x0000028558822a40 JavaThread "C2 CompilerThread2"         daemon [_thread_blocked, id=8780, stack(0x000000a312f00000,0x000000a313000000) (1024K)]
  0x00000285595d1840 JavaThread "pool-14-thread-1"                  [_thread_blocked, id=10116, stack(0x000000a313700000,0x000000a313800000) (1024K)]
  0x000002855af35d40 JavaThread "stderr"                            [_thread_in_native, id=15856, stack(0x000000a313800000,0x000000a313900000) (1024K)]
  0x000002855af34300 JavaThread "stdout"                            [_thread_in_native, id=2232, stack(0x000000a313900000,0x000000a313a00000) (1024K)]
  0x0000028558257e90 JavaThread "stderr"                            [_thread_in_native, id=12696, stack(0x000000a313a00000,0x000000a313b00000) (1024K)]
  0x0000028558258520 JavaThread "stdout"                            [_thread_in_native, id=12712, stack(0x000000a313b00000,0x000000a313c00000) (1024K)]
  0x000002855898d320 JavaThread "ForkJoinPool-1-worker-1"    daemon [_thread_blocked, id=11408, stack(0x000000a313c00000,0x000000a313d00000) (1024K)]
  0x000002855898d9b0 JavaThread "ForkJoinPool-1-worker-2"    daemon [_thread_blocked, id=1116, stack(0x000000a313d00000,0x000000a313e00000) (1024K)]
  0x0000028558258bb0 JavaThread "ForkJoinPool-1-worker-3"    daemon [_thread_blocked, id=5940, stack(0x000000a313e00000,0x000000a313f00000) (1024K)]
  0x0000028541119890 JavaThread "ForkJoinPool-1-worker-4"    daemon [_thread_blocked, id=9440, stack(0x000000a313f00000,0x000000a314000000) (1024K)]
  0x000002854acaba20 JavaThread "ForkJoinPool-1-worker-5"    daemon [_thread_blocked, id=5952, stack(0x000000a314000000,0x000000a314100000) (1024K)]
  0x00000285580e8c50 JavaThread "ForkJoinPool-1-worker-6"    daemon [_thread_blocked, id=14600, stack(0x000000a314100000,0x000000a314200000) (1024K)]
  0x0000028562062e90 JavaThread "ForkJoinPool-1-worker-7"    daemon [_thread_blocked, id=1112, stack(0x000000a314200000,0x000000a314300000) (1024K)]
  0x000002855af39850 JavaThread "ForkJoinPool-1-worker-8"    daemon [_thread_blocked, id=12252, stack(0x000000a314300000,0x000000a314400000) (1024K)]
Total: 155

Other Threads:
  0x0000028536b644d0 VMThread "VM Thread"                           [id=2272, stack(0x000000a30a300000,0x000000a30a400000) (1024K)]
  0x00000285369a3570 WatcherThread "VM Periodic Task Thread"        [id=16048, stack(0x000000a30a200000,0x000000a30a300000) (1024K)]
  0x000002851f326df0 WorkerThread "GC Thread#0"                     [id=3288, stack(0x000000a309d00000,0x000000a309e00000) (1024K)]
  0x000002853b226600 WorkerThread "GC Thread#1"                     [id=16032, stack(0x000000a30b000000,0x000000a30b100000) (1024K)]
  0x000002853b8f68c0 WorkerThread "GC Thread#2"                     [id=16144, stack(0x000000a30b100000,0x000000a30b200000) (1024K)]
=>0x000002853b5ed8a0 WorkerThread "GC Thread#3"                     [id=15220, stack(0x000000a30b200000,0x000000a30b300000) (1024K)]
  0x000002853b5edc40 WorkerThread "GC Thread#4"                     [id=10056, stack(0x000000a30b300000,0x000000a30b400000) (1024K)]
  0x000002853ca89bd0 WorkerThread "GC Thread#5"                     [id=15864, stack(0x000000a30b400000,0x000000a30b500000) (1024K)]
  0x000002853ca89f70 WorkerThread "GC Thread#6"                     [id=16380, stack(0x000000a30b500000,0x000000a30b600000) (1024K)]
  0x000002853ca88d50 WorkerThread "GC Thread#7"                     [id=6876, stack(0x000000a30c000000,0x000000a30c100000) (1024K)]
  0x000002851f337e50 ConcurrentGCThread "G1 Main Marker"            [id=8784, stack(0x000000a309e00000,0x000000a309f00000) (1024K)]
  0x000002851f339000 WorkerThread "G1 Conc#0"                       [id=12736, stack(0x000000a309f00000,0x000000a30a000000) (1024K)]
  0x000002853ca890f0 WorkerThread "G1 Conc#1"                       [id=11152, stack(0x000000a30c100000,0x000000a30c200000) (1024K)]
  0x0000028536873610 ConcurrentGCThread "G1 Refine#0"               [id=10144, stack(0x000000a30a000000,0x000000a30a100000) (1024K)]
  0x00000285368750a0 ConcurrentGCThread "G1 Service"                [id=5536, stack(0x000000a30a100000,0x000000a30a200000) (1024K)]
Total: 15

Threads with active compile tasks:
C2 CompilerThread0  5670307 56940       4       com.android.tools.r8.graph.W0$a::a (27 bytes)
C2 CompilerThread1  5670307 56917   !   4       com.android.tools.r8.internal.gi::b (938 bytes)
C2 CompilerThread2  5670307 57130       4       com.android.tools.r8.dex.k::a (131 bytes)
Total: 3

VM state: at safepoint (normal execution)

VM Mutex/Monitor currently owned by a thread:  ([mutex/lock_event])
[0x00007ffa88944bf8] FreeList_lock - owner thread: 0x000002853b5ed8a0
[0x00007ffa889472f8] Threads_lock - owner thread: 0x0000028536b644d0
[0x00007ffa889473f8] Heap_lock - owner thread: 0x00000285517baca0

Heap address: 0x0000000080000000, size: 2048 MB, Compressed Oops mode: 32-bit

CDS archive(s) not mapped
Compressed class space mapped at: 0x0000000100000000-0x0000000140000000, reserved size: 1073741824
Narrow klass base: 0x0000000000000000, Narrow klass shift: 3, Narrow klass range: 0x140000000

GC Precious Log:
 CardTable entry size: 512
 Card Set container configuration: InlinePtr #cards 5 size 8 Array Of Cards #cards 12 size 40 Howl #buckets 4 coarsen threshold 1843 Howl Bitmap #cards 512 size 80 coarsen threshold 460 Card regions per heap region 1 cards per card region 2048
 CPUs: 8 total, 8 available
 Memory: 14284M
 Large Page Support: Disabled
 NUMA Support: Disabled
 Compressed Oops: Enabled (32-bit)
 Heap Region Size: 1M
 Heap Min Capacity: 8M
 Heap Initial Capacity: 224M
 Heap Max Capacity: 2G
 Pre-touch: Disabled
 Parallel Workers: 8
 Concurrent Workers: 2
 Concurrent Refinement Workers: 8
 Periodic GC: Disabled

Heap:
 garbage-first heap   total 1140736K, used 1081270K [0x0000000080000000, 0x0000000100000000)
  region size 1024K, 692 young (708608K), 55 survivors (56320K)
 Metaspace       used 308636K, committed 310272K, reserved 1376256K
  class space    used 38908K, committed 39680K, reserved 1048576K

Heap Regions: E=young(eden), S=young(survivor), O=old, HS=humongous(starts), HC=humongous(continues), CS=collection set, F=free, TAMS=top-at-mark-start, PB=parsable bottom
|   0|0x0000000080000000, 0x0000000080100000, 0x0000000080100000|100%| O|  |TAMS 0x0000000080000000| PB 0x0000000080000000| Untracked 
|   1|0x0000000080100000, 0x0000000080200000, 0x0000000080200000|100%| O|  |TAMS 0x0000000080100000| PB 0x0000000080100000| Untracked 
|   2|0x0000000080200000, 0x0000000080300000, 0x0000000080300000|100%| O|  |TAMS 0x0000000080200000| PB 0x0000000080200000| Untracked 
|   3|0x0000000080300000, 0x0000000080400000, 0x0000000080400000|100%|HS|  |TAMS 0x0000000080300000| PB 0x0000000080300000| Complete 
|   4|0x0000000080400000, 0x0000000080500000, 0x0000000080500000|100%|HC|  |TAMS 0x0000000080400000| PB 0x0000000080400000| Complete 
|   5|0x0000000080500000, 0x0000000080600000, 0x0000000080600000|100%|HC|  |TAMS 0x0000000080500000| PB 0x0000000080500000| Complete 
|   6|0x0000000080600000, 0x0000000080700000, 0x0000000080700000|100%|HC|  |TAMS 0x0000000080600000| PB 0x0000000080600000| Complete 
|   7|0x0000000080700000, 0x0000000080800000, 0x0000000080800000|100%|HS|  |TAMS 0x0000000080700000| PB 0x0000000080700000| Complete 
|   8|0x0000000080800000, 0x0000000080900000, 0x0000000080900000|100%| O|  |TAMS 0x0000000080800000| PB 0x0000000080800000| Untracked 
|   9|0x0000000080900000, 0x0000000080a00000, 0x0000000080a00000|100%| O|  |TAMS 0x0000000080900000| PB 0x0000000080900000| Untracked 
|  10|0x0000000080a00000, 0x0000000080b00000, 0x0000000080b00000|100%| O|  |TAMS 0x0000000080a00000| PB 0x0000000080a00000| Untracked 
|  11|0x0000000080b00000, 0x0000000080c00000, 0x0000000080c00000|100%| O|  |TAMS 0x0000000080b00000| PB 0x0000000080b00000| Untracked 
|  12|0x0000000080c00000, 0x0000000080d00000, 0x0000000080d00000|100%| O|  |TAMS 0x0000000080c00000| PB 0x0000000080c00000| Untracked 
|  13|0x0000000080d00000, 0x0000000080e00000, 0x0000000080e00000|100%| O|  |TAMS 0x0000000080d00000| PB 0x0000000080d00000| Untracked 
|  14|0x0000000080e00000, 0x0000000080f00000, 0x0000000080f00000|100%| O|  |TAMS 0x0000000080e00000| PB 0x0000000080e00000| Untracked 
|  15|0x0000000080f00000, 0x0000000081000000, 0x0000000081000000|100%| O|  |TAMS 0x0000000080f00000| PB 0x0000000080f00000| Untracked 
|  16|0x0000000081000000, 0x0000000081100000, 0x0000000081100000|100%| O|  |TAMS 0x0000000081000000| PB 0x0000000081000000| Untracked 
|  17|0x0000000081100000, 0x0000000081200000, 0x0000000081200000|100%| O|  |TAMS 0x0000000081100000| PB 0x0000000081100000| Untracked 
|  18|0x0000000081200000, 0x0000000081300000, 0x0000000081300000|100%| O|  |TAMS 0x0000000081200000| PB 0x0000000081200000| Untracked 
|  19|0x0000000081300000, 0x0000000081400000, 0x0000000081400000|100%| O|  |TAMS 0x0000000081300000| PB 0x0000000081300000| Untracked 
|  20|0x0000000081400000, 0x0000000081500000, 0x0000000081500000|100%| O|  |TAMS 0x0000000081400000| PB 0x0000000081400000| Untracked 
|  21|0x0000000081500000, 0x0000000081600000, 0x0000000081600000|100%| O|  |TAMS 0x0000000081500000| PB 0x0000000081500000| Untracked 
|  22|0x0000000081600000, 0x0000000081700000, 0x0000000081700000|100%| O|  |TAMS 0x0000000081600000| PB 0x0000000081600000| Untracked 
|  23|0x0000000081700000, 0x0000000081800000, 0x0000000081800000|100%| O|  |TAMS 0x0000000081700000| PB 0x0000000081700000| Untracked 
|  24|0x0000000081800000, 0x0000000081900000, 0x0000000081900000|100%| O|  |TAMS 0x0000000081800000| PB 0x0000000081800000| Untracked 
|  25|0x0000000081900000, 0x0000000081a00000, 0x0000000081a00000|100%| O|  |TAMS 0x0000000081900000| PB 0x0000000081900000| Untracked 
|  26|0x0000000081a00000, 0x0000000081b00000, 0x0000000081b00000|100%| O|  |TAMS 0x0000000081a00000| PB 0x0000000081a00000| Untracked 
|  27|0x0000000081b00000, 0x0000000081c00000, 0x0000000081c00000|100%| O|  |TAMS 0x0000000081b00000| PB 0x0000000081b00000| Untracked 
|  28|0x0000000081c00000, 0x0000000081d00000, 0x0000000081d00000|100%| O|  |TAMS 0x0000000081c00000| PB 0x0000000081c00000| Untracked 
|  29|0x0000000081d00000, 0x0000000081e00000, 0x0000000081e00000|100%| O|  |TAMS 0x0000000081d00000| PB 0x0000000081d00000| Untracked 
|  30|0x0000000081e00000, 0x0000000081f00000, 0x0000000081f00000|100%| O|  |TAMS 0x0000000081e00000| PB 0x0000000081e00000| Untracked 
|  31|0x0000000081f00000, 0x0000000082000000, 0x0000000082000000|100%| O|  |TAMS 0x0000000081f00000| PB 0x0000000081f00000| Untracked 
|  32|0x0000000082000000, 0x0000000082100000, 0x0000000082100000|100%| O|  |TAMS 0x0000000082000000| PB 0x0000000082000000| Untracked 
|  33|0x0000000082100000, 0x0000000082200000, 0x0000000082200000|100%| O|  |TAMS 0x0000000082100000| PB 0x0000000082100000| Untracked 
|  34|0x0000000082200000, 0x0000000082300000, 0x0000000082300000|100%| O|  |TAMS 0x0000000082200000| PB 0x0000000082200000| Untracked 
|  35|0x0000000082300000, 0x0000000082400000, 0x0000000082400000|100%| O|  |TAMS 0x0000000082300000| PB 0x0000000082300000| Untracked 
|  36|0x0000000082400000, 0x0000000082500000, 0x0000000082500000|100%| O|CS|TAMS 0x0000000082400000| PB 0x0000000082400000| Complete 
|  37|0x0000000082500000, 0x0000000082600000, 0x0000000082600000|100%| O|  |TAMS 0x0000000082500000| PB 0x0000000082500000| Untracked 
|  38|0x0000000082600000, 0x0000000082700000, 0x0000000082700000|100%| O|  |TAMS 0x0000000082600000| PB 0x0000000082600000| Untracked 
|  39|0x0000000082700000, 0x0000000082800000, 0x0000000082800000|100%| O|  |TAMS 0x0000000082700000| PB 0x0000000082700000| Untracked 
|  40|0x0000000082800000, 0x0000000082900000, 0x0000000082900000|100%| O|  |TAMS 0x0000000082800000| PB 0x0000000082800000| Untracked 
|  41|0x0000000082900000, 0x0000000082a00000, 0x0000000082a00000|100%| O|  |TAMS 0x0000000082900000| PB 0x0000000082900000| Untracked 
|  42|0x0000000082a00000, 0x0000000082b00000, 0x0000000082b00000|100%| O|  |TAMS 0x0000000082a00000| PB 0x0000000082a00000| Untracked 
|  43|0x0000000082b00000, 0x0000000082c00000, 0x0000000082c00000|100%| O|  |TAMS 0x0000000082b00000| PB 0x0000000082b00000| Untracked 
|  44|0x0000000082c00000, 0x0000000082d00000, 0x0000000082d00000|100%| O|  |TAMS 0x0000000082c00000| PB 0x0000000082c00000| Untracked 
|  45|0x0000000082d00000, 0x0000000082e00000, 0x0000000082e00000|100%| O|  |TAMS 0x0000000082d00000| PB 0x0000000082d00000| Untracked 
|  46|0x0000000082e00000, 0x0000000082f00000, 0x0000000082f00000|100%| O|  |TAMS 0x0000000082e00000| PB 0x0000000082e00000| Untracked 
|  47|0x0000000082f00000, 0x0000000083000000, 0x0000000083000000|100%|HS|  |TAMS 0x0000000082f00000| PB 0x0000000082f00000| Complete 
|  48|0x0000000083000000, 0x0000000083100000, 0x0000000083100000|100%| O|  |TAMS 0x0000000083000000| PB 0x0000000083000000| Untracked 
|  49|0x0000000083100000, 0x0000000083200000, 0x0000000083200000|100%| O|  |TAMS 0x0000000083100000| PB 0x0000000083100000| Untracked 
|  50|0x0000000083200000, 0x0000000083300000, 0x0000000083300000|100%| O|  |TAMS 0x0000000083200000| PB 0x0000000083200000| Untracked 
|  51|0x0000000083300000, 0x0000000083400000, 0x0000000083400000|100%| O|  |TAMS 0x0000000083300000| PB 0x0000000083300000| Untracked 
|  52|0x0000000083400000, 0x0000000083500000, 0x0000000083500000|100%| O|  |TAMS 0x0000000083400000| PB 0x0000000083400000| Untracked 
|  53|0x0000000083500000, 0x0000000083600000, 0x0000000083600000|100%| O|  |TAMS 0x0000000083500000| PB 0x0000000083500000| Untracked 
|  54|0x0000000083600000, 0x0000000083700000, 0x0000000083700000|100%| O|  |TAMS 0x0000000083600000| PB 0x0000000083600000| Untracked 
|  55|0x0000000083700000, 0x0000000083800000, 0x0000000083800000|100%| O|  |TAMS 0x0000000083700000| PB 0x0000000083700000| Untracked 
|  56|0x0000000083800000, 0x0000000083900000, 0x0000000083900000|100%| O|  |TAMS 0x0000000083800000| PB 0x0000000083800000| Untracked 
|  57|0x0000000083900000, 0x0000000083a00000, 0x0000000083a00000|100%| O|  |TAMS 0x0000000083900000| PB 0x0000000083900000| Untracked 
|  58|0x0000000083a00000, 0x0000000083b00000, 0x0000000083b00000|100%|HS|  |TAMS 0x0000000083a00000| PB 0x0000000083a00000| Complete 
|  59|0x0000000083b00000, 0x0000000083c00000, 0x0000000083c00000|100%| O|  |TAMS 0x0000000083b00000| PB 0x0000000083b00000| Untracked 
|  60|0x0000000083c00000, 0x0000000083d00000, 0x0000000083d00000|100%|HS|  |TAMS 0x0000000083c00000| PB 0x0000000083c00000| Complete 
|  61|0x0000000083d00000, 0x0000000083e00000, 0x0000000083e00000|100%|HS|  |TAMS 0x0000000083d00000| PB 0x0000000083d00000| Complete 
|  62|0x0000000083e00000, 0x0000000083f00000, 0x0000000083f00000|100%|HC|  |TAMS 0x0000000083e00000| PB 0x0000000083e00000| Complete 
|  63|0x0000000083f00000, 0x0000000084000000, 0x0000000084000000|100%|HS|  |TAMS 0x0000000083f00000| PB 0x0000000083f00000| Complete 
|  64|0x0000000084000000, 0x0000000084100000, 0x0000000084100000|100%|HC|  |TAMS 0x0000000084000000| PB 0x0000000084000000| Complete 
|  65|0x0000000084100000, 0x0000000084200000, 0x0000000084200000|100%|HS|  |TAMS 0x0000000084100000| PB 0x0000000084100000| Complete 
|  66|0x0000000084200000, 0x0000000084300000, 0x0000000084300000|100%|HS|  |TAMS 0x0000000084200000| PB 0x0000000084200000| Complete 
|  67|0x0000000084300000, 0x0000000084400000, 0x0000000084400000|100%|HC|  |TAMS 0x0000000084300000| PB 0x0000000084300000| Complete 
|  68|0x0000000084400000, 0x0000000084500000, 0x0000000084500000|100%|HC|  |TAMS 0x0000000084400000| PB 0x0000000084400000| Complete 
|  69|0x0000000084500000, 0x0000000084600000, 0x0000000084600000|100%|HC|  |TAMS 0x0000000084500000| PB 0x0000000084500000| Complete 
|  70|0x0000000084600000, 0x0000000084700000, 0x0000000084700000|100%|HS|  |TAMS 0x0000000084600000| PB 0x0000000084600000| Complete 
|  71|0x0000000084700000, 0x0000000084800000, 0x0000000084800000|100%| O|  |TAMS 0x0000000084700000| PB 0x0000000084700000| Untracked 
|  72|0x0000000084800000, 0x0000000084900000, 0x0000000084900000|100%|HS|  |TAMS 0x0000000084800000| PB 0x0000000084800000| Complete 
|  73|0x0000000084900000, 0x0000000084a00000, 0x0000000084a00000|100%|HS|  |TAMS 0x0000000084900000| PB 0x0000000084900000| Complete 
|  74|0x0000000084a00000, 0x0000000084b00000, 0x0000000084b00000|100%| O|  |TAMS 0x0000000084a00000| PB 0x0000000084a00000| Untracked 
|  75|0x0000000084b00000, 0x0000000084c00000, 0x0000000084c00000|100%| O|  |TAMS 0x0000000084b00000| PB 0x0000000084b00000| Untracked 
|  76|0x0000000084c00000, 0x0000000084d00000, 0x0000000084d00000|100%| O|  |TAMS 0x0000000084c00000| PB 0x0000000084c00000| Untracked 
|  77|0x0000000084d00000, 0x0000000084e00000, 0x0000000084e00000|100%| O|  |TAMS 0x0000000084d00000| PB 0x0000000084d00000| Untracked 
|  78|0x0000000084e00000, 0x0000000084f00000, 0x0000000084f00000|100%| O|  |TAMS 0x0000000084e00000| PB 0x0000000084e00000| Untracked 
|  79|0x0000000084f00000, 0x0000000085000000, 0x0000000085000000|100%| O|  |TAMS 0x0000000084f00000| PB 0x0000000084f00000| Untracked 
|  80|0x0000000085000000, 0x0000000085100000, 0x0000000085100000|100%| O|  |TAMS 0x0000000085000000| PB 0x0000000085000000| Untracked 
|  81|0x0000000085100000, 0x0000000085200000, 0x0000000085200000|100%| O|  |TAMS 0x0000000085100000| PB 0x0000000085100000| Untracked 
|  82|0x0000000085200000, 0x0000000085300000, 0x0000000085300000|100%| O|  |TAMS 0x0000000085200000| PB 0x0000000085200000| Untracked 
|  83|0x0000000085300000, 0x0000000085400000, 0x0000000085400000|100%|HS|  |TAMS 0x0000000085300000| PB 0x0000000085300000| Complete 
|  84|0x0000000085400000, 0x0000000085500000, 0x0000000085500000|100%| O|  |TAMS 0x0000000085400000| PB 0x0000000085400000| Untracked 
|  85|0x0000000085500000, 0x0000000085600000, 0x0000000085600000|100%| O|  |TAMS 0x0000000085500000| PB 0x0000000085500000| Untracked 
|  86|0x0000000085600000, 0x0000000085700000, 0x0000000085700000|100%| O|  |TAMS 0x0000000085600000| PB 0x0000000085600000| Untracked 
|  87|0x0000000085700000, 0x0000000085800000, 0x0000000085800000|100%| O|  |TAMS 0x0000000085700000| PB 0x0000000085700000| Untracked 
|  88|0x0000000085800000, 0x0000000085900000, 0x0000000085900000|100%| O|  |TAMS 0x0000000085800000| PB 0x0000000085800000| Untracked 
|  89|0x0000000085900000, 0x0000000085a00000, 0x0000000085a00000|100%|HS|  |TAMS 0x0000000085900000| PB 0x0000000085900000| Complete 
|  90|0x0000000085a00000, 0x0000000085b00000, 0x0000000085b00000|100%|HC|  |TAMS 0x0000000085a00000| PB 0x0000000085a00000| Complete 
|  91|0x0000000085b00000, 0x0000000085c00000, 0x0000000085c00000|100%|HC|  |TAMS 0x0000000085b00000| PB 0x0000000085b00000| Complete 
|  92|0x0000000085c00000, 0x0000000085d00000, 0x0000000085d00000|100%|HC|  |TAMS 0x0000000085c00000| PB 0x0000000085c00000| Complete 
|  93|0x0000000085d00000, 0x0000000085e00000, 0x0000000085e00000|100%| O|  |TAMS 0x0000000085d00000| PB 0x0000000085d00000| Untracked 
|  94|0x0000000085e00000, 0x0000000085f00000, 0x0000000085f00000|100%| O|  |TAMS 0x0000000085e00000| PB 0x0000000085e00000| Untracked 
|  95|0x0000000085f00000, 0x0000000086000000, 0x0000000086000000|100%| O|  |TAMS 0x0000000085f00000| PB 0x0000000085f00000| Untracked 
|  96|0x0000000086000000, 0x0000000086100000, 0x0000000086100000|100%| O|  |TAMS 0x0000000086000000| PB 0x0000000086000000| Untracked 
|  97|0x0000000086100000, 0x0000000086200000, 0x0000000086200000|100%| O|  |TAMS 0x0000000086100000| PB 0x0000000086100000| Untracked 
|  98|0x0000000086200000, 0x0000000086300000, 0x0000000086300000|100%| O|  |TAMS 0x0000000086200000| PB 0x0000000086200000| Untracked 
|  99|0x0000000086300000, 0x0000000086400000, 0x0000000086400000|100%| O|  |TAMS 0x0000000086300000| PB 0x0000000086300000| Untracked 
| 100|0x0000000086400000, 0x0000000086500000, 0x0000000086500000|100%| O|  |TAMS 0x0000000086400000| PB 0x0000000086400000| Untracked 
| 101|0x0000000086500000, 0x0000000086600000, 0x0000000086600000|100%| O|  |TAMS 0x0000000086500000| PB 0x0000000086500000| Untracked 
| 102|0x0000000086600000, 0x0000000086700000, 0x0000000086700000|100%| O|  |TAMS 0x0000000086600000| PB 0x0000000086600000| Untracked 
| 103|0x0000000086700000, 0x0000000086800000, 0x0000000086800000|100%|HS|  |TAMS 0x0000000086700000| PB 0x0000000086700000| Complete 
| 104|0x0000000086800000, 0x0000000086900000, 0x0000000086900000|100%|HC|  |TAMS 0x0000000086800000| PB 0x0000000086800000| Complete 
| 105|0x0000000086900000, 0x0000000086a00000, 0x0000000086a00000|100%|HC|  |TAMS 0x0000000086900000| PB 0x0000000086900000| Complete 
| 106|0x0000000086a00000, 0x0000000086b00000, 0x0000000086b00000|100%|HC|  |TAMS 0x0000000086a00000| PB 0x0000000086a00000| Complete 
| 107|0x0000000086b00000, 0x0000000086c00000, 0x0000000086c00000|100%|HC|  |TAMS 0x0000000086b00000| PB 0x0000000086b00000| Complete 
| 108|0x0000000086c00000, 0x0000000086d00000, 0x0000000086d00000|100%|HC|  |TAMS 0x0000000086c00000| PB 0x0000000086c00000| Complete 
| 109|0x0000000086d00000, 0x0000000086e00000, 0x0000000086e00000|100%|HS|  |TAMS 0x0000000086d00000| PB 0x0000000086d00000| Complete 
| 110|0x0000000086e00000, 0x0000000086f00000, 0x0000000086f00000|100%|HC|  |TAMS 0x0000000086e00000| PB 0x0000000086e00000| Complete 
| 111|0x0000000086f00000, 0x0000000087000000, 0x0000000087000000|100%|HC|  |TAMS 0x0000000086f00000| PB 0x0000000086f00000| Complete 
| 112|0x0000000087000000, 0x0000000087100000, 0x0000000087100000|100%|HS|  |TAMS 0x0000000087000000| PB 0x0000000087000000| Complete 
| 113|0x0000000087100000, 0x0000000087200000, 0x0000000087200000|100%| O|  |TAMS 0x0000000087100000| PB 0x0000000087100000| Untracked 
| 114|0x0000000087200000, 0x0000000087300000, 0x0000000087300000|100%| O|  |TAMS 0x0000000087200000| PB 0x0000000087200000| Untracked 
| 115|0x0000000087300000, 0x0000000087400000, 0x0000000087400000|100%| O|  |TAMS 0x0000000087300000| PB 0x0000000087300000| Untracked 
| 116|0x0000000087400000, 0x0000000087500000, 0x0000000087500000|100%| O|  |TAMS 0x0000000087400000| PB 0x0000000087400000| Untracked 
| 117|0x0000000087500000, 0x0000000087600000, 0x0000000087600000|100%| O|  |TAMS 0x0000000087500000| PB 0x0000000087500000| Untracked 
| 118|0x0000000087600000, 0x0000000087700000, 0x0000000087700000|100%|HS|  |TAMS 0x0000000087600000| PB 0x0000000087600000| Complete 
| 119|0x0000000087700000, 0x0000000087800000, 0x0000000087800000|100%|HC|  |TAMS 0x0000000087700000| PB 0x0000000087700000| Complete 
| 120|0x0000000087800000, 0x0000000087900000, 0x0000000087900000|100%|HS|  |TAMS 0x0000000087800000| PB 0x0000000087800000| Complete 
| 121|0x0000000087900000, 0x0000000087a00000, 0x0000000087a00000|100%|HC|  |TAMS 0x0000000087900000| PB 0x0000000087900000| Complete 
| 122|0x0000000087a00000, 0x0000000087b00000, 0x0000000087b00000|100%|HS|  |TAMS 0x0000000087a00000| PB 0x0000000087a00000| Complete 
| 123|0x0000000087b00000, 0x0000000087c00000, 0x0000000087c00000|100%|HC|  |TAMS 0x0000000087b00000| PB 0x0000000087b00000| Complete 
| 124|0x0000000087c00000, 0x0000000087d00000, 0x0000000087d00000|100%|HC|  |TAMS 0x0000000087c00000| PB 0x0000000087c00000| Complete 
| 125|0x0000000087d00000, 0x0000000087e00000, 0x0000000087e00000|100%|HC|  |TAMS 0x0000000087d00000| PB 0x0000000087d00000| Complete 
| 126|0x0000000087e00000, 0x0000000087f00000, 0x0000000087f00000|100%|HC|  |TAMS 0x0000000087e00000| PB 0x0000000087e00000| Complete 
| 127|0x0000000087f00000, 0x0000000088000000, 0x0000000088000000|100%|HC|  |TAMS 0x0000000087f00000| PB 0x0000000087f00000| Complete 
| 128|0x0000000088000000, 0x0000000088100000, 0x0000000088100000|100%|HS|  |TAMS 0x0000000088000000| PB 0x0000000088000000| Complete 
| 129|0x0000000088100000, 0x0000000088200000, 0x0000000088200000|100%|HC|  |TAMS 0x0000000088100000| PB 0x0000000088100000| Complete 
| 130|0x0000000088200000, 0x0000000088300000, 0x0000000088300000|100%|HC|  |TAMS 0x0000000088200000| PB 0x0000000088200000| Complete 
| 131|0x0000000088300000, 0x0000000088400000, 0x0000000088400000|100%|HC|  |TAMS 0x0000000088300000| PB 0x0000000088300000| Complete 
| 132|0x0000000088400000, 0x0000000088500000, 0x0000000088500000|100%|HC|  |TAMS 0x0000000088400000| PB 0x0000000088400000| Complete 
| 133|0x0000000088500000, 0x0000000088600000, 0x0000000088600000|100%|HC|  |TAMS 0x0000000088500000| PB 0x0000000088500000| Complete 
| 134|0x0000000088600000, 0x0000000088700000, 0x0000000088700000|100%| O|  |TAMS 0x0000000088600000| PB 0x0000000088600000| Untracked 
| 135|0x0000000088700000, 0x0000000088800000, 0x0000000088800000|100%| O|  |TAMS 0x0000000088700000| PB 0x0000000088700000| Untracked 
| 136|0x0000000088800000, 0x0000000088900000, 0x0000000088900000|100%| O|  |TAMS 0x0000000088800000| PB 0x0000000088800000| Untracked 
| 137|0x0000000088900000, 0x0000000088a00000, 0x0000000088a00000|100%| O|  |TAMS 0x0000000088900000| PB 0x0000000088900000| Untracked 
| 138|0x0000000088a00000, 0x0000000088b00000, 0x0000000088b00000|100%| O|  |TAMS 0x0000000088a00000| PB 0x0000000088a00000| Untracked 
| 139|0x0000000088b00000, 0x0000000088c00000, 0x0000000088c00000|100%| O|  |TAMS 0x0000000088b00000| PB 0x0000000088b00000| Untracked 
| 140|0x0000000088c00000, 0x0000000088d00000, 0x0000000088d00000|100%| O|  |TAMS 0x0000000088c00000| PB 0x0000000088c00000| Untracked 
| 141|0x0000000088d00000, 0x0000000088e00000, 0x0000000088e00000|100%| O|  |TAMS 0x0000000088d00000| PB 0x0000000088d00000| Untracked 
| 142|0x0000000088e00000, 0x0000000088f00000, 0x0000000088f00000|100%| O|  |TAMS 0x0000000088e00000| PB 0x0000000088e00000| Untracked 
| 143|0x0000000088f00000, 0x0000000089000000, 0x0000000089000000|100%| O|  |TAMS 0x0000000088f00000| PB 0x0000000088f00000| Untracked 
| 144|0x0000000089000000, 0x0000000089100000, 0x0000000089100000|100%| O|  |TAMS 0x0000000089000000| PB 0x0000000089000000| Untracked 
| 145|0x0000000089100000, 0x0000000089200000, 0x0000000089200000|100%| O|  |TAMS 0x0000000089100000| PB 0x0000000089100000| Untracked 
| 146|0x0000000089200000, 0x0000000089300000, 0x0000000089300000|100%| O|  |TAMS 0x0000000089200000| PB 0x0000000089200000| Untracked 
| 147|0x0000000089300000, 0x0000000089400000, 0x0000000089400000|100%| O|  |TAMS 0x0000000089300000| PB 0x0000000089300000| Untracked 
| 148|0x0000000089400000, 0x0000000089500000, 0x0000000089500000|100%| O|  |TAMS 0x0000000089400000| PB 0x0000000089400000| Untracked 
| 149|0x0000000089500000, 0x0000000089600000, 0x0000000089600000|100%| O|  |TAMS 0x0000000089500000| PB 0x0000000089500000| Untracked 
| 150|0x0000000089600000, 0x0000000089700000, 0x0000000089700000|100%| O|  |TAMS 0x0000000089600000| PB 0x0000000089600000| Untracked 
| 151|0x0000000089700000, 0x0000000089800000, 0x0000000089800000|100%| O|  |TAMS 0x0000000089700000| PB 0x0000000089700000| Untracked 
| 152|0x0000000089800000, 0x0000000089900000, 0x0000000089900000|100%| O|  |TAMS 0x0000000089800000| PB 0x0000000089800000| Untracked 
| 153|0x0000000089900000, 0x0000000089a00000, 0x0000000089a00000|100%| O|  |TAMS 0x0000000089900000| PB 0x0000000089900000| Untracked 
| 154|0x0000000089a00000, 0x0000000089b00000, 0x0000000089b00000|100%| O|  |TAMS 0x0000000089a00000| PB 0x0000000089a00000| Untracked 
| 155|0x0000000089b00000, 0x0000000089c00000, 0x0000000089c00000|100%| O|  |TAMS 0x0000000089b00000| PB 0x0000000089b00000| Untracked 
| 156|0x0000000089c00000, 0x0000000089d00000, 0x0000000089d00000|100%| O|  |TAMS 0x0000000089c00000| PB 0x0000000089c00000| Untracked 
| 157|0x0000000089d00000, 0x0000000089e00000, 0x0000000089e00000|100%| O|  |TAMS 0x0000000089d00000| PB 0x0000000089d00000| Untracked 
| 158|0x0000000089e00000, 0x0000000089f00000, 0x0000000089f00000|100%| O|  |TAMS 0x0000000089e00000| PB 0x0000000089e00000| Untracked 
| 159|0x0000000089f00000, 0x000000008a000000, 0x000000008a000000|100%| O|  |TAMS 0x0000000089f00000| PB 0x0000000089f00000| Untracked 
| 160|0x000000008a000000, 0x000000008a100000, 0x000000008a100000|100%| O|  |TAMS 0x000000008a000000| PB 0x000000008a000000| Untracked 
| 161|0x000000008a100000, 0x000000008a200000, 0x000000008a200000|100%| O|  |TAMS 0x000000008a100000| PB 0x000000008a100000| Untracked 
| 162|0x000000008a200000, 0x000000008a300000, 0x000000008a300000|100%| O|  |TAMS 0x000000008a200000| PB 0x000000008a200000| Untracked 
| 163|0x000000008a300000, 0x000000008a400000, 0x000000008a400000|100%| O|  |TAMS 0x000000008a300000| PB 0x000000008a300000| Untracked 
| 164|0x000000008a400000, 0x000000008a500000, 0x000000008a500000|100%| O|  |TAMS 0x000000008a400000| PB 0x000000008a400000| Untracked 
| 165|0x000000008a500000, 0x000000008a600000, 0x000000008a600000|100%| O|  |TAMS 0x000000008a500000| PB 0x000000008a500000| Untracked 
| 166|0x000000008a600000, 0x000000008a700000, 0x000000008a700000|100%| O|  |TAMS 0x000000008a600000| PB 0x000000008a600000| Untracked 
| 167|0x000000008a700000, 0x000000008a800000, 0x000000008a800000|100%| O|  |TAMS 0x000000008a700000| PB 0x000000008a700000| Untracked 
| 168|0x000000008a800000, 0x000000008a900000, 0x000000008a900000|100%| O|  |TAMS 0x000000008a800000| PB 0x000000008a800000| Untracked 
| 169|0x000000008a900000, 0x000000008aa00000, 0x000000008aa00000|100%| O|  |TAMS 0x000000008a900000| PB 0x000000008a900000| Untracked 
| 170|0x000000008aa00000, 0x000000008ab00000, 0x000000008ab00000|100%| O|  |TAMS 0x000000008aa00000| PB 0x000000008aa00000| Untracked 
| 171|0x000000008ab00000, 0x000000008ac00000, 0x000000008ac00000|100%| O|  |TAMS 0x000000008ab00000| PB 0x000000008ab00000| Untracked 
| 172|0x000000008ac00000, 0x000000008ad00000, 0x000000008ad00000|100%| O|  |TAMS 0x000000008ac00000| PB 0x000000008ac00000| Untracked 
| 173|0x000000008ad00000, 0x000000008ae00000, 0x000000008ae00000|100%| O|  |TAMS 0x000000008ad00000| PB 0x000000008ad00000| Untracked 
| 174|0x000000008ae00000, 0x000000008af00000, 0x000000008af00000|100%| O|  |TAMS 0x000000008ae00000| PB 0x000000008ae00000| Untracked 
| 175|0x000000008af00000, 0x000000008b000000, 0x000000008b000000|100%| O|  |TAMS 0x000000008af00000| PB 0x000000008af00000| Untracked 
| 176|0x000000008b000000, 0x000000008b100000, 0x000000008b100000|100%| O|  |TAMS 0x000000008b000000| PB 0x000000008b000000| Untracked 
| 177|0x000000008b100000, 0x000000008b200000, 0x000000008b200000|100%| O|  |TAMS 0x000000008b100000| PB 0x000000008b100000| Untracked 
| 178|0x000000008b200000, 0x000000008b300000, 0x000000008b300000|100%| O|  |TAMS 0x000000008b200000| PB 0x000000008b200000| Untracked 
| 179|0x000000008b300000, 0x000000008b400000, 0x000000008b400000|100%| O|  |TAMS 0x000000008b300000| PB 0x000000008b300000| Untracked 
| 180|0x000000008b400000, 0x000000008b500000, 0x000000008b500000|100%| O|  |TAMS 0x000000008b400000| PB 0x000000008b400000| Untracked 
| 181|0x000000008b500000, 0x000000008b600000, 0x000000008b600000|100%| O|  |TAMS 0x000000008b500000| PB 0x000000008b500000| Untracked 
| 182|0x000000008b600000, 0x000000008b700000, 0x000000008b700000|100%| O|  |TAMS 0x000000008b600000| PB 0x000000008b600000| Untracked 
| 183|0x000000008b700000, 0x000000008b800000, 0x000000008b800000|100%| O|  |TAMS 0x000000008b700000| PB 0x000000008b700000| Untracked 
| 184|0x000000008b800000, 0x000000008b900000, 0x000000008b900000|100%| O|  |TAMS 0x000000008b800000| PB 0x000000008b800000| Untracked 
| 185|0x000000008b900000, 0x000000008ba00000, 0x000000008ba00000|100%| O|  |TAMS 0x000000008b900000| PB 0x000000008b900000| Untracked 
| 186|0x000000008ba00000, 0x000000008bb00000, 0x000000008bb00000|100%| O|  |TAMS 0x000000008ba00000| PB 0x000000008ba00000| Untracked 
| 187|0x000000008bb00000, 0x000000008bc00000, 0x000000008bc00000|100%| O|  |TAMS 0x000000008bb00000| PB 0x000000008bb00000| Untracked 
| 188|0x000000008bc00000, 0x000000008bd00000, 0x000000008bd00000|100%| O|  |TAMS 0x000000008bc00000| PB 0x000000008bc00000| Untracked 
| 189|0x000000008bd00000, 0x000000008be00000, 0x000000008be00000|100%| O|  |TAMS 0x000000008bd00000| PB 0x000000008bd00000| Untracked 
| 190|0x000000008be00000, 0x000000008bf00000, 0x000000008bf00000|100%| O|  |TAMS 0x000000008be00000| PB 0x000000008be00000| Untracked 
| 191|0x000000008bf00000, 0x000000008c000000, 0x000000008c000000|100%| O|  |TAMS 0x000000008bf00000| PB 0x000000008bf00000| Untracked 
| 192|0x000000008c000000, 0x000000008c100000, 0x000000008c100000|100%|HS|  |TAMS 0x000000008c000000| PB 0x000000008c000000| Complete 
| 193|0x000000008c100000, 0x000000008c200000, 0x000000008c200000|100%|HS|  |TAMS 0x000000008c100000| PB 0x000000008c100000| Complete 
| 194|0x000000008c200000, 0x000000008c300000, 0x000000008c300000|100%|HC|  |TAMS 0x000000008c200000| PB 0x000000008c200000| Complete 
| 195|0x000000008c300000, 0x000000008c400000, 0x000000008c400000|100%|HS|  |TAMS 0x000000008c300000| PB 0x000000008c300000| Complete 
| 196|0x000000008c400000, 0x000000008c500000, 0x000000008c500000|100%|HC|  |TAMS 0x000000008c400000| PB 0x000000008c400000| Complete 
| 197|0x000000008c500000, 0x000000008c600000, 0x000000008c600000|100%|HC|  |TAMS 0x000000008c500000| PB 0x000000008c500000| Complete 
| 198|0x000000008c600000, 0x000000008c700000, 0x000000008c700000|100%| O|  |TAMS 0x000000008c600000| PB 0x000000008c600000| Untracked 
| 199|0x000000008c700000, 0x000000008c800000, 0x000000008c800000|100%|HS|  |TAMS 0x000000008c700000| PB 0x000000008c700000| Complete 
| 200|0x000000008c800000, 0x000000008c900000, 0x000000008c900000|100%| O|  |TAMS 0x000000008c800000| PB 0x000000008c800000| Untracked 
| 201|0x000000008c900000, 0x000000008ca00000, 0x000000008ca00000|100%|HS|  |TAMS 0x000000008c900000| PB 0x000000008c900000| Complete 
| 202|0x000000008ca00000, 0x000000008cb00000, 0x000000008cb00000|100%| O|  |TAMS 0x000000008ca00000| PB 0x000000008ca00000| Untracked 
| 203|0x000000008cb00000, 0x000000008cc00000, 0x000000008cc00000|100%| O|  |TAMS 0x000000008cb00000| PB 0x000000008cb00000| Untracked 
| 204|0x000000008cc00000, 0x000000008cd00000, 0x000000008cd00000|100%| O|  |TAMS 0x000000008cc00000| PB 0x000000008cc00000| Untracked 
| 205|0x000000008cd00000, 0x000000008ce00000, 0x000000008ce00000|100%| O|  |TAMS 0x000000008cd00000| PB 0x000000008cd00000| Untracked 
| 206|0x000000008ce00000, 0x000000008cf00000, 0x000000008cf00000|100%|HS|  |TAMS 0x000000008ce00000| PB 0x000000008ce00000| Complete 
| 207|0x000000008cf00000, 0x000000008d000000, 0x000000008d000000|100%|HC|  |TAMS 0x000000008cf00000| PB 0x000000008cf00000| Complete 
| 208|0x000000008d000000, 0x000000008d100000, 0x000000008d100000|100%|HC|  |TAMS 0x000000008d000000| PB 0x000000008d000000| Complete 
| 209|0x000000008d100000, 0x000000008d200000, 0x000000008d200000|100%|HC|  |TAMS 0x000000008d100000| PB 0x000000008d100000| Complete 
| 210|0x000000008d200000, 0x000000008d300000, 0x000000008d300000|100%|HC|  |TAMS 0x000000008d200000| PB 0x000000008d200000| Complete 
| 211|0x000000008d300000, 0x000000008d400000, 0x000000008d400000|100%|HC|  |TAMS 0x000000008d300000| PB 0x000000008d300000| Complete 
| 212|0x000000008d400000, 0x000000008d500000, 0x000000008d500000|100%| O|  |TAMS 0x000000008d400000| PB 0x000000008d400000| Untracked 
| 213|0x000000008d500000, 0x000000008d600000, 0x000000008d600000|100%|HS|  |TAMS 0x000000008d500000| PB 0x000000008d500000| Complete 
| 214|0x000000008d600000, 0x000000008d700000, 0x000000008d700000|100%|HC|  |TAMS 0x000000008d600000| PB 0x000000008d600000| Complete 
| 215|0x000000008d700000, 0x000000008d800000, 0x000000008d800000|100%| O|  |TAMS 0x000000008d700000| PB 0x000000008d700000| Untracked 
| 216|0x000000008d800000, 0x000000008d900000, 0x000000008d900000|100%| O|  |TAMS 0x000000008d800000| PB 0x000000008d800000| Untracked 
| 217|0x000000008d900000, 0x000000008da00000, 0x000000008da00000|100%| O|  |TAMS 0x000000008d900000| PB 0x000000008d900000| Untracked 
| 218|0x000000008da00000, 0x000000008db00000, 0x000000008db00000|100%| O|  |TAMS 0x000000008da00000| PB 0x000000008da00000| Untracked 
| 219|0x000000008db00000, 0x000000008dc00000, 0x000000008dc00000|100%| O|  |TAMS 0x000000008db00000| PB 0x000000008db00000| Untracked 
| 220|0x000000008dc00000, 0x000000008dd00000, 0x000000008dd00000|100%| O|  |TAMS 0x000000008dc00000| PB 0x000000008dc00000| Untracked 
| 221|0x000000008dd00000, 0x000000008de00000, 0x000000008de00000|100%| O|  |TAMS 0x000000008dd00000| PB 0x000000008dd00000| Untracked 
| 222|0x000000008de00000, 0x000000008df00000, 0x000000008df00000|100%| O|  |TAMS 0x000000008de00000| PB 0x000000008de00000| Untracked 
| 223|0x000000008df00000, 0x000000008e000000, 0x000000008e000000|100%| O|  |TAMS 0x000000008df00000| PB 0x000000008df00000| Untracked 
| 224|0x000000008e000000, 0x000000008e100000, 0x000000008e100000|100%|HS|  |TAMS 0x000000008e000000| PB 0x000000008e000000| Complete 
| 225|0x000000008e100000, 0x000000008e200000, 0x000000008e200000|100%| O|  |TAMS 0x000000008e100000| PB 0x000000008e100000| Untracked 
| 226|0x000000008e200000, 0x000000008e300000, 0x000000008e300000|100%| O|  |TAMS 0x000000008e200000| PB 0x000000008e200000| Untracked 
| 227|0x000000008e300000, 0x000000008e400000, 0x000000008e400000|100%| O|  |TAMS 0x000000008e300000| PB 0x000000008e300000| Untracked 
| 228|0x000000008e400000, 0x000000008e500000, 0x000000008e500000|100%|HS|  |TAMS 0x000000008e400000| PB 0x000000008e400000| Complete 
| 229|0x000000008e500000, 0x000000008e600000, 0x000000008e600000|100%| O|  |TAMS 0x000000008e500000| PB 0x000000008e500000| Untracked 
| 230|0x000000008e600000, 0x000000008e700000, 0x000000008e700000|100%|HS|  |TAMS 0x000000008e600000| PB 0x000000008e600000| Complete 
| 231|0x000000008e700000, 0x000000008e800000, 0x000000008e800000|100%| O|  |TAMS 0x000000008e700000| PB 0x000000008e700000| Untracked 
| 232|0x000000008e800000, 0x000000008e900000, 0x000000008e900000|100%| O|  |TAMS 0x000000008e800000| PB 0x000000008e800000| Untracked 
| 233|0x000000008e900000, 0x000000008ea00000, 0x000000008ea00000|100%| O|  |TAMS 0x000000008e900000| PB 0x000000008e900000| Untracked 
| 234|0x000000008ea00000, 0x000000008eb00000, 0x000000008eb00000|100%|HS|  |TAMS 0x000000008ea00000| PB 0x000000008ea00000| Complete 
| 235|0x000000008eb00000, 0x000000008ec00000, 0x000000008ec00000|100%| O|  |TAMS 0x000000008eb00000| PB 0x000000008eb00000| Untracked 
| 236|0x000000008ec00000, 0x000000008ed00000, 0x000000008ed00000|100%| O|  |TAMS 0x000000008ec00000| PB 0x000000008ec00000| Untracked 
| 237|0x000000008ed00000, 0x000000008ee00000, 0x000000008ee00000|100%| O|  |TAMS 0x000000008ed00000| PB 0x000000008ed00000| Untracked 
| 238|0x000000008ee00000, 0x000000008ef00000, 0x000000008ef00000|100%| O|  |TAMS 0x000000008ee00000| PB 0x000000008ee00000| Untracked 
| 239|0x000000008ef00000, 0x000000008f000000, 0x000000008f000000|100%| O|  |TAMS 0x000000008ef00000| PB 0x000000008ef00000| Untracked 
| 240|0x000000008f000000, 0x000000008f100000, 0x000000008f100000|100%| O|  |TAMS 0x000000008f000000| PB 0x000000008f000000| Untracked 
| 241|0x000000008f100000, 0x000000008f200000, 0x000000008f200000|100%| O|  |TAMS 0x000000008f100000| PB 0x000000008f100000| Untracked 
| 242|0x000000008f200000, 0x000000008f300000, 0x000000008f300000|100%|HS|  |TAMS 0x000000008f200000| PB 0x000000008f200000| Complete 
| 243|0x000000008f300000, 0x000000008f400000, 0x000000008f400000|100%|HC|  |TAMS 0x000000008f300000| PB 0x000000008f300000| Complete 
| 244|0x000000008f400000, 0x000000008f500000, 0x000000008f500000|100%| O|  |TAMS 0x000000008f400000| PB 0x000000008f400000| Untracked 
| 245|0x000000008f500000, 0x000000008f600000, 0x000000008f600000|100%| O|  |TAMS 0x000000008f500000| PB 0x000000008f500000| Untracked 
| 246|0x000000008f600000, 0x000000008f700000, 0x000000008f700000|100%| O|  |TAMS 0x000000008f600000| PB 0x000000008f600000| Untracked 
| 247|0x000000008f700000, 0x000000008f800000, 0x000000008f800000|100%| O|  |TAMS 0x000000008f700000| PB 0x000000008f700000| Untracked 
| 248|0x000000008f800000, 0x000000008f900000, 0x000000008f900000|100%| O|  |TAMS 0x000000008f800000| PB 0x000000008f800000| Untracked 
| 249|0x000000008f900000, 0x000000008fa00000, 0x000000008fa00000|100%| O|  |TAMS 0x000000008f900000| PB 0x000000008f900000| Untracked 
| 250|0x000000008fa00000, 0x000000008fb00000, 0x000000008fb00000|100%| O|  |TAMS 0x000000008fa00000| PB 0x000000008fa00000| Untracked 
| 251|0x000000008fb00000, 0x000000008fc00000, 0x000000008fc00000|100%| O|  |TAMS 0x000000008fb00000| PB 0x000000008fb00000| Untracked 
| 252|0x000000008fc00000, 0x000000008fd00000, 0x000000008fd00000|100%| O|  |TAMS 0x000000008fc00000| PB 0x000000008fc00000| Untracked 
| 253|0x000000008fd00000, 0x000000008fe00000, 0x000000008fe00000|100%|HS|  |TAMS 0x000000008fd00000| PB 0x000000008fd00000| Complete 
| 254|0x000000008fe00000, 0x000000008ff00000, 0x000000008ff00000|100%| O|  |TAMS 0x000000008fe00000| PB 0x000000008fe00000| Untracked 
| 255|0x000000008ff00000, 0x0000000090000000, 0x0000000090000000|100%| O|  |TAMS 0x000000008ff00000| PB 0x000000008ff00000| Untracked 
| 256|0x0000000090000000, 0x0000000090100000, 0x0000000090100000|100%| O|  |TAMS 0x0000000090000000| PB 0x0000000090000000| Untracked 
| 257|0x0000000090100000, 0x0000000090200000, 0x0000000090200000|100%| O|  |TAMS 0x0000000090100000| PB 0x0000000090100000| Untracked 
| 258|0x0000000090200000, 0x0000000090300000, 0x0000000090300000|100%| O|  |TAMS 0x0000000090200000| PB 0x0000000090200000| Untracked 
| 259|0x0000000090300000, 0x0000000090400000, 0x0000000090400000|100%| O|CS|TAMS 0x0000000090300000| PB 0x0000000090300000| Complete 
| 260|0x0000000090400000, 0x0000000090500000, 0x0000000090500000|100%| O|CS|TAMS 0x0000000090400000| PB 0x0000000090400000| Complete 
| 261|0x0000000090500000, 0x0000000090600000, 0x0000000090600000|100%| O|  |TAMS 0x0000000090500000| PB 0x0000000090500000| Untracked 
| 262|0x0000000090600000, 0x0000000090700000, 0x0000000090700000|100%| O|CS|TAMS 0x0000000090600000| PB 0x0000000090600000| Complete 
| 263|0x0000000090700000, 0x0000000090800000, 0x0000000090800000|100%| O|CS|TAMS 0x0000000090700000| PB 0x0000000090700000| Complete 
| 264|0x0000000090800000, 0x0000000090900000, 0x0000000090900000|100%| O|CS|TAMS 0x0000000090800000| PB 0x0000000090800000| Complete 
| 265|0x0000000090900000, 0x0000000090a00000, 0x0000000090a00000|100%| O|CS|TAMS 0x0000000090900000| PB 0x0000000090900000| Complete 
| 266|0x0000000090a00000, 0x0000000090b00000, 0x0000000090b00000|100%| O|CS|TAMS 0x0000000090a00000| PB 0x0000000090a00000| Complete 
| 267|0x0000000090b00000, 0x0000000090c00000, 0x0000000090c00000|100%|HS|  |TAMS 0x0000000090b00000| PB 0x0000000090b00000| Complete 
| 268|0x0000000090c00000, 0x0000000090d00000, 0x0000000090d00000|100%| O|CS|TAMS 0x0000000090c00000| PB 0x0000000090c00000| Complete 
| 269|0x0000000090d00000, 0x0000000090e00000, 0x0000000090e00000|100%| O|  |TAMS 0x0000000090d00000| PB 0x0000000090d00000| Untracked 
| 270|0x0000000090e00000, 0x0000000090f00000, 0x0000000090f00000|100%| O|CS|TAMS 0x0000000090e00000| PB 0x0000000090e00000| Complete 
| 271|0x0000000090f00000, 0x0000000091000000, 0x0000000091000000|100%| O|CS|TAMS 0x0000000090f00000| PB 0x0000000090f00000| Complete 
| 272|0x0000000091000000, 0x0000000091100000, 0x0000000091100000|100%|HS|  |TAMS 0x0000000091000000| PB 0x0000000091000000| Complete 
| 273|0x0000000091100000, 0x0000000091200000, 0x0000000091200000|100%| O|CS|TAMS 0x0000000091100000| PB 0x0000000091100000| Complete 
| 274|0x0000000091200000, 0x0000000091300000, 0x0000000091300000|100%|HS|  |TAMS 0x0000000091200000| PB 0x0000000091200000| Complete 
| 275|0x0000000091300000, 0x0000000091400000, 0x0000000091400000|100%|HC|  |TAMS 0x0000000091300000| PB 0x0000000091300000| Complete 
| 276|0x0000000091400000, 0x0000000091500000, 0x0000000091500000|100%| O|  |TAMS 0x0000000091400000| PB 0x0000000091400000| Untracked 
| 277|0x0000000091500000, 0x0000000091600000, 0x0000000091600000|100%| O|  |TAMS 0x0000000091500000| PB 0x0000000091500000| Untracked 
| 278|0x0000000091600000, 0x0000000091700000, 0x0000000091700000|100%|HS|  |TAMS 0x0000000091600000| PB 0x0000000091600000| Complete 
| 279|0x0000000091700000, 0x0000000091800000, 0x0000000091800000|100%|HC|  |TAMS 0x0000000091700000| PB 0x0000000091700000| Complete 
| 280|0x0000000091800000, 0x0000000091900000, 0x0000000091900000|100%|HC|  |TAMS 0x0000000091800000| PB 0x0000000091800000| Complete 
| 281|0x0000000091900000, 0x0000000091a00000, 0x0000000091a00000|100%| O|  |TAMS 0x0000000091900000| PB 0x0000000091900000| Untracked 
| 282|0x0000000091a00000, 0x0000000091b00000, 0x0000000091b00000|100%| O|  |TAMS 0x0000000091a00000| PB 0x0000000091a00000| Untracked 
| 283|0x0000000091b00000, 0x0000000091c00000, 0x0000000091c00000|100%| O|  |TAMS 0x0000000091b00000| PB 0x0000000091b00000| Untracked 
| 284|0x0000000091c00000, 0x0000000091d00000, 0x0000000091d00000|100%| O|  |TAMS 0x0000000091c00000| PB 0x0000000091c00000| Untracked 
| 285|0x0000000091d00000, 0x0000000091e00000, 0x0000000091e00000|100%| O|  |TAMS 0x0000000091d00000| PB 0x0000000091d00000| Untracked 
| 286|0x0000000091e00000, 0x0000000091f00000, 0x0000000091f00000|100%| O|  |TAMS 0x0000000091e00000| PB 0x0000000091e00000| Untracked 
| 287|0x0000000091f00000, 0x0000000092000000, 0x0000000092000000|100%| O|  |TAMS 0x0000000091f00000| PB 0x0000000091f00000| Untracked 
| 288|0x0000000092000000, 0x0000000092100000, 0x0000000092100000|100%| O|  |TAMS 0x0000000092000000| PB 0x0000000092000000| Untracked 
| 289|0x0000000092100000, 0x0000000092200000, 0x0000000092200000|100%| O|  |TAMS 0x0000000092100000| PB 0x0000000092100000| Untracked 
| 290|0x0000000092200000, 0x0000000092300000, 0x0000000092300000|100%| O|  |TAMS 0x0000000092200000| PB 0x0000000092200000| Untracked 
| 291|0x0000000092300000, 0x0000000092400000, 0x0000000092400000|100%| O|  |TAMS 0x0000000092300000| PB 0x0000000092300000| Untracked 
| 292|0x0000000092400000, 0x0000000092500000, 0x0000000092500000|100%| O|  |TAMS 0x0000000092400000| PB 0x0000000092400000| Untracked 
| 293|0x0000000092500000, 0x0000000092600000, 0x0000000092600000|100%| O|  |TAMS 0x0000000092500000| PB 0x0000000092500000| Untracked 
| 294|0x0000000092600000, 0x0000000092700000, 0x0000000092700000|100%| O|  |TAMS 0x0000000092600000| PB 0x0000000092600000| Untracked 
| 295|0x0000000092700000, 0x0000000092800000, 0x0000000092800000|100%|HS|  |TAMS 0x0000000092700000| PB 0x0000000092700000| Complete 
| 296|0x0000000092800000, 0x0000000092900000, 0x0000000092900000|100%|HC|  |TAMS 0x0000000092800000| PB 0x0000000092800000| Complete 
| 297|0x0000000092900000, 0x0000000092a00000, 0x0000000092a00000|100%| O|  |TAMS 0x0000000092900000| PB 0x0000000092900000| Untracked 
| 298|0x0000000092a00000, 0x0000000092b00000, 0x0000000092b00000|100%|HS|  |TAMS 0x0000000092a00000| PB 0x0000000092a00000| Complete 
| 299|0x0000000092b00000, 0x0000000092c00000, 0x0000000092c00000|100%|HC|  |TAMS 0x0000000092b00000| PB 0x0000000092b00000| Complete 
| 300|0x0000000092c00000, 0x0000000092d00000, 0x0000000092d00000|100%|HC|  |TAMS 0x0000000092c00000| PB 0x0000000092c00000| Complete 
| 301|0x0000000092d00000, 0x0000000092e00000, 0x0000000092e00000|100%|HC|  |TAMS 0x0000000092d00000| PB 0x0000000092d00000| Complete 
| 302|0x0000000092e00000, 0x0000000092f00000, 0x0000000092f00000|100%|HC|  |TAMS 0x0000000092e00000| PB 0x0000000092e00000| Complete 
| 303|0x0000000092f00000, 0x0000000093000000, 0x0000000093000000|100%| O|CS|TAMS 0x0000000092f00000| PB 0x0000000092f00000| Complete 
| 304|0x0000000093000000, 0x0000000093100000, 0x0000000093100000|100%| O|  |TAMS 0x0000000093000000| PB 0x0000000093000000| Untracked 
| 305|0x0000000093100000, 0x0000000093200000, 0x0000000093200000|100%| O|CS|TAMS 0x0000000093100000| PB 0x0000000093100000| Complete 
| 306|0x0000000093200000, 0x0000000093300000, 0x0000000093300000|100%|HS|  |TAMS 0x0000000093200000| PB 0x0000000093200000| Complete 
| 307|0x0000000093300000, 0x0000000093400000, 0x0000000093400000|100%|HC|  |TAMS 0x0000000093300000| PB 0x0000000093300000| Complete 
| 308|0x0000000093400000, 0x0000000093500000, 0x0000000093500000|100%|HS|  |TAMS 0x0000000093400000| PB 0x0000000093400000| Complete 
| 309|0x0000000093500000, 0x0000000093600000, 0x0000000093600000|100%| O|CS|TAMS 0x0000000093500000| PB 0x0000000093500000| Complete 
| 310|0x0000000093600000, 0x0000000093700000, 0x0000000093700000|100%|HS|  |TAMS 0x0000000093600000| PB 0x0000000093600000| Complete 
| 311|0x0000000093700000, 0x0000000093800000, 0x0000000093800000|100%| O|  |TAMS 0x0000000093700000| PB 0x0000000093700000| Untracked 
| 312|0x0000000093800000, 0x0000000093900000, 0x0000000093900000|100%| O|  |TAMS 0x0000000093800000| PB 0x0000000093800000| Untracked 
| 313|0x0000000093900000, 0x0000000093a00000, 0x0000000093a00000|100%| O|CS|TAMS 0x0000000093900000| PB 0x0000000093900000| Complete 
| 314|0x0000000093a00000, 0x0000000093b00000, 0x0000000093b00000|100%| O|CS|TAMS 0x0000000093a00000| PB 0x0000000093a00000| Complete 
| 315|0x0000000093b00000, 0x0000000093c00000, 0x0000000093c00000|100%| O|  |TAMS 0x0000000093b00000| PB 0x0000000093b00000| Untracked 
| 316|0x0000000093c00000, 0x0000000093d00000, 0x0000000093d00000|100%| O|  |TAMS 0x0000000093c00000| PB 0x0000000093c00000| Untracked 
| 317|0x0000000093d00000, 0x0000000093e00000, 0x0000000093e00000|100%| O|  |TAMS 0x0000000093d00000| PB 0x0000000093d00000| Untracked 
| 318|0x0000000093e00000, 0x0000000093f00000, 0x0000000093f00000|100%| O|  |TAMS 0x0000000093e00000| PB 0x0000000093e00000| Untracked 
| 319|0x0000000093f00000, 0x0000000094000000, 0x0000000094000000|100%| O|  |TAMS 0x0000000093f00000| PB 0x0000000093f00000| Untracked 
| 320|0x0000000094000000, 0x0000000094100000, 0x0000000094100000|100%| O|  |TAMS 0x0000000094000000| PB 0x0000000094000000| Untracked 
| 321|0x0000000094100000, 0x0000000094200000, 0x0000000094200000|100%| O|  |TAMS 0x0000000094100000| PB 0x0000000094100000| Untracked 
| 322|0x0000000094200000, 0x0000000094300000, 0x0000000094300000|100%| O|  |TAMS 0x0000000094200000| PB 0x0000000094200000| Untracked 
| 323|0x0000000094300000, 0x0000000094400000, 0x0000000094400000|100%| O|  |TAMS 0x0000000094300000| PB 0x0000000094300000| Untracked 
| 324|0x0000000094400000, 0x0000000094500000, 0x0000000094500000|100%| O|  |TAMS 0x0000000094400000| PB 0x0000000094400000| Untracked 
| 325|0x0000000094500000, 0x0000000094600000, 0x0000000094600000|100%|HS|  |TAMS 0x0000000094500000| PB 0x0000000094500000| Complete 
| 326|0x0000000094600000, 0x0000000094700000, 0x0000000094700000|100%|HC|  |TAMS 0x0000000094600000| PB 0x0000000094600000| Complete 
| 327|0x0000000094700000, 0x0000000094800000, 0x0000000094800000|100%| O|  |TAMS 0x0000000094700000| PB 0x0000000094700000| Untracked 
| 328|0x0000000094800000, 0x0000000094900000, 0x0000000094900000|100%| O|  |TAMS 0x0000000094800000| PB 0x0000000094800000| Untracked 
| 329|0x0000000094900000, 0x0000000094a00000, 0x0000000094a00000|100%| O|  |TAMS 0x0000000094900000| PB 0x0000000094900000| Untracked 
| 330|0x0000000094a00000, 0x0000000094b00000, 0x0000000094b00000|100%| O|  |TAMS 0x0000000094a00000| PB 0x0000000094a00000| Untracked 
| 331|0x0000000094b00000, 0x0000000094c00000, 0x0000000094c00000|100%| O|  |TAMS 0x0000000094b00000| PB 0x0000000094b00000| Untracked 
| 332|0x0000000094c00000, 0x0000000094d00000, 0x0000000094d00000|100%| O|CS|TAMS 0x0000000094c00000| PB 0x0000000094c00000| Complete 
| 333|0x0000000094d00000, 0x0000000094e00000, 0x0000000094e00000|100%|HS|  |TAMS 0x0000000094d00000| PB 0x0000000094d00000| Complete 
| 334|0x0000000094e00000, 0x0000000094f00000, 0x0000000094f00000|100%|HC|  |TAMS 0x0000000094e00000| PB 0x0000000094e00000| Complete 
| 335|0x0000000094f00000, 0x0000000095000000, 0x0000000095000000|100%|HC|  |TAMS 0x0000000094f00000| PB 0x0000000094f00000| Complete 
| 336|0x0000000095000000, 0x0000000095100000, 0x0000000095100000|100%|HS|  |TAMS 0x0000000095000000| PB 0x0000000095000000| Complete 
| 337|0x0000000095100000, 0x0000000095200000, 0x0000000095200000|100%|HC|  |TAMS 0x0000000095100000| PB 0x0000000095100000| Complete 
| 338|0x0000000095200000, 0x0000000095300000, 0x0000000095300000|100%|HS|  |TAMS 0x0000000095200000| PB 0x0000000095200000| Complete 
| 339|0x0000000095300000, 0x0000000095400000, 0x0000000095400000|100%|HC|  |TAMS 0x0000000095300000| PB 0x0000000095300000| Complete 
| 340|0x0000000095400000, 0x0000000095500000, 0x0000000095500000|100%|HS|  |TAMS 0x0000000095400000| PB 0x0000000095400000| Complete 
| 341|0x0000000095500000, 0x0000000095600000, 0x0000000095600000|100%|HC|  |TAMS 0x0000000095500000| PB 0x0000000095500000| Complete 
| 342|0x0000000095600000, 0x0000000095700000, 0x0000000095700000|100%|HS|  |TAMS 0x0000000095600000| PB 0x0000000095600000| Complete 
| 343|0x0000000095700000, 0x0000000095800000, 0x0000000095800000|100%|HC|  |TAMS 0x0000000095700000| PB 0x0000000095700000| Complete 
| 344|0x0000000095800000, 0x0000000095900000, 0x0000000095900000|100%|HS|  |TAMS 0x0000000095800000| PB 0x0000000095800000| Complete 
| 345|0x0000000095900000, 0x0000000095a00000, 0x0000000095a00000|100%|HC|  |TAMS 0x0000000095900000| PB 0x0000000095900000| Complete 
| 346|0x0000000095a00000, 0x0000000095b00000, 0x0000000095b00000|100%|HS|  |TAMS 0x0000000095a00000| PB 0x0000000095a00000| Complete 
| 347|0x0000000095b00000, 0x0000000095c00000, 0x0000000095c00000|100%|HC|  |TAMS 0x0000000095b00000| PB 0x0000000095b00000| Complete 
| 348|0x0000000095c00000, 0x0000000095d00000, 0x0000000095d00000|100%|HS|  |TAMS 0x0000000095c00000| PB 0x0000000095c00000| Complete 
| 349|0x0000000095d00000, 0x0000000095e00000, 0x0000000095e00000|100%|HC|  |TAMS 0x0000000095d00000| PB 0x0000000095d00000| Complete 
| 350|0x0000000095e00000, 0x0000000095f00000, 0x0000000095f00000|100%|HS|  |TAMS 0x0000000095e00000| PB 0x0000000095e00000| Complete 
| 351|0x0000000095f00000, 0x0000000096000000, 0x0000000096000000|100%|HC|  |TAMS 0x0000000095f00000| PB 0x0000000095f00000| Complete 
| 352|0x0000000096000000, 0x0000000096100000, 0x0000000096100000|100%|HS|  |TAMS 0x0000000096000000| PB 0x0000000096000000| Complete 
| 353|0x0000000096100000, 0x0000000096200000, 0x0000000096200000|100%|HS|  |TAMS 0x0000000096100000| PB 0x0000000096100000| Complete 
| 354|0x0000000096200000, 0x0000000096300000, 0x0000000096300000|100%|HS|  |TAMS 0x0000000096200000| PB 0x0000000096200000| Complete 
| 355|0x0000000096300000, 0x0000000096400000, 0x0000000096400000|100%|HS|  |TAMS 0x0000000096300000| PB 0x0000000096300000| Complete 
| 356|0x0000000096400000, 0x0000000096500000, 0x0000000096500000|100%|HC|  |TAMS 0x0000000096400000| PB 0x0000000096400000| Complete 
| 357|0x0000000096500000, 0x0000000096600000, 0x0000000096600000|100%|HS|  |TAMS 0x0000000096500000| PB 0x0000000096500000| Complete 
| 358|0x0000000096600000, 0x0000000096700000, 0x0000000096700000|100%|HC|  |TAMS 0x0000000096600000| PB 0x0000000096600000| Complete 
| 359|0x0000000096700000, 0x0000000096800000, 0x0000000096800000|100%|HS|  |TAMS 0x0000000096700000| PB 0x0000000096700000| Complete 
| 360|0x0000000096800000, 0x0000000096900000, 0x0000000096900000|100%|HS|  |TAMS 0x0000000096800000| PB 0x0000000096800000| Complete 
| 361|0x0000000096900000, 0x0000000096a00000, 0x0000000096a00000|100%|HC|  |TAMS 0x0000000096900000| PB 0x0000000096900000| Complete 
| 362|0x0000000096a00000, 0x0000000096b00000, 0x0000000096b00000|100%|HS|  |TAMS 0x0000000096a00000| PB 0x0000000096a00000| Complete 
| 363|0x0000000096b00000, 0x0000000096c00000, 0x0000000096c00000|100%|HC|  |TAMS 0x0000000096b00000| PB 0x0000000096b00000| Complete 
| 364|0x0000000096c00000, 0x0000000096d00000, 0x0000000096d00000|100%|HC|  |TAMS 0x0000000096c00000| PB 0x0000000096c00000| Complete 
| 365|0x0000000096d00000, 0x0000000096e00000, 0x0000000096e00000|100%| O|  |TAMS 0x0000000096d00000| PB 0x0000000096d00000| Untracked 
| 366|0x0000000096e00000, 0x0000000096f00000, 0x0000000096f00000|100%|HS|  |TAMS 0x0000000096e00000| PB 0x0000000096e00000| Complete 
| 367|0x0000000096f00000, 0x0000000097000000, 0x0000000097000000|100%|HC|  |TAMS 0x0000000096f00000| PB 0x0000000096f00000| Complete 
| 368|0x0000000097000000, 0x0000000097100000, 0x0000000097100000|100%|HC|  |TAMS 0x0000000097000000| PB 0x0000000097000000| Complete 
| 369|0x0000000097100000, 0x0000000097200000, 0x0000000097200000|100%|HS|  |TAMS 0x0000000097100000| PB 0x0000000097100000| Complete 
| 370|0x0000000097200000, 0x0000000097300000, 0x0000000097300000|100%|HS|  |TAMS 0x0000000097200000| PB 0x0000000097200000| Complete 
| 371|0x0000000097300000, 0x0000000097400000, 0x0000000097400000|100%| O|  |TAMS 0x0000000097300000| PB 0x0000000097300000| Untracked 
| 372|0x0000000097400000, 0x0000000097500000, 0x0000000097500000|100%| O|  |TAMS 0x0000000097400000| PB 0x0000000097400000| Untracked 
| 373|0x0000000097500000, 0x0000000097600000, 0x0000000097600000|100%| O|  |TAMS 0x0000000097500000| PB 0x0000000097500000| Untracked 
| 374|0x0000000097600000, 0x0000000097700000, 0x0000000097700000|100%| O|  |TAMS 0x0000000097600000| PB 0x0000000097600000| Untracked 
| 375|0x0000000097700000, 0x0000000097800000, 0x0000000097800000|100%| S|  |TAMS 0x0000000097700000| PB 0x0000000097700000| Complete 
| 376|0x0000000097800000, 0x0000000097900000, 0x0000000097900000|100%| S|  |TAMS 0x0000000097800000| PB 0x0000000097800000| Complete 
| 377|0x0000000097900000, 0x0000000097a00000, 0x0000000097a00000|100%| S|  |TAMS 0x0000000097900000| PB 0x0000000097900000| Complete 
| 378|0x0000000097a00000, 0x0000000097b00000, 0x0000000097b00000|100%| S|  |TAMS 0x0000000097a00000| PB 0x0000000097a00000| Complete 
| 379|0x0000000097b00000, 0x0000000097c00000, 0x0000000097c00000|100%| O|  |TAMS 0x0000000097b00000| PB 0x0000000097b00000| Untracked 
| 380|0x0000000097c00000, 0x0000000097d00000, 0x0000000097d00000|100%| O|  |TAMS 0x0000000097c00000| PB 0x0000000097c00000| Untracked 
| 381|0x0000000097d00000, 0x0000000097e00000, 0x0000000097e00000|100%| S|  |TAMS 0x0000000097d00000| PB 0x0000000097d00000| Complete 
| 382|0x0000000097e00000, 0x0000000097f00000, 0x0000000097f00000|100%| S|  |TAMS 0x0000000097e00000| PB 0x0000000097e00000| Complete 
| 383|0x0000000097f00000, 0x0000000098000000, 0x0000000098000000|100%| S|  |TAMS 0x0000000097f00000| PB 0x0000000097f00000| Complete 
| 384|0x0000000098000000, 0x0000000098100000, 0x0000000098100000|100%| S|  |TAMS 0x0000000098000000| PB 0x0000000098000000| Complete 
| 385|0x0000000098100000, 0x0000000098200000, 0x0000000098200000|100%| S|  |TAMS 0x0000000098100000| PB 0x0000000098100000| Complete 
| 386|0x0000000098200000, 0x0000000098300000, 0x0000000098300000|100%| S|  |TAMS 0x0000000098200000| PB 0x0000000098200000| Complete 
| 387|0x0000000098300000, 0x0000000098400000, 0x0000000098400000|100%| S|  |TAMS 0x0000000098300000| PB 0x0000000098300000| Complete 
| 388|0x0000000098400000, 0x0000000098500000, 0x0000000098500000|100%| S|  |TAMS 0x0000000098400000| PB 0x0000000098400000| Complete 
| 389|0x0000000098500000, 0x0000000098600000, 0x0000000098600000|100%| S|  |TAMS 0x0000000098500000| PB 0x0000000098500000| Complete 
| 390|0x0000000098600000, 0x0000000098700000, 0x0000000098700000|100%| O|  |TAMS 0x0000000098600000| PB 0x0000000098600000| Untracked 
| 391|0x0000000098700000, 0x0000000098800000, 0x0000000098800000|100%| O|  |TAMS 0x0000000098700000| PB 0x0000000098700000| Untracked 
| 392|0x0000000098800000, 0x0000000098900000, 0x0000000098900000|100%| S|  |TAMS 0x0000000098800000| PB 0x0000000098800000| Complete 
| 393|0x0000000098900000, 0x0000000098a00000, 0x0000000098a00000|100%| S|  |TAMS 0x0000000098900000| PB 0x0000000098900000| Complete 
| 394|0x0000000098a00000, 0x0000000098b00000, 0x0000000098b00000|100%| S|  |TAMS 0x0000000098a00000| PB 0x0000000098a00000| Complete 
| 395|0x0000000098b00000, 0x0000000098c00000, 0x0000000098c00000|100%| S|  |TAMS 0x0000000098b00000| PB 0x0000000098b00000| Complete 
| 396|0x0000000098c00000, 0x0000000098d00000, 0x0000000098d00000|100%| S|  |TAMS 0x0000000098c00000| PB 0x0000000098c00000| Complete 
| 397|0x0000000098d00000, 0x0000000098e00000, 0x0000000098e00000|100%| S|  |TAMS 0x0000000098d00000| PB 0x0000000098d00000| Complete 
| 398|0x0000000098e00000, 0x0000000098f00000, 0x0000000098f00000|100%| E|CS|TAMS 0x0000000098e00000| PB 0x0000000098e00000| Complete 
| 399|0x0000000098f00000, 0x0000000099000000, 0x0000000099000000|100%| E|CS|TAMS 0x0000000098f00000| PB 0x0000000098f00000| Complete 
| 400|0x0000000099000000, 0x0000000099100000, 0x0000000099100000|100%| E|CS|TAMS 0x0000000099000000| PB 0x0000000099000000| Complete 
| 401|0x0000000099100000, 0x0000000099200000, 0x0000000099200000|100%| E|CS|TAMS 0x0000000099100000| PB 0x0000000099100000| Complete 
| 402|0x0000000099200000, 0x0000000099300000, 0x0000000099300000|100%| E|CS|TAMS 0x0000000099200000| PB 0x0000000099200000| Complete 
| 403|0x0000000099300000, 0x0000000099400000, 0x0000000099400000|100%| E|CS|TAMS 0x0000000099300000| PB 0x0000000099300000| Complete 
| 404|0x0000000099400000, 0x0000000099500000, 0x0000000099500000|100%| E|CS|TAMS 0x0000000099400000| PB 0x0000000099400000| Complete 
| 405|0x0000000099500000, 0x0000000099600000, 0x0000000099600000|100%| O|  |TAMS 0x0000000099500000| PB 0x0000000099500000| Untracked 
| 406|0x0000000099600000, 0x0000000099700000, 0x0000000099700000|100%| O|  |TAMS 0x0000000099600000| PB 0x0000000099600000| Untracked 
| 407|0x0000000099700000, 0x0000000099800000, 0x0000000099800000|100%| O|  |TAMS 0x0000000099700000| PB 0x0000000099700000| Untracked 
| 408|0x0000000099800000, 0x0000000099900000, 0x0000000099900000|100%| E|CS|TAMS 0x0000000099800000| PB 0x0000000099800000| Complete 
| 409|0x0000000099900000, 0x0000000099a00000, 0x0000000099a00000|100%| O|  |TAMS 0x0000000099900000| PB 0x0000000099900000| Untracked 
| 410|0x0000000099a00000, 0x0000000099b00000, 0x0000000099b00000|100%| E|CS|TAMS 0x0000000099a00000| PB 0x0000000099a00000| Complete 
| 411|0x0000000099b00000, 0x0000000099c00000, 0x0000000099c00000|100%| O|  |TAMS 0x0000000099b00000| PB 0x0000000099b00000| Untracked 
| 412|0x0000000099c00000, 0x0000000099d00000, 0x0000000099d00000|100%| E|CS|TAMS 0x0000000099c00000| PB 0x0000000099c00000| Complete 
| 413|0x0000000099d00000, 0x0000000099e00000, 0x0000000099e00000|100%| E|CS|TAMS 0x0000000099d00000| PB 0x0000000099d00000| Complete 
| 414|0x0000000099e00000, 0x0000000099f00000, 0x0000000099f00000|100%| E|CS|TAMS 0x0000000099e00000| PB 0x0000000099e00000| Complete 
| 415|0x0000000099f00000, 0x000000009a000000, 0x000000009a000000|100%| E|CS|TAMS 0x0000000099f00000| PB 0x0000000099f00000| Complete 
| 416|0x000000009a000000, 0x000000009a100000, 0x000000009a100000|100%| E|CS|TAMS 0x000000009a000000| PB 0x000000009a000000| Complete 
| 417|0x000000009a100000, 0x000000009a200000, 0x000000009a200000|100%| E|CS|TAMS 0x000000009a100000| PB 0x000000009a100000| Complete 
| 418|0x000000009a200000, 0x000000009a300000, 0x000000009a300000|100%| E|CS|TAMS 0x000000009a200000| PB 0x000000009a200000| Complete 
| 419|0x000000009a300000, 0x000000009a400000, 0x000000009a400000|100%| E|CS|TAMS 0x000000009a300000| PB 0x000000009a300000| Complete 
| 420|0x000000009a400000, 0x000000009a500000, 0x000000009a500000|100%| E|CS|TAMS 0x000000009a400000| PB 0x000000009a400000| Complete 
| 421|0x000000009a500000, 0x000000009a600000, 0x000000009a600000|100%| S|  |TAMS 0x000000009a500000| PB 0x000000009a500000| Complete 
| 422|0x000000009a600000, 0x000000009a700000, 0x000000009a700000|100%| S|  |TAMS 0x000000009a600000| PB 0x000000009a600000| Complete 
| 423|0x000000009a700000, 0x000000009a800000, 0x000000009a800000|100%| S|  |TAMS 0x000000009a700000| PB 0x000000009a700000| Complete 
| 424|0x000000009a800000, 0x000000009a900000, 0x000000009a900000|100%| S|  |TAMS 0x000000009a800000| PB 0x000000009a800000| Complete 
| 425|0x000000009a900000, 0x000000009aa00000, 0x000000009aa00000|100%| S|  |TAMS 0x000000009a900000| PB 0x000000009a900000| Complete 
| 426|0x000000009aa00000, 0x000000009ab00000, 0x000000009ab00000|100%| S|  |TAMS 0x000000009aa00000| PB 0x000000009aa00000| Complete 
| 427|0x000000009ab00000, 0x000000009ac00000, 0x000000009ac00000|100%| S|  |TAMS 0x000000009ab00000| PB 0x000000009ab00000| Complete 
| 428|0x000000009ac00000, 0x000000009ad00000, 0x000000009ad00000|100%| S|  |TAMS 0x000000009ac00000| PB 0x000000009ac00000| Complete 
| 429|0x000000009ad00000, 0x000000009ae00000, 0x000000009ae00000|100%| S|  |TAMS 0x000000009ad00000| PB 0x000000009ad00000| Complete 
| 430|0x000000009ae00000, 0x000000009af00000, 0x000000009af00000|100%| S|  |TAMS 0x000000009ae00000| PB 0x000000009ae00000| Complete 
| 431|0x000000009af00000, 0x000000009b000000, 0x000000009b000000|100%| S|  |TAMS 0x000000009af00000| PB 0x000000009af00000| Complete 
| 432|0x000000009b000000, 0x000000009b100000, 0x000000009b100000|100%| S|  |TAMS 0x000000009b000000| PB 0x000000009b000000| Complete 
| 433|0x000000009b100000, 0x000000009b200000, 0x000000009b200000|100%| S|  |TAMS 0x000000009b100000| PB 0x000000009b100000| Complete 
| 434|0x000000009b200000, 0x000000009b300000, 0x000000009b300000|100%| S|  |TAMS 0x000000009b200000| PB 0x000000009b200000| Complete 
| 435|0x000000009b300000, 0x000000009b400000, 0x000000009b400000|100%| S|  |TAMS 0x000000009b300000| PB 0x000000009b300000| Complete 
| 436|0x000000009b400000, 0x000000009b500000, 0x000000009b500000|100%| S|  |TAMS 0x000000009b400000| PB 0x000000009b400000| Complete 
| 437|0x000000009b500000, 0x000000009b600000, 0x000000009b600000|100%| S|  |TAMS 0x000000009b500000| PB 0x000000009b500000| Complete 
| 438|0x000000009b600000, 0x000000009b700000, 0x000000009b700000|100%| S|  |TAMS 0x000000009b600000| PB 0x000000009b600000| Complete 
| 439|0x000000009b700000, 0x000000009b800000, 0x000000009b800000|100%| E|CS|TAMS 0x000000009b700000| PB 0x000000009b700000| Complete 
| 440|0x000000009b800000, 0x000000009b900000, 0x000000009b900000|100%| E|CS|TAMS 0x000000009b800000| PB 0x000000009b800000| Complete 
| 441|0x000000009b900000, 0x000000009ba00000, 0x000000009ba00000|100%| E|CS|TAMS 0x000000009b900000| PB 0x000000009b900000| Complete 
| 442|0x000000009ba00000, 0x000000009bb00000, 0x000000009bb00000|100%| E|CS|TAMS 0x000000009ba00000| PB 0x000000009ba00000| Complete 
| 443|0x000000009bb00000, 0x000000009bc00000, 0x000000009bc00000|100%| E|CS|TAMS 0x000000009bb00000| PB 0x000000009bb00000| Complete 
| 444|0x000000009bc00000, 0x000000009bd00000, 0x000000009bd00000|100%| E|CS|TAMS 0x000000009bc00000| PB 0x000000009bc00000| Complete 
| 445|0x000000009bd00000, 0x000000009be00000, 0x000000009be00000|100%| E|CS|TAMS 0x000000009bd00000| PB 0x000000009bd00000| Complete 
| 446|0x000000009be00000, 0x000000009bf00000, 0x000000009bf00000|100%| E|CS|TAMS 0x000000009be00000| PB 0x000000009be00000| Complete 
| 447|0x000000009bf00000, 0x000000009c000000, 0x000000009c000000|100%| E|CS|TAMS 0x000000009bf00000| PB 0x000000009bf00000| Complete 
| 448|0x000000009c000000, 0x000000009c100000, 0x000000009c100000|100%| E|CS|TAMS 0x000000009c000000| PB 0x000000009c000000| Complete 
| 449|0x000000009c100000, 0x000000009c200000, 0x000000009c200000|100%| E|CS|TAMS 0x000000009c100000| PB 0x000000009c100000| Complete 
| 450|0x000000009c200000, 0x000000009c300000, 0x000000009c300000|100%| E|CS|TAMS 0x000000009c200000| PB 0x000000009c200000| Complete 
| 451|0x000000009c300000, 0x000000009c400000, 0x000000009c400000|100%| E|CS|TAMS 0x000000009c300000| PB 0x000000009c300000| Complete 
| 452|0x000000009c400000, 0x000000009c500000, 0x000000009c500000|100%| E|CS|TAMS 0x000000009c400000| PB 0x000000009c400000| Complete 
| 453|0x000000009c500000, 0x000000009c600000, 0x000000009c600000|100%| E|CS|TAMS 0x000000009c500000| PB 0x000000009c500000| Complete 
| 454|0x000000009c600000, 0x000000009c700000, 0x000000009c700000|100%| E|CS|TAMS 0x000000009c600000| PB 0x000000009c600000| Complete 
| 455|0x000000009c700000, 0x000000009c800000, 0x000000009c800000|100%| E|CS|TAMS 0x000000009c700000| PB 0x000000009c700000| Complete 
| 456|0x000000009c800000, 0x000000009c900000, 0x000000009c900000|100%| E|CS|TAMS 0x000000009c800000| PB 0x000000009c800000| Complete 
| 457|0x000000009c900000, 0x000000009ca00000, 0x000000009ca00000|100%| E|CS|TAMS 0x000000009c900000| PB 0x000000009c900000| Complete 
| 458|0x000000009ca00000, 0x000000009cb00000, 0x000000009cb00000|100%| E|CS|TAMS 0x000000009ca00000| PB 0x000000009ca00000| Complete 
| 459|0x000000009cb00000, 0x000000009cc00000, 0x000000009cc00000|100%| E|CS|TAMS 0x000000009cb00000| PB 0x000000009cb00000| Complete 
| 460|0x000000009cc00000, 0x000000009cd00000, 0x000000009cd00000|100%| E|CS|TAMS 0x000000009cc00000| PB 0x000000009cc00000| Complete 
| 461|0x000000009cd00000, 0x000000009ce00000, 0x000000009ce00000|100%| E|CS|TAMS 0x000000009cd00000| PB 0x000000009cd00000| Complete 
| 462|0x000000009ce00000, 0x000000009cf00000, 0x000000009cf00000|100%| E|CS|TAMS 0x000000009ce00000| PB 0x000000009ce00000| Complete 
| 463|0x000000009cf00000, 0x000000009d000000, 0x000000009d000000|100%| E|CS|TAMS 0x000000009cf00000| PB 0x000000009cf00000| Complete 
| 464|0x000000009d000000, 0x000000009d100000, 0x000000009d100000|100%| E|CS|TAMS 0x000000009d000000| PB 0x000000009d000000| Complete 
| 465|0x000000009d100000, 0x000000009d200000, 0x000000009d200000|100%| E|CS|TAMS 0x000000009d100000| PB 0x000000009d100000| Complete 
| 466|0x000000009d200000, 0x000000009d300000, 0x000000009d300000|100%| E|CS|TAMS 0x000000009d200000| PB 0x000000009d200000| Complete 
| 467|0x000000009d300000, 0x000000009d400000, 0x000000009d400000|100%| E|CS|TAMS 0x000000009d300000| PB 0x000000009d300000| Complete 
| 468|0x000000009d400000, 0x000000009d500000, 0x000000009d500000|100%| E|CS|TAMS 0x000000009d400000| PB 0x000000009d400000| Complete 
| 469|0x000000009d500000, 0x000000009d600000, 0x000000009d600000|100%| E|CS|TAMS 0x000000009d500000| PB 0x000000009d500000| Complete 
| 470|0x000000009d600000, 0x000000009d700000, 0x000000009d700000|100%| E|CS|TAMS 0x000000009d600000| PB 0x000000009d600000| Complete 
| 471|0x000000009d700000, 0x000000009d800000, 0x000000009d800000|100%| E|CS|TAMS 0x000000009d700000| PB 0x000000009d700000| Complete 
| 472|0x000000009d800000, 0x000000009d900000, 0x000000009d900000|100%| E|CS|TAMS 0x000000009d800000| PB 0x000000009d800000| Complete 
| 473|0x000000009d900000, 0x000000009da00000, 0x000000009da00000|100%| E|CS|TAMS 0x000000009d900000| PB 0x000000009d900000| Complete 
| 474|0x000000009da00000, 0x000000009db00000, 0x000000009db00000|100%| E|CS|TAMS 0x000000009da00000| PB 0x000000009da00000| Complete 
| 475|0x000000009db00000, 0x000000009dc00000, 0x000000009dc00000|100%| E|CS|TAMS 0x000000009db00000| PB 0x000000009db00000| Complete 
| 476|0x000000009dc00000, 0x000000009dd00000, 0x000000009dd00000|100%| E|CS|TAMS 0x000000009dc00000| PB 0x000000009dc00000| Complete 
| 477|0x000000009dd00000, 0x000000009de00000, 0x000000009de00000|100%| E|CS|TAMS 0x000000009dd00000| PB 0x000000009dd00000| Complete 
| 478|0x000000009de00000, 0x000000009df00000, 0x000000009df00000|100%| E|CS|TAMS 0x000000009de00000| PB 0x000000009de00000| Complete 
| 479|0x000000009df00000, 0x000000009e000000, 0x000000009e000000|100%| E|CS|TAMS 0x000000009df00000| PB 0x000000009df00000| Complete 
| 480|0x000000009e000000, 0x000000009e100000, 0x000000009e100000|100%| E|CS|TAMS 0x000000009e000000| PB 0x000000009e000000| Complete 
| 481|0x000000009e100000, 0x000000009e200000, 0x000000009e200000|100%| E|CS|TAMS 0x000000009e100000| PB 0x000000009e100000| Complete 
| 482|0x000000009e200000, 0x000000009e300000, 0x000000009e300000|100%| E|CS|TAMS 0x000000009e200000| PB 0x000000009e200000| Complete 
| 483|0x000000009e300000, 0x000000009e400000, 0x000000009e400000|100%| E|CS|TAMS 0x000000009e300000| PB 0x000000009e300000| Complete 
| 484|0x000000009e400000, 0x000000009e500000, 0x000000009e500000|100%| E|CS|TAMS 0x000000009e400000| PB 0x000000009e400000| Complete 
| 485|0x000000009e500000, 0x000000009e600000, 0x000000009e600000|100%| E|CS|TAMS 0x000000009e500000| PB 0x000000009e500000| Complete 
| 486|0x000000009e600000, 0x000000009e700000, 0x000000009e700000|100%| E|CS|TAMS 0x000000009e600000| PB 0x000000009e600000| Complete 
| 487|0x000000009e700000, 0x000000009e800000, 0x000000009e800000|100%| E|CS|TAMS 0x000000009e700000| PB 0x000000009e700000| Complete 
| 488|0x000000009e800000, 0x000000009e900000, 0x000000009e900000|100%| E|CS|TAMS 0x000000009e800000| PB 0x000000009e800000| Complete 
| 489|0x000000009e900000, 0x000000009ea00000, 0x000000009ea00000|100%| E|CS|TAMS 0x000000009e900000| PB 0x000000009e900000| Complete 
| 490|0x000000009ea00000, 0x000000009eb00000, 0x000000009eb00000|100%| E|CS|TAMS 0x000000009ea00000| PB 0x000000009ea00000| Complete 
| 491|0x000000009eb00000, 0x000000009ec00000, 0x000000009ec00000|100%| E|CS|TAMS 0x000000009eb00000| PB 0x000000009eb00000| Complete 
| 492|0x000000009ec00000, 0x000000009ed00000, 0x000000009ed00000|100%| E|CS|TAMS 0x000000009ec00000| PB 0x000000009ec00000| Complete 
| 493|0x000000009ed00000, 0x000000009ee00000, 0x000000009ee00000|100%| E|CS|TAMS 0x000000009ed00000| PB 0x000000009ed00000| Complete 
| 494|0x000000009ee00000, 0x000000009ef00000, 0x000000009ef00000|100%| E|CS|TAMS 0x000000009ee00000| PB 0x000000009ee00000| Complete 
| 495|0x000000009ef00000, 0x000000009f000000, 0x000000009f000000|100%| E|CS|TAMS 0x000000009ef00000| PB 0x000000009ef00000| Complete 
| 496|0x000000009f000000, 0x000000009f100000, 0x000000009f100000|100%| E|CS|TAMS 0x000000009f000000| PB 0x000000009f000000| Complete 
| 497|0x000000009f100000, 0x000000009f200000, 0x000000009f200000|100%| E|CS|TAMS 0x000000009f100000| PB 0x000000009f100000| Complete 
| 498|0x000000009f200000, 0x000000009f300000, 0x000000009f300000|100%| E|CS|TAMS 0x000000009f200000| PB 0x000000009f200000| Complete 
| 499|0x000000009f300000, 0x000000009f400000, 0x000000009f400000|100%| E|CS|TAMS 0x000000009f300000| PB 0x000000009f300000| Complete 
| 500|0x000000009f400000, 0x000000009f500000, 0x000000009f500000|100%| E|CS|TAMS 0x000000009f400000| PB 0x000000009f400000| Complete 
| 501|0x000000009f500000, 0x000000009f600000, 0x000000009f600000|100%| E|CS|TAMS 0x000000009f500000| PB 0x000000009f500000| Complete 
| 502|0x000000009f600000, 0x000000009f700000, 0x000000009f700000|100%| E|CS|TAMS 0x000000009f600000| PB 0x000000009f600000| Complete 
| 503|0x000000009f700000, 0x000000009f800000, 0x000000009f800000|100%| E|CS|TAMS 0x000000009f700000| PB 0x000000009f700000| Complete 
| 504|0x000000009f800000, 0x000000009f900000, 0x000000009f900000|100%| E|CS|TAMS 0x000000009f800000| PB 0x000000009f800000| Complete 
| 505|0x000000009f900000, 0x000000009fa00000, 0x000000009fa00000|100%| E|CS|TAMS 0x000000009f900000| PB 0x000000009f900000| Complete 
| 506|0x000000009fa00000, 0x000000009fb00000, 0x000000009fb00000|100%| E|CS|TAMS 0x000000009fa00000| PB 0x000000009fa00000| Complete 
| 507|0x000000009fb00000, 0x000000009fc00000, 0x000000009fc00000|100%| E|CS|TAMS 0x000000009fb00000| PB 0x000000009fb00000| Complete 
| 508|0x000000009fc00000, 0x000000009fd00000, 0x000000009fd00000|100%| E|CS|TAMS 0x000000009fc00000| PB 0x000000009fc00000| Complete 
| 509|0x000000009fd00000, 0x000000009fe00000, 0x000000009fe00000|100%| E|CS|TAMS 0x000000009fd00000| PB 0x000000009fd00000| Complete 
| 510|0x000000009fe00000, 0x000000009ff00000, 0x000000009ff00000|100%| E|CS|TAMS 0x000000009fe00000| PB 0x000000009fe00000| Complete 
| 511|0x000000009ff00000, 0x00000000a0000000, 0x00000000a0000000|100%| E|CS|TAMS 0x000000009ff00000| PB 0x000000009ff00000| Complete 
| 512|0x00000000a0000000, 0x00000000a0100000, 0x00000000a0100000|100%| E|CS|TAMS 0x00000000a0000000| PB 0x00000000a0000000| Complete 
| 513|0x00000000a0100000, 0x00000000a0200000, 0x00000000a0200000|100%| E|CS|TAMS 0x00000000a0100000| PB 0x00000000a0100000| Complete 
| 514|0x00000000a0200000, 0x00000000a0300000, 0x00000000a0300000|100%| E|CS|TAMS 0x00000000a0200000| PB 0x00000000a0200000| Complete 
| 515|0x00000000a0300000, 0x00000000a0400000, 0x00000000a0400000|100%| E|CS|TAMS 0x00000000a0300000| PB 0x00000000a0300000| Complete 
| 516|0x00000000a0400000, 0x00000000a0500000, 0x00000000a0500000|100%| E|CS|TAMS 0x00000000a0400000| PB 0x00000000a0400000| Complete 
| 517|0x00000000a0500000, 0x00000000a0600000, 0x00000000a0600000|100%| E|CS|TAMS 0x00000000a0500000| PB 0x00000000a0500000| Complete 
| 518|0x00000000a0600000, 0x00000000a0700000, 0x00000000a0700000|100%| E|CS|TAMS 0x00000000a0600000| PB 0x00000000a0600000| Complete 
| 519|0x00000000a0700000, 0x00000000a0800000, 0x00000000a0800000|100%| E|CS|TAMS 0x00000000a0700000| PB 0x00000000a0700000| Complete 
| 520|0x00000000a0800000, 0x00000000a0900000, 0x00000000a0900000|100%| E|CS|TAMS 0x00000000a0800000| PB 0x00000000a0800000| Complete 
| 521|0x00000000a0900000, 0x00000000a0a00000, 0x00000000a0a00000|100%| E|CS|TAMS 0x00000000a0900000| PB 0x00000000a0900000| Complete 
| 522|0x00000000a0a00000, 0x00000000a0b00000, 0x00000000a0b00000|100%| E|CS|TAMS 0x00000000a0a00000| PB 0x00000000a0a00000| Complete 
| 523|0x00000000a0b00000, 0x00000000a0c00000, 0x00000000a0c00000|100%| E|CS|TAMS 0x00000000a0b00000| PB 0x00000000a0b00000| Complete 
| 524|0x00000000a0c00000, 0x00000000a0d00000, 0x00000000a0d00000|100%| E|CS|TAMS 0x00000000a0c00000| PB 0x00000000a0c00000| Complete 
| 525|0x00000000a0d00000, 0x00000000a0e00000, 0x00000000a0e00000|100%| E|CS|TAMS 0x00000000a0d00000| PB 0x00000000a0d00000| Complete 
| 526|0x00000000a0e00000, 0x00000000a0f00000, 0x00000000a0f00000|100%| E|CS|TAMS 0x00000000a0e00000| PB 0x00000000a0e00000| Complete 
| 527|0x00000000a0f00000, 0x00000000a1000000, 0x00000000a1000000|100%| E|CS|TAMS 0x00000000a0f00000| PB 0x00000000a0f00000| Complete 
| 528|0x00000000a1000000, 0x00000000a1100000, 0x00000000a1100000|100%| E|CS|TAMS 0x00000000a1000000| PB 0x00000000a1000000| Complete 
| 529|0x00000000a1100000, 0x00000000a1200000, 0x00000000a1200000|100%| E|CS|TAMS 0x00000000a1100000| PB 0x00000000a1100000| Complete 
| 530|0x00000000a1200000, 0x00000000a1300000, 0x00000000a1300000|100%| E|CS|TAMS 0x00000000a1200000| PB 0x00000000a1200000| Complete 
| 531|0x00000000a1300000, 0x00000000a1400000, 0x00000000a1400000|100%| E|CS|TAMS 0x00000000a1300000| PB 0x00000000a1300000| Complete 
| 532|0x00000000a1400000, 0x00000000a1500000, 0x00000000a1500000|100%| E|CS|TAMS 0x00000000a1400000| PB 0x00000000a1400000| Complete 
| 533|0x00000000a1500000, 0x00000000a1600000, 0x00000000a1600000|100%| E|CS|TAMS 0x00000000a1500000| PB 0x00000000a1500000| Complete 
| 534|0x00000000a1600000, 0x00000000a1700000, 0x00000000a1700000|100%| E|CS|TAMS 0x00000000a1600000| PB 0x00000000a1600000| Complete 
| 535|0x00000000a1700000, 0x00000000a1800000, 0x00000000a1800000|100%| E|CS|TAMS 0x00000000a1700000| PB 0x00000000a1700000| Complete 
| 536|0x00000000a1800000, 0x00000000a1900000, 0x00000000a1900000|100%| E|CS|TAMS 0x00000000a1800000| PB 0x00000000a1800000| Complete 
| 537|0x00000000a1900000, 0x00000000a1a00000, 0x00000000a1a00000|100%| E|CS|TAMS 0x00000000a1900000| PB 0x00000000a1900000| Complete 
| 538|0x00000000a1a00000, 0x00000000a1b00000, 0x00000000a1b00000|100%| E|CS|TAMS 0x00000000a1a00000| PB 0x00000000a1a00000| Complete 
| 539|0x00000000a1b00000, 0x00000000a1c00000, 0x00000000a1c00000|100%| E|CS|TAMS 0x00000000a1b00000| PB 0x00000000a1b00000| Complete 
| 540|0x00000000a1c00000, 0x00000000a1d00000, 0x00000000a1d00000|100%| E|CS|TAMS 0x00000000a1c00000| PB 0x00000000a1c00000| Complete 
| 541|0x00000000a1d00000, 0x00000000a1e00000, 0x00000000a1e00000|100%| E|CS|TAMS 0x00000000a1d00000| PB 0x00000000a1d00000| Complete 
| 542|0x00000000a1e00000, 0x00000000a1f00000, 0x00000000a1f00000|100%| E|CS|TAMS 0x00000000a1e00000| PB 0x00000000a1e00000| Complete 
| 543|0x00000000a1f00000, 0x00000000a2000000, 0x00000000a2000000|100%| E|CS|TAMS 0x00000000a1f00000| PB 0x00000000a1f00000| Complete 
| 544|0x00000000a2000000, 0x00000000a2100000, 0x00000000a2100000|100%| E|CS|TAMS 0x00000000a2000000| PB 0x00000000a2000000| Complete 
| 545|0x00000000a2100000, 0x00000000a2200000, 0x00000000a2200000|100%| E|CS|TAMS 0x00000000a2100000| PB 0x00000000a2100000| Complete 
| 546|0x00000000a2200000, 0x00000000a2300000, 0x00000000a2300000|100%| E|CS|TAMS 0x00000000a2200000| PB 0x00000000a2200000| Complete 
| 547|0x00000000a2300000, 0x00000000a2400000, 0x00000000a2400000|100%| E|CS|TAMS 0x00000000a2300000| PB 0x00000000a2300000| Complete 
| 548|0x00000000a2400000, 0x00000000a2500000, 0x00000000a2500000|100%| E|CS|TAMS 0x00000000a2400000| PB 0x00000000a2400000| Complete 
| 549|0x00000000a2500000, 0x00000000a2600000, 0x00000000a2600000|100%| E|CS|TAMS 0x00000000a2500000| PB 0x00000000a2500000| Complete 
| 550|0x00000000a2600000, 0x00000000a2700000, 0x00000000a2700000|100%| E|CS|TAMS 0x00000000a2600000| PB 0x00000000a2600000| Complete 
| 551|0x00000000a2700000, 0x00000000a2800000, 0x00000000a2800000|100%| E|CS|TAMS 0x00000000a2700000| PB 0x00000000a2700000| Complete 
| 552|0x00000000a2800000, 0x00000000a2900000, 0x00000000a2900000|100%| E|CS|TAMS 0x00000000a2800000| PB 0x00000000a2800000| Complete 
| 553|0x00000000a2900000, 0x00000000a2a00000, 0x00000000a2a00000|100%| E|CS|TAMS 0x00000000a2900000| PB 0x00000000a2900000| Complete 
| 554|0x00000000a2a00000, 0x00000000a2b00000, 0x00000000a2b00000|100%| E|CS|TAMS 0x00000000a2a00000| PB 0x00000000a2a00000| Complete 
| 555|0x00000000a2b00000, 0x00000000a2c00000, 0x00000000a2c00000|100%| E|CS|TAMS 0x00000000a2b00000| PB 0x00000000a2b00000| Complete 
| 556|0x00000000a2c00000, 0x00000000a2d00000, 0x00000000a2d00000|100%| E|CS|TAMS 0x00000000a2c00000| PB 0x00000000a2c00000| Complete 
| 557|0x00000000a2d00000, 0x00000000a2e00000, 0x00000000a2e00000|100%| E|CS|TAMS 0x00000000a2d00000| PB 0x00000000a2d00000| Complete 
| 558|0x00000000a2e00000, 0x00000000a2f00000, 0x00000000a2f00000|100%| E|CS|TAMS 0x00000000a2e00000| PB 0x00000000a2e00000| Complete 
| 559|0x00000000a2f00000, 0x00000000a3000000, 0x00000000a3000000|100%| E|CS|TAMS 0x00000000a2f00000| PB 0x00000000a2f00000| Complete 
| 560|0x00000000a3000000, 0x00000000a3100000, 0x00000000a3100000|100%| E|CS|TAMS 0x00000000a3000000| PB 0x00000000a3000000| Complete 
| 561|0x00000000a3100000, 0x00000000a3200000, 0x00000000a3200000|100%| E|CS|TAMS 0x00000000a3100000| PB 0x00000000a3100000| Complete 
| 562|0x00000000a3200000, 0x00000000a3300000, 0x00000000a3300000|100%| E|CS|TAMS 0x00000000a3200000| PB 0x00000000a3200000| Complete 
| 563|0x00000000a3300000, 0x00000000a3400000, 0x00000000a3400000|100%| E|CS|TAMS 0x00000000a3300000| PB 0x00000000a3300000| Complete 
| 564|0x00000000a3400000, 0x00000000a3500000, 0x00000000a3500000|100%| E|CS|TAMS 0x00000000a3400000| PB 0x00000000a3400000| Complete 
| 565|0x00000000a3500000, 0x00000000a3600000, 0x00000000a3600000|100%| E|CS|TAMS 0x00000000a3500000| PB 0x00000000a3500000| Complete 
| 566|0x00000000a3600000, 0x00000000a3700000, 0x00000000a3700000|100%| E|CS|TAMS 0x00000000a3600000| PB 0x00000000a3600000| Complete 
| 567|0x00000000a3700000, 0x00000000a3800000, 0x00000000a3800000|100%| E|CS|TAMS 0x00000000a3700000| PB 0x00000000a3700000| Complete 
| 568|0x00000000a3800000, 0x00000000a3900000, 0x00000000a3900000|100%| E|CS|TAMS 0x00000000a3800000| PB 0x00000000a3800000| Complete 
| 569|0x00000000a3900000, 0x00000000a3a00000, 0x00000000a3a00000|100%| E|CS|TAMS 0x00000000a3900000| PB 0x00000000a3900000| Complete 
| 570|0x00000000a3a00000, 0x00000000a3b00000, 0x00000000a3b00000|100%| E|CS|TAMS 0x00000000a3a00000| PB 0x00000000a3a00000| Complete 
| 571|0x00000000a3b00000, 0x00000000a3c00000, 0x00000000a3c00000|100%| E|CS|TAMS 0x00000000a3b00000| PB 0x00000000a3b00000| Complete 
| 572|0x00000000a3c00000, 0x00000000a3d00000, 0x00000000a3d00000|100%| E|CS|TAMS 0x00000000a3c00000| PB 0x00000000a3c00000| Complete 
| 573|0x00000000a3d00000, 0x00000000a3e00000, 0x00000000a3e00000|100%| E|CS|TAMS 0x00000000a3d00000| PB 0x00000000a3d00000| Complete 
| 574|0x00000000a3e00000, 0x00000000a3f00000, 0x00000000a3f00000|100%| E|CS|TAMS 0x00000000a3e00000| PB 0x00000000a3e00000| Complete 
| 575|0x00000000a3f00000, 0x00000000a4000000, 0x00000000a4000000|100%| E|CS|TAMS 0x00000000a3f00000| PB 0x00000000a3f00000| Complete 
| 576|0x00000000a4000000, 0x00000000a4100000, 0x00000000a4100000|100%| E|CS|TAMS 0x00000000a4000000| PB 0x00000000a4000000| Complete 
| 577|0x00000000a4100000, 0x00000000a4200000, 0x00000000a4200000|100%| E|CS|TAMS 0x00000000a4100000| PB 0x00000000a4100000| Complete 
| 578|0x00000000a4200000, 0x00000000a4300000, 0x00000000a4300000|100%| E|CS|TAMS 0x00000000a4200000| PB 0x00000000a4200000| Complete 
| 579|0x00000000a4300000, 0x00000000a4400000, 0x00000000a4400000|100%| E|CS|TAMS 0x00000000a4300000| PB 0x00000000a4300000| Complete 
| 580|0x00000000a4400000, 0x00000000a4500000, 0x00000000a4500000|100%| E|CS|TAMS 0x00000000a4400000| PB 0x00000000a4400000| Complete 
| 581|0x00000000a4500000, 0x00000000a4600000, 0x00000000a4600000|100%| E|CS|TAMS 0x00000000a4500000| PB 0x00000000a4500000| Complete 
| 582|0x00000000a4600000, 0x00000000a4700000, 0x00000000a4700000|100%| E|CS|TAMS 0x00000000a4600000| PB 0x00000000a4600000| Complete 
| 583|0x00000000a4700000, 0x00000000a4800000, 0x00000000a4800000|100%| E|CS|TAMS 0x00000000a4700000| PB 0x00000000a4700000| Complete 
| 584|0x00000000a4800000, 0x00000000a4900000, 0x00000000a4900000|100%| E|CS|TAMS 0x00000000a4800000| PB 0x00000000a4800000| Complete 
| 585|0x00000000a4900000, 0x00000000a4a00000, 0x00000000a4a00000|100%| E|CS|TAMS 0x00000000a4900000| PB 0x00000000a4900000| Complete 
| 586|0x00000000a4a00000, 0x00000000a4b00000, 0x00000000a4b00000|100%| E|CS|TAMS 0x00000000a4a00000| PB 0x00000000a4a00000| Complete 
| 587|0x00000000a4b00000, 0x00000000a4c00000, 0x00000000a4c00000|100%| E|CS|TAMS 0x00000000a4b00000| PB 0x00000000a4b00000| Complete 
| 588|0x00000000a4c00000, 0x00000000a4d00000, 0x00000000a4d00000|100%| E|CS|TAMS 0x00000000a4c00000| PB 0x00000000a4c00000| Complete 
| 589|0x00000000a4d00000, 0x00000000a4e00000, 0x00000000a4e00000|100%| E|CS|TAMS 0x00000000a4d00000| PB 0x00000000a4d00000| Complete 
| 590|0x00000000a4e00000, 0x00000000a4f00000, 0x00000000a4f00000|100%| E|CS|TAMS 0x00000000a4e00000| PB 0x00000000a4e00000| Complete 
| 591|0x00000000a4f00000, 0x00000000a5000000, 0x00000000a5000000|100%| E|CS|TAMS 0x00000000a4f00000| PB 0x00000000a4f00000| Complete 
| 592|0x00000000a5000000, 0x00000000a5100000, 0x00000000a5100000|100%| E|CS|TAMS 0x00000000a5000000| PB 0x00000000a5000000| Complete 
| 593|0x00000000a5100000, 0x00000000a5200000, 0x00000000a5200000|100%| E|CS|TAMS 0x00000000a5100000| PB 0x00000000a5100000| Complete 
| 594|0x00000000a5200000, 0x00000000a5300000, 0x00000000a5300000|100%| E|CS|TAMS 0x00000000a5200000| PB 0x00000000a5200000| Complete 
| 595|0x00000000a5300000, 0x00000000a5400000, 0x00000000a5400000|100%| E|CS|TAMS 0x00000000a5300000| PB 0x00000000a5300000| Complete 
| 596|0x00000000a5400000, 0x00000000a5500000, 0x00000000a5500000|100%| E|CS|TAMS 0x00000000a5400000| PB 0x00000000a5400000| Complete 
| 597|0x00000000a5500000, 0x00000000a5600000, 0x00000000a5600000|100%| E|CS|TAMS 0x00000000a5500000| PB 0x00000000a5500000| Complete 
| 598|0x00000000a5600000, 0x00000000a5700000, 0x00000000a5700000|100%| E|CS|TAMS 0x00000000a5600000| PB 0x00000000a5600000| Complete 
| 599|0x00000000a5700000, 0x00000000a5800000, 0x00000000a5800000|100%| E|CS|TAMS 0x00000000a5700000| PB 0x00000000a5700000| Complete 
| 600|0x00000000a5800000, 0x00000000a5900000, 0x00000000a5900000|100%| E|CS|TAMS 0x00000000a5800000| PB 0x00000000a5800000| Complete 
| 601|0x00000000a5900000, 0x00000000a5a00000, 0x00000000a5a00000|100%| E|CS|TAMS 0x00000000a5900000| PB 0x00000000a5900000| Complete 
| 602|0x00000000a5a00000, 0x00000000a5b00000, 0x00000000a5b00000|100%| E|CS|TAMS 0x00000000a5a00000| PB 0x00000000a5a00000| Complete 
| 603|0x00000000a5b00000, 0x00000000a5c00000, 0x00000000a5c00000|100%| E|CS|TAMS 0x00000000a5b00000| PB 0x00000000a5b00000| Complete 
| 604|0x00000000a5c00000, 0x00000000a5d00000, 0x00000000a5d00000|100%| E|CS|TAMS 0x00000000a5c00000| PB 0x00000000a5c00000| Complete 
| 605|0x00000000a5d00000, 0x00000000a5e00000, 0x00000000a5e00000|100%| E|CS|TAMS 0x00000000a5d00000| PB 0x00000000a5d00000| Complete 
| 606|0x00000000a5e00000, 0x00000000a5f00000, 0x00000000a5f00000|100%| E|CS|TAMS 0x00000000a5e00000| PB 0x00000000a5e00000| Complete 
| 607|0x00000000a5f00000, 0x00000000a6000000, 0x00000000a6000000|100%| E|CS|TAMS 0x00000000a5f00000| PB 0x00000000a5f00000| Complete 
| 608|0x00000000a6000000, 0x00000000a6100000, 0x00000000a6100000|100%| E|CS|TAMS 0x00000000a6000000| PB 0x00000000a6000000| Complete 
| 609|0x00000000a6100000, 0x00000000a6200000, 0x00000000a6200000|100%| E|CS|TAMS 0x00000000a6100000| PB 0x00000000a6100000| Complete 
| 610|0x00000000a6200000, 0x00000000a6300000, 0x00000000a6300000|100%| E|CS|TAMS 0x00000000a6200000| PB 0x00000000a6200000| Complete 
| 611|0x00000000a6300000, 0x00000000a6400000, 0x00000000a6400000|100%| E|CS|TAMS 0x00000000a6300000| PB 0x00000000a6300000| Complete 
| 612|0x00000000a6400000, 0x00000000a6500000, 0x00000000a6500000|100%| E|CS|TAMS 0x00000000a6400000| PB 0x00000000a6400000| Complete 
| 613|0x00000000a6500000, 0x00000000a6600000, 0x00000000a6600000|100%| E|CS|TAMS 0x00000000a6500000| PB 0x00000000a6500000| Complete 
| 614|0x00000000a6600000, 0x00000000a6700000, 0x00000000a6700000|100%| E|CS|TAMS 0x00000000a6600000| PB 0x00000000a6600000| Complete 
| 615|0x00000000a6700000, 0x00000000a6800000, 0x00000000a6800000|100%| E|CS|TAMS 0x00000000a6700000| PB 0x00000000a6700000| Complete 
| 616|0x00000000a6800000, 0x00000000a6900000, 0x00000000a6900000|100%| E|CS|TAMS 0x00000000a6800000| PB 0x00000000a6800000| Complete 
| 617|0x00000000a6900000, 0x00000000a6a00000, 0x00000000a6a00000|100%| E|CS|TAMS 0x00000000a6900000| PB 0x00000000a6900000| Complete 
| 618|0x00000000a6a00000, 0x00000000a6b00000, 0x00000000a6b00000|100%| E|CS|TAMS 0x00000000a6a00000| PB 0x00000000a6a00000| Complete 
| 619|0x00000000a6b00000, 0x00000000a6c00000, 0x00000000a6c00000|100%| E|CS|TAMS 0x00000000a6b00000| PB 0x00000000a6b00000| Complete 
| 620|0x00000000a6c00000, 0x00000000a6d00000, 0x00000000a6d00000|100%| E|CS|TAMS 0x00000000a6c00000| PB 0x00000000a6c00000| Complete 
| 621|0x00000000a6d00000, 0x00000000a6e00000, 0x00000000a6e00000|100%| E|CS|TAMS 0x00000000a6d00000| PB 0x00000000a6d00000| Complete 
| 622|0x00000000a6e00000, 0x00000000a6f00000, 0x00000000a6f00000|100%| E|CS|TAMS 0x00000000a6e00000| PB 0x00000000a6e00000| Complete 
| 623|0x00000000a6f00000, 0x00000000a7000000, 0x00000000a7000000|100%| E|CS|TAMS 0x00000000a6f00000| PB 0x00000000a6f00000| Complete 
| 624|0x00000000a7000000, 0x00000000a7100000, 0x00000000a7100000|100%| E|CS|TAMS 0x00000000a7000000| PB 0x00000000a7000000| Complete 
| 625|0x00000000a7100000, 0x00000000a7200000, 0x00000000a7200000|100%| E|CS|TAMS 0x00000000a7100000| PB 0x00000000a7100000| Complete 
| 626|0x00000000a7200000, 0x00000000a7300000, 0x00000000a7300000|100%| E|CS|TAMS 0x00000000a7200000| PB 0x00000000a7200000| Complete 
| 627|0x00000000a7300000, 0x00000000a7400000, 0x00000000a7400000|100%| E|CS|TAMS 0x00000000a7300000| PB 0x00000000a7300000| Complete 
| 628|0x00000000a7400000, 0x00000000a7500000, 0x00000000a7500000|100%| E|CS|TAMS 0x00000000a7400000| PB 0x00000000a7400000| Complete 
| 629|0x00000000a7500000, 0x00000000a7600000, 0x00000000a7600000|100%| E|CS|TAMS 0x00000000a7500000| PB 0x00000000a7500000| Complete 
| 630|0x00000000a7600000, 0x00000000a7700000, 0x00000000a7700000|100%| E|CS|TAMS 0x00000000a7600000| PB 0x00000000a7600000| Complete 
| 631|0x00000000a7700000, 0x00000000a7800000, 0x00000000a7800000|100%| E|CS|TAMS 0x00000000a7700000| PB 0x00000000a7700000| Complete 
| 632|0x00000000a7800000, 0x00000000a7900000, 0x00000000a7900000|100%| E|CS|TAMS 0x00000000a7800000| PB 0x00000000a7800000| Complete 
| 633|0x00000000a7900000, 0x00000000a7a00000, 0x00000000a7a00000|100%| E|CS|TAMS 0x00000000a7900000| PB 0x00000000a7900000| Complete 
| 634|0x00000000a7a00000, 0x00000000a7b00000, 0x00000000a7b00000|100%| E|CS|TAMS 0x00000000a7a00000| PB 0x00000000a7a00000| Complete 
| 635|0x00000000a7b00000, 0x00000000a7c00000, 0x00000000a7c00000|100%| E|CS|TAMS 0x00000000a7b00000| PB 0x00000000a7b00000| Complete 
| 636|0x00000000a7c00000, 0x00000000a7d00000, 0x00000000a7d00000|100%| E|CS|TAMS 0x00000000a7c00000| PB 0x00000000a7c00000| Complete 
| 637|0x00000000a7d00000, 0x00000000a7e00000, 0x00000000a7e00000|100%| E|CS|TAMS 0x00000000a7d00000| PB 0x00000000a7d00000| Complete 
| 638|0x00000000a7e00000, 0x00000000a7f00000, 0x00000000a7f00000|100%| E|CS|TAMS 0x00000000a7e00000| PB 0x00000000a7e00000| Complete 
| 639|0x00000000a7f00000, 0x00000000a8000000, 0x00000000a8000000|100%| E|CS|TAMS 0x00000000a7f00000| PB 0x00000000a7f00000| Complete 
| 640|0x00000000a8000000, 0x00000000a8100000, 0x00000000a8100000|100%| E|CS|TAMS 0x00000000a8000000| PB 0x00000000a8000000| Complete 
| 641|0x00000000a8100000, 0x00000000a8200000, 0x00000000a8200000|100%| E|CS|TAMS 0x00000000a8100000| PB 0x00000000a8100000| Complete 
| 642|0x00000000a8200000, 0x00000000a8300000, 0x00000000a8300000|100%| E|CS|TAMS 0x00000000a8200000| PB 0x00000000a8200000| Complete 
| 643|0x00000000a8300000, 0x00000000a8400000, 0x00000000a8400000|100%| E|CS|TAMS 0x00000000a8300000| PB 0x00000000a8300000| Complete 
| 644|0x00000000a8400000, 0x00000000a8500000, 0x00000000a8500000|100%| E|CS|TAMS 0x00000000a8400000| PB 0x00000000a8400000| Complete 
| 645|0x00000000a8500000, 0x00000000a8600000, 0x00000000a8600000|100%| E|CS|TAMS 0x00000000a8500000| PB 0x00000000a8500000| Complete 
| 646|0x00000000a8600000, 0x00000000a8700000, 0x00000000a8700000|100%| E|CS|TAMS 0x00000000a8600000| PB 0x00000000a8600000| Complete 
| 647|0x00000000a8700000, 0x00000000a8800000, 0x00000000a8800000|100%| E|CS|TAMS 0x00000000a8700000| PB 0x00000000a8700000| Complete 
| 648|0x00000000a8800000, 0x00000000a8900000, 0x00000000a8900000|100%| E|CS|TAMS 0x00000000a8800000| PB 0x00000000a8800000| Complete 
| 649|0x00000000a8900000, 0x00000000a8a00000, 0x00000000a8a00000|100%| E|CS|TAMS 0x00000000a8900000| PB 0x00000000a8900000| Complete 
| 650|0x00000000a8a00000, 0x00000000a8b00000, 0x00000000a8b00000|100%| E|CS|TAMS 0x00000000a8a00000| PB 0x00000000a8a00000| Complete 
| 651|0x00000000a8b00000, 0x00000000a8c00000, 0x00000000a8c00000|100%| E|CS|TAMS 0x00000000a8b00000| PB 0x00000000a8b00000| Complete 
| 652|0x00000000a8c00000, 0x00000000a8d00000, 0x00000000a8d00000|100%| E|CS|TAMS 0x00000000a8c00000| PB 0x00000000a8c00000| Complete 
| 653|0x00000000a8d00000, 0x00000000a8e00000, 0x00000000a8e00000|100%| E|CS|TAMS 0x00000000a8d00000| PB 0x00000000a8d00000| Complete 
| 654|0x00000000a8e00000, 0x00000000a8f00000, 0x00000000a8f00000|100%| E|CS|TAMS 0x00000000a8e00000| PB 0x00000000a8e00000| Complete 
| 655|0x00000000a8f00000, 0x00000000a9000000, 0x00000000a9000000|100%| E|CS|TAMS 0x00000000a8f00000| PB 0x00000000a8f00000| Complete 
| 656|0x00000000a9000000, 0x00000000a9100000, 0x00000000a9100000|100%| E|CS|TAMS 0x00000000a9000000| PB 0x00000000a9000000| Complete 
| 657|0x00000000a9100000, 0x00000000a9200000, 0x00000000a9200000|100%| E|CS|TAMS 0x00000000a9100000| PB 0x00000000a9100000| Complete 
| 658|0x00000000a9200000, 0x00000000a9300000, 0x00000000a9300000|100%| E|CS|TAMS 0x00000000a9200000| PB 0x00000000a9200000| Complete 
| 659|0x00000000a9300000, 0x00000000a9400000, 0x00000000a9400000|100%| E|CS|TAMS 0x00000000a9300000| PB 0x00000000a9300000| Complete 
| 660|0x00000000a9400000, 0x00000000a9500000, 0x00000000a9500000|100%| E|CS|TAMS 0x00000000a9400000| PB 0x00000000a9400000| Complete 
| 661|0x00000000a9500000, 0x00000000a9600000, 0x00000000a9600000|100%| E|CS|TAMS 0x00000000a9500000| PB 0x00000000a9500000| Complete 
| 662|0x00000000a9600000, 0x00000000a9700000, 0x00000000a9700000|100%| E|CS|TAMS 0x00000000a9600000| PB 0x00000000a9600000| Complete 
| 663|0x00000000a9700000, 0x00000000a9800000, 0x00000000a9800000|100%| E|CS|TAMS 0x00000000a9700000| PB 0x00000000a9700000| Complete 
| 664|0x00000000a9800000, 0x00000000a9900000, 0x00000000a9900000|100%| E|CS|TAMS 0x00000000a9800000| PB 0x00000000a9800000| Complete 
| 665|0x00000000a9900000, 0x00000000a9a00000, 0x00000000a9a00000|100%| E|CS|TAMS 0x00000000a9900000| PB 0x00000000a9900000| Complete 
| 666|0x00000000a9a00000, 0x00000000a9b00000, 0x00000000a9b00000|100%| E|CS|TAMS 0x00000000a9a00000| PB 0x00000000a9a00000| Complete 
| 667|0x00000000a9b00000, 0x00000000a9c00000, 0x00000000a9c00000|100%| E|CS|TAMS 0x00000000a9b00000| PB 0x00000000a9b00000| Complete 
| 668|0x00000000a9c00000, 0x00000000a9d00000, 0x00000000a9d00000|100%| E|CS|TAMS 0x00000000a9c00000| PB 0x00000000a9c00000| Complete 
| 669|0x00000000a9d00000, 0x00000000a9e00000, 0x00000000a9e00000|100%| E|CS|TAMS 0x00000000a9d00000| PB 0x00000000a9d00000| Complete 
| 670|0x00000000a9e00000, 0x00000000a9f00000, 0x00000000a9f00000|100%| E|CS|TAMS 0x00000000a9e00000| PB 0x00000000a9e00000| Complete 
| 671|0x00000000a9f00000, 0x00000000aa000000, 0x00000000aa000000|100%| E|CS|TAMS 0x00000000a9f00000| PB 0x00000000a9f00000| Complete 
| 672|0x00000000aa000000, 0x00000000aa100000, 0x00000000aa100000|100%| E|CS|TAMS 0x00000000aa000000| PB 0x00000000aa000000| Complete 
| 673|0x00000000aa100000, 0x00000000aa200000, 0x00000000aa200000|100%| E|CS|TAMS 0x00000000aa100000| PB 0x00000000aa100000| Complete 
| 674|0x00000000aa200000, 0x00000000aa300000, 0x00000000aa300000|100%| E|CS|TAMS 0x00000000aa200000| PB 0x00000000aa200000| Complete 
| 675|0x00000000aa300000, 0x00000000aa400000, 0x00000000aa400000|100%| E|CS|TAMS 0x00000000aa300000| PB 0x00000000aa300000| Complete 
| 676|0x00000000aa400000, 0x00000000aa500000, 0x00000000aa500000|100%| E|CS|TAMS 0x00000000aa400000| PB 0x00000000aa400000| Complete 
| 677|0x00000000aa500000, 0x00000000aa600000, 0x00000000aa600000|100%| E|CS|TAMS 0x00000000aa500000| PB 0x00000000aa500000| Complete 
| 678|0x00000000aa600000, 0x00000000aa700000, 0x00000000aa700000|100%| E|CS|TAMS 0x00000000aa600000| PB 0x00000000aa600000| Complete 
| 679|0x00000000aa700000, 0x00000000aa800000, 0x00000000aa800000|100%| E|CS|TAMS 0x00000000aa700000| PB 0x00000000aa700000| Complete 
| 680|0x00000000aa800000, 0x00000000aa900000, 0x00000000aa900000|100%| E|CS|TAMS 0x00000000aa800000| PB 0x00000000aa800000| Complete 
| 681|0x00000000aa900000, 0x00000000aaa00000, 0x00000000aaa00000|100%| E|CS|TAMS 0x00000000aa900000| PB 0x00000000aa900000| Complete 
| 682|0x00000000aaa00000, 0x00000000aab00000, 0x00000000aab00000|100%| E|CS|TAMS 0x00000000aaa00000| PB 0x00000000aaa00000| Complete 
| 683|0x00000000aab00000, 0x00000000aac00000, 0x00000000aac00000|100%| E|CS|TAMS 0x00000000aab00000| PB 0x00000000aab00000| Complete 
| 684|0x00000000aac00000, 0x00000000aad00000, 0x00000000aad00000|100%| E|CS|TAMS 0x00000000aac00000| PB 0x00000000aac00000| Complete 
| 685|0x00000000aad00000, 0x00000000aae00000, 0x00000000aae00000|100%| E|CS|TAMS 0x00000000aad00000| PB 0x00000000aad00000| Complete 
| 686|0x00000000aae00000, 0x00000000aaf00000, 0x00000000aaf00000|100%| E|CS|TAMS 0x00000000aae00000| PB 0x00000000aae00000| Complete 
| 687|0x00000000aaf00000, 0x00000000ab000000, 0x00000000ab000000|100%| E|CS|TAMS 0x00000000aaf00000| PB 0x00000000aaf00000| Complete 
| 688|0x00000000ab000000, 0x00000000ab100000, 0x00000000ab100000|100%| E|CS|TAMS 0x00000000ab000000| PB 0x00000000ab000000| Complete 
| 689|0x00000000ab100000, 0x00000000ab200000, 0x00000000ab200000|100%| E|CS|TAMS 0x00000000ab100000| PB 0x00000000ab100000| Complete 
| 690|0x00000000ab200000, 0x00000000ab300000, 0x00000000ab300000|100%| E|CS|TAMS 0x00000000ab200000| PB 0x00000000ab200000| Complete 
| 691|0x00000000ab300000, 0x00000000ab400000, 0x00000000ab400000|100%| E|CS|TAMS 0x00000000ab300000| PB 0x00000000ab300000| Complete 
| 692|0x00000000ab400000, 0x00000000ab500000, 0x00000000ab500000|100%| E|CS|TAMS 0x00000000ab400000| PB 0x00000000ab400000| Complete 
| 693|0x00000000ab500000, 0x00000000ab600000, 0x00000000ab600000|100%| E|CS|TAMS 0x00000000ab500000| PB 0x00000000ab500000| Complete 
| 694|0x00000000ab600000, 0x00000000ab700000, 0x00000000ab700000|100%| E|CS|TAMS 0x00000000ab600000| PB 0x00000000ab600000| Complete 
| 695|0x00000000ab700000, 0x00000000ab800000, 0x00000000ab800000|100%| E|CS|TAMS 0x00000000ab700000| PB 0x00000000ab700000| Complete 
| 696|0x00000000ab800000, 0x00000000ab900000, 0x00000000ab900000|100%| E|CS|TAMS 0x00000000ab800000| PB 0x00000000ab800000| Complete 
| 697|0x00000000ab900000, 0x00000000aba00000, 0x00000000aba00000|100%| E|CS|TAMS 0x00000000ab900000| PB 0x00000000ab900000| Complete 
| 698|0x00000000aba00000, 0x00000000abb00000, 0x00000000abb00000|100%| E|CS|TAMS 0x00000000aba00000| PB 0x00000000aba00000| Complete 
| 699|0x00000000abb00000, 0x00000000abc00000, 0x00000000abc00000|100%| E|CS|TAMS 0x00000000abb00000| PB 0x00000000abb00000| Complete 
| 700|0x00000000abc00000, 0x00000000abd00000, 0x00000000abd00000|100%| E|CS|TAMS 0x00000000abc00000| PB 0x00000000abc00000| Complete 
| 701|0x00000000abd00000, 0x00000000abe00000, 0x00000000abe00000|100%| E|CS|TAMS 0x00000000abd00000| PB 0x00000000abd00000| Complete 
| 702|0x00000000abe00000, 0x00000000abf00000, 0x00000000abf00000|100%| E|CS|TAMS 0x00000000abe00000| PB 0x00000000abe00000| Complete 
| 703|0x00000000abf00000, 0x00000000ac000000, 0x00000000ac000000|100%| E|CS|TAMS 0x00000000abf00000| PB 0x00000000abf00000| Complete 
| 704|0x00000000ac000000, 0x00000000ac100000, 0x00000000ac100000|100%| E|CS|TAMS 0x00000000ac000000| PB 0x00000000ac000000| Complete 
| 705|0x00000000ac100000, 0x00000000ac200000, 0x00000000ac200000|100%| E|CS|TAMS 0x00000000ac100000| PB 0x00000000ac100000| Complete 
| 706|0x00000000ac200000, 0x00000000ac300000, 0x00000000ac300000|100%| E|CS|TAMS 0x00000000ac200000| PB 0x00000000ac200000| Complete 
| 707|0x00000000ac300000, 0x00000000ac400000, 0x00000000ac400000|100%| E|CS|TAMS 0x00000000ac300000| PB 0x00000000ac300000| Complete 
| 708|0x00000000ac400000, 0x00000000ac500000, 0x00000000ac500000|100%| E|CS|TAMS 0x00000000ac400000| PB 0x00000000ac400000| Complete 
| 709|0x00000000ac500000, 0x00000000ac600000, 0x00000000ac600000|100%| E|CS|TAMS 0x00000000ac500000| PB 0x00000000ac500000| Complete 
| 710|0x00000000ac600000, 0x00000000ac700000, 0x00000000ac700000|100%| E|CS|TAMS 0x00000000ac600000| PB 0x00000000ac600000| Complete 
| 711|0x00000000ac700000, 0x00000000ac800000, 0x00000000ac800000|100%| E|CS|TAMS 0x00000000ac700000| PB 0x00000000ac700000| Complete 
| 712|0x00000000ac800000, 0x00000000ac900000, 0x00000000ac900000|100%| E|CS|TAMS 0x00000000ac800000| PB 0x00000000ac800000| Complete 
| 713|0x00000000ac900000, 0x00000000aca00000, 0x00000000aca00000|100%| E|CS|TAMS 0x00000000ac900000| PB 0x00000000ac900000| Complete 
| 714|0x00000000aca00000, 0x00000000acb00000, 0x00000000acb00000|100%| E|CS|TAMS 0x00000000aca00000| PB 0x00000000aca00000| Complete 
| 715|0x00000000acb00000, 0x00000000acc00000, 0x00000000acc00000|100%| E|CS|TAMS 0x00000000acb00000| PB 0x00000000acb00000| Complete 
| 716|0x00000000acc00000, 0x00000000acd00000, 0x00000000acd00000|100%| E|CS|TAMS 0x00000000acc00000| PB 0x00000000acc00000| Complete 
| 717|0x00000000acd00000, 0x00000000ace00000, 0x00000000ace00000|100%| E|CS|TAMS 0x00000000acd00000| PB 0x00000000acd00000| Complete 
| 718|0x00000000ace00000, 0x00000000acf00000, 0x00000000acf00000|100%| E|CS|TAMS 0x00000000ace00000| PB 0x00000000ace00000| Complete 
| 719|0x00000000acf00000, 0x00000000ad000000, 0x00000000ad000000|100%| E|CS|TAMS 0x00000000acf00000| PB 0x00000000acf00000| Complete 
| 720|0x00000000ad000000, 0x00000000ad100000, 0x00000000ad100000|100%| E|CS|TAMS 0x00000000ad000000| PB 0x00000000ad000000| Complete 
| 721|0x00000000ad100000, 0x00000000ad200000, 0x00000000ad200000|100%| E|CS|TAMS 0x00000000ad100000| PB 0x00000000ad100000| Complete 
| 722|0x00000000ad200000, 0x00000000ad300000, 0x00000000ad300000|100%| E|CS|TAMS 0x00000000ad200000| PB 0x00000000ad200000| Complete 
| 723|0x00000000ad300000, 0x00000000ad400000, 0x00000000ad400000|100%| E|CS|TAMS 0x00000000ad300000| PB 0x00000000ad300000| Complete 
| 724|0x00000000ad400000, 0x00000000ad500000, 0x00000000ad500000|100%| E|CS|TAMS 0x00000000ad400000| PB 0x00000000ad400000| Complete 
| 725|0x00000000ad500000, 0x00000000ad600000, 0x00000000ad600000|100%| E|CS|TAMS 0x00000000ad500000| PB 0x00000000ad500000| Complete 
| 726|0x00000000ad600000, 0x00000000ad700000, 0x00000000ad700000|100%| E|CS|TAMS 0x00000000ad600000| PB 0x00000000ad600000| Complete 
| 727|0x00000000ad700000, 0x00000000ad800000, 0x00000000ad800000|100%| E|CS|TAMS 0x00000000ad700000| PB 0x00000000ad700000| Complete 
| 728|0x00000000ad800000, 0x00000000ad900000, 0x00000000ad900000|100%| E|CS|TAMS 0x00000000ad800000| PB 0x00000000ad800000| Complete 
| 729|0x00000000ad900000, 0x00000000ada00000, 0x00000000ada00000|100%| E|CS|TAMS 0x00000000ad900000| PB 0x00000000ad900000| Complete 
| 730|0x00000000ada00000, 0x00000000adb00000, 0x00000000adb00000|100%| E|CS|TAMS 0x00000000ada00000| PB 0x00000000ada00000| Complete 
| 731|0x00000000adb00000, 0x00000000adc00000, 0x00000000adc00000|100%| E|CS|TAMS 0x00000000adb00000| PB 0x00000000adb00000| Complete 
| 732|0x00000000adc00000, 0x00000000add00000, 0x00000000add00000|100%| E|CS|TAMS 0x00000000adc00000| PB 0x00000000adc00000| Complete 
| 733|0x00000000add00000, 0x00000000ade00000, 0x00000000ade00000|100%| E|CS|TAMS 0x00000000add00000| PB 0x00000000add00000| Complete 
| 734|0x00000000ade00000, 0x00000000adf00000, 0x00000000adf00000|100%| E|CS|TAMS 0x00000000ade00000| PB 0x00000000ade00000| Complete 
| 735|0x00000000adf00000, 0x00000000ae000000, 0x00000000ae000000|100%| E|CS|TAMS 0x00000000adf00000| PB 0x00000000adf00000| Complete 
| 736|0x00000000ae000000, 0x00000000ae100000, 0x00000000ae100000|100%| E|CS|TAMS 0x00000000ae000000| PB 0x00000000ae000000| Complete 
| 737|0x00000000ae100000, 0x00000000ae200000, 0x00000000ae200000|100%| E|CS|TAMS 0x00000000ae100000| PB 0x00000000ae100000| Complete 
| 738|0x00000000ae200000, 0x00000000ae300000, 0x00000000ae300000|100%| E|CS|TAMS 0x00000000ae200000| PB 0x00000000ae200000| Complete 
| 739|0x00000000ae300000, 0x00000000ae400000, 0x00000000ae400000|100%| E|CS|TAMS 0x00000000ae300000| PB 0x00000000ae300000| Complete 
| 740|0x00000000ae400000, 0x00000000ae500000, 0x00000000ae500000|100%| E|CS|TAMS 0x00000000ae400000| PB 0x00000000ae400000| Complete 
| 741|0x00000000ae500000, 0x00000000ae600000, 0x00000000ae600000|100%| E|CS|TAMS 0x00000000ae500000| PB 0x00000000ae500000| Complete 
| 742|0x00000000ae600000, 0x00000000ae700000, 0x00000000ae700000|100%| E|CS|TAMS 0x00000000ae600000| PB 0x00000000ae600000| Complete 
| 743|0x00000000ae700000, 0x00000000ae800000, 0x00000000ae800000|100%| E|CS|TAMS 0x00000000ae700000| PB 0x00000000ae700000| Complete 
| 744|0x00000000ae800000, 0x00000000ae900000, 0x00000000ae900000|100%| E|CS|TAMS 0x00000000ae800000| PB 0x00000000ae800000| Complete 
| 745|0x00000000ae900000, 0x00000000aea00000, 0x00000000aea00000|100%| E|CS|TAMS 0x00000000ae900000| PB 0x00000000ae900000| Complete 
| 746|0x00000000aea00000, 0x00000000aeb00000, 0x00000000aeb00000|100%| E|CS|TAMS 0x00000000aea00000| PB 0x00000000aea00000| Complete 
| 747|0x00000000aeb00000, 0x00000000aec00000, 0x00000000aec00000|100%| E|CS|TAMS 0x00000000aeb00000| PB 0x00000000aeb00000| Complete 
| 748|0x00000000aec00000, 0x00000000aed00000, 0x00000000aed00000|100%| E|CS|TAMS 0x00000000aec00000| PB 0x00000000aec00000| Complete 
| 749|0x00000000aed00000, 0x00000000aee00000, 0x00000000aee00000|100%| E|CS|TAMS 0x00000000aed00000| PB 0x00000000aed00000| Complete 
| 750|0x00000000aee00000, 0x00000000aef00000, 0x00000000aef00000|100%| E|CS|TAMS 0x00000000aee00000| PB 0x00000000aee00000| Complete 
| 751|0x00000000aef00000, 0x00000000af000000, 0x00000000af000000|100%| E|CS|TAMS 0x00000000aef00000| PB 0x00000000aef00000| Complete 
| 752|0x00000000af000000, 0x00000000af100000, 0x00000000af100000|100%| E|CS|TAMS 0x00000000af000000| PB 0x00000000af000000| Complete 
| 753|0x00000000af100000, 0x00000000af200000, 0x00000000af200000|100%| E|CS|TAMS 0x00000000af100000| PB 0x00000000af100000| Complete 
| 754|0x00000000af200000, 0x00000000af300000, 0x00000000af300000|100%| E|CS|TAMS 0x00000000af200000| PB 0x00000000af200000| Complete 
| 755|0x00000000af300000, 0x00000000af400000, 0x00000000af400000|100%| E|CS|TAMS 0x00000000af300000| PB 0x00000000af300000| Complete 
| 756|0x00000000af400000, 0x00000000af500000, 0x00000000af500000|100%| E|CS|TAMS 0x00000000af400000| PB 0x00000000af400000| Complete 
| 757|0x00000000af500000, 0x00000000af600000, 0x00000000af600000|100%| E|CS|TAMS 0x00000000af500000| PB 0x00000000af500000| Complete 
| 758|0x00000000af600000, 0x00000000af700000, 0x00000000af700000|100%| E|CS|TAMS 0x00000000af600000| PB 0x00000000af600000| Complete 
| 759|0x00000000af700000, 0x00000000af800000, 0x00000000af800000|100%| E|CS|TAMS 0x00000000af700000| PB 0x00000000af700000| Complete 
| 760|0x00000000af800000, 0x00000000af900000, 0x00000000af900000|100%| E|CS|TAMS 0x00000000af800000| PB 0x00000000af800000| Complete 
| 761|0x00000000af900000, 0x00000000afa00000, 0x00000000afa00000|100%| E|CS|TAMS 0x00000000af900000| PB 0x00000000af900000| Complete 
| 762|0x00000000afa00000, 0x00000000afb00000, 0x00000000afb00000|100%| E|CS|TAMS 0x00000000afa00000| PB 0x00000000afa00000| Complete 
| 763|0x00000000afb00000, 0x00000000afc00000, 0x00000000afc00000|100%| E|CS|TAMS 0x00000000afb00000| PB 0x00000000afb00000| Complete 
| 764|0x00000000afc00000, 0x00000000afd00000, 0x00000000afd00000|100%| E|CS|TAMS 0x00000000afc00000| PB 0x00000000afc00000| Complete 
| 765|0x00000000afd00000, 0x00000000afe00000, 0x00000000afe00000|100%| E|CS|TAMS 0x00000000afd00000| PB 0x00000000afd00000| Complete 
| 766|0x00000000afe00000, 0x00000000aff00000, 0x00000000aff00000|100%| E|CS|TAMS 0x00000000afe00000| PB 0x00000000afe00000| Complete 
| 767|0x00000000aff00000, 0x00000000b0000000, 0x00000000b0000000|100%| E|CS|TAMS 0x00000000aff00000| PB 0x00000000aff00000| Complete 
| 768|0x00000000b0000000, 0x00000000b0100000, 0x00000000b0100000|100%| E|CS|TAMS 0x00000000b0000000| PB 0x00000000b0000000| Complete 
| 769|0x00000000b0100000, 0x00000000b0200000, 0x00000000b0200000|100%| E|CS|TAMS 0x00000000b0100000| PB 0x00000000b0100000| Complete 
| 770|0x00000000b0200000, 0x00000000b0300000, 0x00000000b0300000|100%| E|CS|TAMS 0x00000000b0200000| PB 0x00000000b0200000| Complete 
| 771|0x00000000b0300000, 0x00000000b0400000, 0x00000000b0400000|100%| E|CS|TAMS 0x00000000b0300000| PB 0x00000000b0300000| Complete 
| 772|0x00000000b0400000, 0x00000000b0500000, 0x00000000b0500000|100%| E|CS|TAMS 0x00000000b0400000| PB 0x00000000b0400000| Complete 
| 773|0x00000000b0500000, 0x00000000b0600000, 0x00000000b0600000|100%| E|CS|TAMS 0x00000000b0500000| PB 0x00000000b0500000| Complete 
| 774|0x00000000b0600000, 0x00000000b0700000, 0x00000000b0700000|100%| E|CS|TAMS 0x00000000b0600000| PB 0x00000000b0600000| Complete 
| 775|0x00000000b0700000, 0x00000000b0800000, 0x00000000b0800000|100%| E|CS|TAMS 0x00000000b0700000| PB 0x00000000b0700000| Complete 
| 776|0x00000000b0800000, 0x00000000b0900000, 0x00000000b0900000|100%| E|CS|TAMS 0x00000000b0800000| PB 0x00000000b0800000| Complete 
| 777|0x00000000b0900000, 0x00000000b0a00000, 0x00000000b0a00000|100%| E|CS|TAMS 0x00000000b0900000| PB 0x00000000b0900000| Complete 
| 778|0x00000000b0a00000, 0x00000000b0b00000, 0x00000000b0b00000|100%| E|CS|TAMS 0x00000000b0a00000| PB 0x00000000b0a00000| Complete 
| 779|0x00000000b0b00000, 0x00000000b0c00000, 0x00000000b0c00000|100%| E|CS|TAMS 0x00000000b0b00000| PB 0x00000000b0b00000| Complete 
| 780|0x00000000b0c00000, 0x00000000b0d00000, 0x00000000b0d00000|100%| E|CS|TAMS 0x00000000b0c00000| PB 0x00000000b0c00000| Complete 
| 781|0x00000000b0d00000, 0x00000000b0e00000, 0x00000000b0e00000|100%| E|CS|TAMS 0x00000000b0d00000| PB 0x00000000b0d00000| Complete 
| 782|0x00000000b0e00000, 0x00000000b0f00000, 0x00000000b0f00000|100%| E|CS|TAMS 0x00000000b0e00000| PB 0x00000000b0e00000| Complete 
| 783|0x00000000b0f00000, 0x00000000b1000000, 0x00000000b1000000|100%| E|CS|TAMS 0x00000000b0f00000| PB 0x00000000b0f00000| Complete 
| 784|0x00000000b1000000, 0x00000000b1100000, 0x00000000b1100000|100%| E|CS|TAMS 0x00000000b1000000| PB 0x00000000b1000000| Complete 
| 785|0x00000000b1100000, 0x00000000b1200000, 0x00000000b1200000|100%| E|CS|TAMS 0x00000000b1100000| PB 0x00000000b1100000| Complete 
| 786|0x00000000b1200000, 0x00000000b1300000, 0x00000000b1300000|100%| E|CS|TAMS 0x00000000b1200000| PB 0x00000000b1200000| Complete 
| 787|0x00000000b1300000, 0x00000000b1400000, 0x00000000b1400000|100%| E|CS|TAMS 0x00000000b1300000| PB 0x00000000b1300000| Complete 
| 788|0x00000000b1400000, 0x00000000b1500000, 0x00000000b1500000|100%| E|CS|TAMS 0x00000000b1400000| PB 0x00000000b1400000| Complete 
| 789|0x00000000b1500000, 0x00000000b1600000, 0x00000000b1600000|100%| E|CS|TAMS 0x00000000b1500000| PB 0x00000000b1500000| Complete 
| 790|0x00000000b1600000, 0x00000000b1700000, 0x00000000b1700000|100%| E|CS|TAMS 0x00000000b1600000| PB 0x00000000b1600000| Complete 
| 791|0x00000000b1700000, 0x00000000b1800000, 0x00000000b1800000|100%| E|CS|TAMS 0x00000000b1700000| PB 0x00000000b1700000| Complete 
| 792|0x00000000b1800000, 0x00000000b1900000, 0x00000000b1900000|100%| E|CS|TAMS 0x00000000b1800000| PB 0x00000000b1800000| Complete 
| 793|0x00000000b1900000, 0x00000000b1a00000, 0x00000000b1a00000|100%| E|CS|TAMS 0x00000000b1900000| PB 0x00000000b1900000| Complete 
| 794|0x00000000b1a00000, 0x00000000b1b00000, 0x00000000b1b00000|100%| E|CS|TAMS 0x00000000b1a00000| PB 0x00000000b1a00000| Complete 
| 795|0x00000000b1b00000, 0x00000000b1c00000, 0x00000000b1c00000|100%| E|CS|TAMS 0x00000000b1b00000| PB 0x00000000b1b00000| Complete 
| 796|0x00000000b1c00000, 0x00000000b1d00000, 0x00000000b1d00000|100%| E|CS|TAMS 0x00000000b1c00000| PB 0x00000000b1c00000| Complete 
| 797|0x00000000b1d00000, 0x00000000b1e00000, 0x00000000b1e00000|100%| E|CS|TAMS 0x00000000b1d00000| PB 0x00000000b1d00000| Complete 
| 798|0x00000000b1e00000, 0x00000000b1f00000, 0x00000000b1f00000|100%| E|CS|TAMS 0x00000000b1e00000| PB 0x00000000b1e00000| Complete 
| 799|0x00000000b1f00000, 0x00000000b2000000, 0x00000000b2000000|100%| E|CS|TAMS 0x00000000b1f00000| PB 0x00000000b1f00000| Complete 
| 800|0x00000000b2000000, 0x00000000b2100000, 0x00000000b2100000|100%| E|CS|TAMS 0x00000000b2000000| PB 0x00000000b2000000| Complete 
| 801|0x00000000b2100000, 0x00000000b2200000, 0x00000000b2200000|100%| E|CS|TAMS 0x00000000b2100000| PB 0x00000000b2100000| Complete 
| 802|0x00000000b2200000, 0x00000000b2300000, 0x00000000b2300000|100%| E|CS|TAMS 0x00000000b2200000| PB 0x00000000b2200000| Complete 
| 803|0x00000000b2300000, 0x00000000b2400000, 0x00000000b2400000|100%| E|CS|TAMS 0x00000000b2300000| PB 0x00000000b2300000| Complete 
| 804|0x00000000b2400000, 0x00000000b2500000, 0x00000000b2500000|100%| E|CS|TAMS 0x00000000b2400000| PB 0x00000000b2400000| Complete 
| 805|0x00000000b2500000, 0x00000000b2600000, 0x00000000b2600000|100%| E|CS|TAMS 0x00000000b2500000| PB 0x00000000b2500000| Complete 
| 806|0x00000000b2600000, 0x00000000b2700000, 0x00000000b2700000|100%| E|CS|TAMS 0x00000000b2600000| PB 0x00000000b2600000| Complete 
| 807|0x00000000b2700000, 0x00000000b2800000, 0x00000000b2800000|100%| E|CS|TAMS 0x00000000b2700000| PB 0x00000000b2700000| Complete 
| 808|0x00000000b2800000, 0x00000000b2900000, 0x00000000b2900000|100%| E|CS|TAMS 0x00000000b2800000| PB 0x00000000b2800000| Complete 
| 809|0x00000000b2900000, 0x00000000b2a00000, 0x00000000b2a00000|100%| E|CS|TAMS 0x00000000b2900000| PB 0x00000000b2900000| Complete 
| 810|0x00000000b2a00000, 0x00000000b2b00000, 0x00000000b2b00000|100%| E|CS|TAMS 0x00000000b2a00000| PB 0x00000000b2a00000| Complete 
| 811|0x00000000b2b00000, 0x00000000b2c00000, 0x00000000b2c00000|100%| E|CS|TAMS 0x00000000b2b00000| PB 0x00000000b2b00000| Complete 
| 812|0x00000000b2c00000, 0x00000000b2d00000, 0x00000000b2d00000|100%| E|CS|TAMS 0x00000000b2c00000| PB 0x00000000b2c00000| Complete 
| 813|0x00000000b2d00000, 0x00000000b2e00000, 0x00000000b2e00000|100%| E|CS|TAMS 0x00000000b2d00000| PB 0x00000000b2d00000| Complete 
| 814|0x00000000b2e00000, 0x00000000b2f00000, 0x00000000b2f00000|100%| E|CS|TAMS 0x00000000b2e00000| PB 0x00000000b2e00000| Complete 
| 815|0x00000000b2f00000, 0x00000000b3000000, 0x00000000b3000000|100%| E|CS|TAMS 0x00000000b2f00000| PB 0x00000000b2f00000| Complete 
| 816|0x00000000b3000000, 0x00000000b3100000, 0x00000000b3100000|100%| E|CS|TAMS 0x00000000b3000000| PB 0x00000000b3000000| Complete 
| 817|0x00000000b3100000, 0x00000000b3200000, 0x00000000b3200000|100%| E|CS|TAMS 0x00000000b3100000| PB 0x00000000b3100000| Complete 
| 818|0x00000000b3200000, 0x00000000b3300000, 0x00000000b3300000|100%| E|CS|TAMS 0x00000000b3200000| PB 0x00000000b3200000| Complete 
| 819|0x00000000b3300000, 0x00000000b3400000, 0x00000000b3400000|100%| E|CS|TAMS 0x00000000b3300000| PB 0x00000000b3300000| Complete 
| 820|0x00000000b3400000, 0x00000000b3500000, 0x00000000b3500000|100%| E|CS|TAMS 0x00000000b3400000| PB 0x00000000b3400000| Complete 
| 821|0x00000000b3500000, 0x00000000b3600000, 0x00000000b3600000|100%| E|CS|TAMS 0x00000000b3500000| PB 0x00000000b3500000| Complete 
| 822|0x00000000b3600000, 0x00000000b3700000, 0x00000000b3700000|100%| E|CS|TAMS 0x00000000b3600000| PB 0x00000000b3600000| Complete 
| 823|0x00000000b3700000, 0x00000000b3800000, 0x00000000b3800000|100%| E|CS|TAMS 0x00000000b3700000| PB 0x00000000b3700000| Complete 
| 824|0x00000000b3800000, 0x00000000b3900000, 0x00000000b3900000|100%| E|CS|TAMS 0x00000000b3800000| PB 0x00000000b3800000| Complete 
| 825|0x00000000b3900000, 0x00000000b3a00000, 0x00000000b3a00000|100%| E|CS|TAMS 0x00000000b3900000| PB 0x00000000b3900000| Complete 
| 826|0x00000000b3a00000, 0x00000000b3b00000, 0x00000000b3b00000|100%| E|CS|TAMS 0x00000000b3a00000| PB 0x00000000b3a00000| Complete 
| 827|0x00000000b3b00000, 0x00000000b3c00000, 0x00000000b3c00000|100%| E|CS|TAMS 0x00000000b3b00000| PB 0x00000000b3b00000| Complete 
| 828|0x00000000b3c00000, 0x00000000b3d00000, 0x00000000b3d00000|100%| E|CS|TAMS 0x00000000b3c00000| PB 0x00000000b3c00000| Complete 
| 829|0x00000000b3d00000, 0x00000000b3e00000, 0x00000000b3e00000|100%| E|CS|TAMS 0x00000000b3d00000| PB 0x00000000b3d00000| Complete 
| 830|0x00000000b3e00000, 0x00000000b3f00000, 0x00000000b3f00000|100%| E|CS|TAMS 0x00000000b3e00000| PB 0x00000000b3e00000| Complete 
| 831|0x00000000b3f00000, 0x00000000b4000000, 0x00000000b4000000|100%| E|CS|TAMS 0x00000000b3f00000| PB 0x00000000b3f00000| Complete 
| 832|0x00000000b4000000, 0x00000000b4100000, 0x00000000b4100000|100%| E|CS|TAMS 0x00000000b4000000| PB 0x00000000b4000000| Complete 
| 833|0x00000000b4100000, 0x00000000b4200000, 0x00000000b4200000|100%| E|CS|TAMS 0x00000000b4100000| PB 0x00000000b4100000| Complete 
| 834|0x00000000b4200000, 0x00000000b4300000, 0x00000000b4300000|100%| E|CS|TAMS 0x00000000b4200000| PB 0x00000000b4200000| Complete 
| 835|0x00000000b4300000, 0x00000000b4400000, 0x00000000b4400000|100%| E|CS|TAMS 0x00000000b4300000| PB 0x00000000b4300000| Complete 
| 836|0x00000000b4400000, 0x00000000b4500000, 0x00000000b4500000|100%| E|CS|TAMS 0x00000000b4400000| PB 0x00000000b4400000| Complete 
| 837|0x00000000b4500000, 0x00000000b4600000, 0x00000000b4600000|100%| E|CS|TAMS 0x00000000b4500000| PB 0x00000000b4500000| Complete 
| 838|0x00000000b4600000, 0x00000000b4700000, 0x00000000b4700000|100%| E|CS|TAMS 0x00000000b4600000| PB 0x00000000b4600000| Complete 
| 839|0x00000000b4700000, 0x00000000b4800000, 0x00000000b4800000|100%| E|CS|TAMS 0x00000000b4700000| PB 0x00000000b4700000| Complete 
| 840|0x00000000b4800000, 0x00000000b4900000, 0x00000000b4900000|100%| E|CS|TAMS 0x00000000b4800000| PB 0x00000000b4800000| Complete 
| 841|0x00000000b4900000, 0x00000000b4a00000, 0x00000000b4a00000|100%| E|CS|TAMS 0x00000000b4900000| PB 0x00000000b4900000| Complete 
| 842|0x00000000b4a00000, 0x00000000b4b00000, 0x00000000b4b00000|100%| E|CS|TAMS 0x00000000b4a00000| PB 0x00000000b4a00000| Complete 
| 843|0x00000000b4b00000, 0x00000000b4c00000, 0x00000000b4c00000|100%| E|CS|TAMS 0x00000000b4b00000| PB 0x00000000b4b00000| Complete 
| 844|0x00000000b4c00000, 0x00000000b4d00000, 0x00000000b4d00000|100%| E|CS|TAMS 0x00000000b4c00000| PB 0x00000000b4c00000| Complete 
| 845|0x00000000b4d00000, 0x00000000b4e00000, 0x00000000b4e00000|100%| E|CS|TAMS 0x00000000b4d00000| PB 0x00000000b4d00000| Complete 
| 846|0x00000000b4e00000, 0x00000000b4f00000, 0x00000000b4f00000|100%| E|CS|TAMS 0x00000000b4e00000| PB 0x00000000b4e00000| Complete 
| 847|0x00000000b4f00000, 0x00000000b5000000, 0x00000000b5000000|100%| E|CS|TAMS 0x00000000b4f00000| PB 0x00000000b4f00000| Complete 
| 848|0x00000000b5000000, 0x00000000b5100000, 0x00000000b5100000|100%| E|CS|TAMS 0x00000000b5000000| PB 0x00000000b5000000| Complete 
| 849|0x00000000b5100000, 0x00000000b5200000, 0x00000000b5200000|100%| E|CS|TAMS 0x00000000b5100000| PB 0x00000000b5100000| Complete 
| 850|0x00000000b5200000, 0x00000000b5300000, 0x00000000b5300000|100%| E|CS|TAMS 0x00000000b5200000| PB 0x00000000b5200000| Complete 
| 851|0x00000000b5300000, 0x00000000b5400000, 0x00000000b5400000|100%| E|CS|TAMS 0x00000000b5300000| PB 0x00000000b5300000| Complete 
| 852|0x00000000b5400000, 0x00000000b5500000, 0x00000000b5500000|100%| E|CS|TAMS 0x00000000b5400000| PB 0x00000000b5400000| Complete 
| 853|0x00000000b5500000, 0x00000000b5600000, 0x00000000b5600000|100%| E|CS|TAMS 0x00000000b5500000| PB 0x00000000b5500000| Complete 
| 854|0x00000000b5600000, 0x00000000b5700000, 0x00000000b5700000|100%| E|CS|TAMS 0x00000000b5600000| PB 0x00000000b5600000| Complete 
| 855|0x00000000b5700000, 0x00000000b5800000, 0x00000000b5800000|100%| E|CS|TAMS 0x00000000b5700000| PB 0x00000000b5700000| Complete 
| 856|0x00000000b5800000, 0x00000000b5900000, 0x00000000b5900000|100%| E|CS|TAMS 0x00000000b5800000| PB 0x00000000b5800000| Complete 
| 857|0x00000000b5900000, 0x00000000b5a00000, 0x00000000b5a00000|100%| E|CS|TAMS 0x00000000b5900000| PB 0x00000000b5900000| Complete 
| 858|0x00000000b5a00000, 0x00000000b5b00000, 0x00000000b5b00000|100%| E|CS|TAMS 0x00000000b5a00000| PB 0x00000000b5a00000| Complete 
| 859|0x00000000b5b00000, 0x00000000b5c00000, 0x00000000b5c00000|100%| E|CS|TAMS 0x00000000b5b00000| PB 0x00000000b5b00000| Complete 
| 860|0x00000000b5c00000, 0x00000000b5d00000, 0x00000000b5d00000|100%| E|CS|TAMS 0x00000000b5c00000| PB 0x00000000b5c00000| Complete 
| 861|0x00000000b5d00000, 0x00000000b5e00000, 0x00000000b5e00000|100%| E|CS|TAMS 0x00000000b5d00000| PB 0x00000000b5d00000| Complete 
| 862|0x00000000b5e00000, 0x00000000b5f00000, 0x00000000b5f00000|100%| E|CS|TAMS 0x00000000b5e00000| PB 0x00000000b5e00000| Complete 
| 863|0x00000000b5f00000, 0x00000000b6000000, 0x00000000b6000000|100%| E|CS|TAMS 0x00000000b5f00000| PB 0x00000000b5f00000| Complete 
| 864|0x00000000b6000000, 0x00000000b6100000, 0x00000000b6100000|100%| E|CS|TAMS 0x00000000b6000000| PB 0x00000000b6000000| Complete 
| 865|0x00000000b6100000, 0x00000000b6200000, 0x00000000b6200000|100%| E|CS|TAMS 0x00000000b6100000| PB 0x00000000b6100000| Complete 
| 866|0x00000000b6200000, 0x00000000b6300000, 0x00000000b6300000|100%| E|CS|TAMS 0x00000000b6200000| PB 0x00000000b6200000| Complete 
| 867|0x00000000b6300000, 0x00000000b6400000, 0x00000000b6400000|100%| E|CS|TAMS 0x00000000b6300000| PB 0x00000000b6300000| Complete 
| 868|0x00000000b6400000, 0x00000000b6500000, 0x00000000b6500000|100%| E|CS|TAMS 0x00000000b6400000| PB 0x00000000b6400000| Complete 
| 869|0x00000000b6500000, 0x00000000b6600000, 0x00000000b6600000|100%| E|CS|TAMS 0x00000000b6500000| PB 0x00000000b6500000| Complete 
| 870|0x00000000b6600000, 0x00000000b6700000, 0x00000000b6700000|100%| E|CS|TAMS 0x00000000b6600000| PB 0x00000000b6600000| Complete 
| 871|0x00000000b6700000, 0x00000000b6800000, 0x00000000b6800000|100%| E|CS|TAMS 0x00000000b6700000| PB 0x00000000b6700000| Complete 
| 872|0x00000000b6800000, 0x00000000b6900000, 0x00000000b6900000|100%| E|CS|TAMS 0x00000000b6800000| PB 0x00000000b6800000| Complete 
| 873|0x00000000b6900000, 0x00000000b6a00000, 0x00000000b6a00000|100%| E|CS|TAMS 0x00000000b6900000| PB 0x00000000b6900000| Complete 
| 874|0x00000000b6a00000, 0x00000000b6b00000, 0x00000000b6b00000|100%| E|CS|TAMS 0x00000000b6a00000| PB 0x00000000b6a00000| Complete 
| 875|0x00000000b6b00000, 0x00000000b6c00000, 0x00000000b6c00000|100%| E|CS|TAMS 0x00000000b6b00000| PB 0x00000000b6b00000| Complete 
| 876|0x00000000b6c00000, 0x00000000b6d00000, 0x00000000b6d00000|100%| E|CS|TAMS 0x00000000b6c00000| PB 0x00000000b6c00000| Complete 
| 877|0x00000000b6d00000, 0x00000000b6e00000, 0x00000000b6e00000|100%| E|CS|TAMS 0x00000000b6d00000| PB 0x00000000b6d00000| Complete 
| 878|0x00000000b6e00000, 0x00000000b6f00000, 0x00000000b6f00000|100%| E|CS|TAMS 0x00000000b6e00000| PB 0x00000000b6e00000| Complete 
| 879|0x00000000b6f00000, 0x00000000b7000000, 0x00000000b7000000|100%| E|CS|TAMS 0x00000000b6f00000| PB 0x00000000b6f00000| Complete 
| 880|0x00000000b7000000, 0x00000000b7100000, 0x00000000b7100000|100%| E|CS|TAMS 0x00000000b7000000| PB 0x00000000b7000000| Complete 
| 881|0x00000000b7100000, 0x00000000b7200000, 0x00000000b7200000|100%| E|CS|TAMS 0x00000000b7100000| PB 0x00000000b7100000| Complete 
| 882|0x00000000b7200000, 0x00000000b7300000, 0x00000000b7300000|100%| E|CS|TAMS 0x00000000b7200000| PB 0x00000000b7200000| Complete 
| 883|0x00000000b7300000, 0x00000000b7400000, 0x00000000b7400000|100%| E|CS|TAMS 0x00000000b7300000| PB 0x00000000b7300000| Complete 
| 884|0x00000000b7400000, 0x00000000b7500000, 0x00000000b7500000|100%| E|CS|TAMS 0x00000000b7400000| PB 0x00000000b7400000| Complete 
| 885|0x00000000b7500000, 0x00000000b7600000, 0x00000000b7600000|100%| E|CS|TAMS 0x00000000b7500000| PB 0x00000000b7500000| Complete 
| 886|0x00000000b7600000, 0x00000000b7700000, 0x00000000b7700000|100%| E|CS|TAMS 0x00000000b7600000| PB 0x00000000b7600000| Complete 
| 887|0x00000000b7700000, 0x00000000b7800000, 0x00000000b7800000|100%| E|CS|TAMS 0x00000000b7700000| PB 0x00000000b7700000| Complete 
| 888|0x00000000b7800000, 0x00000000b7900000, 0x00000000b7900000|100%| E|CS|TAMS 0x00000000b7800000| PB 0x00000000b7800000| Complete 
| 889|0x00000000b7900000, 0x00000000b7a00000, 0x00000000b7a00000|100%| E|CS|TAMS 0x00000000b7900000| PB 0x00000000b7900000| Complete 
| 890|0x00000000b7a00000, 0x00000000b7b00000, 0x00000000b7b00000|100%| E|CS|TAMS 0x00000000b7a00000| PB 0x00000000b7a00000| Complete 
| 891|0x00000000b7b00000, 0x00000000b7c00000, 0x00000000b7c00000|100%| E|CS|TAMS 0x00000000b7b00000| PB 0x00000000b7b00000| Complete 
| 892|0x00000000b7c00000, 0x00000000b7d00000, 0x00000000b7d00000|100%| E|CS|TAMS 0x00000000b7c00000| PB 0x00000000b7c00000| Complete 
| 893|0x00000000b7d00000, 0x00000000b7e00000, 0x00000000b7e00000|100%| E|CS|TAMS 0x00000000b7d00000| PB 0x00000000b7d00000| Complete 
| 894|0x00000000b7e00000, 0x00000000b7f00000, 0x00000000b7f00000|100%| E|CS|TAMS 0x00000000b7e00000| PB 0x00000000b7e00000| Complete 
| 895|0x00000000b7f00000, 0x00000000b8000000, 0x00000000b8000000|100%| E|CS|TAMS 0x00000000b7f00000| PB 0x00000000b7f00000| Complete 
| 896|0x00000000b8000000, 0x00000000b8100000, 0x00000000b8100000|100%| E|CS|TAMS 0x00000000b8000000| PB 0x00000000b8000000| Complete 
| 897|0x00000000b8100000, 0x00000000b8200000, 0x00000000b8200000|100%| E|CS|TAMS 0x00000000b8100000| PB 0x00000000b8100000| Complete 
| 898|0x00000000b8200000, 0x00000000b8300000, 0x00000000b8300000|100%| E|CS|TAMS 0x00000000b8200000| PB 0x00000000b8200000| Complete 
| 899|0x00000000b8300000, 0x00000000b8400000, 0x00000000b8400000|100%| E|CS|TAMS 0x00000000b8300000| PB 0x00000000b8300000| Complete 
| 900|0x00000000b8400000, 0x00000000b8500000, 0x00000000b8500000|100%| E|CS|TAMS 0x00000000b8400000| PB 0x00000000b8400000| Complete 
| 901|0x00000000b8500000, 0x00000000b8600000, 0x00000000b8600000|100%| E|CS|TAMS 0x00000000b8500000| PB 0x00000000b8500000| Complete 
| 902|0x00000000b8600000, 0x00000000b8700000, 0x00000000b8700000|100%| E|CS|TAMS 0x00000000b8600000| PB 0x00000000b8600000| Complete 
| 903|0x00000000b8700000, 0x00000000b8800000, 0x00000000b8800000|100%| E|CS|TAMS 0x00000000b8700000| PB 0x00000000b8700000| Complete 
| 904|0x00000000b8800000, 0x00000000b8900000, 0x00000000b8900000|100%| E|CS|TAMS 0x00000000b8800000| PB 0x00000000b8800000| Complete 
| 905|0x00000000b8900000, 0x00000000b8a00000, 0x00000000b8a00000|100%| E|CS|TAMS 0x00000000b8900000| PB 0x00000000b8900000| Complete 
| 906|0x00000000b8a00000, 0x00000000b8b00000, 0x00000000b8b00000|100%| E|CS|TAMS 0x00000000b8a00000| PB 0x00000000b8a00000| Complete 
| 907|0x00000000b8b00000, 0x00000000b8c00000, 0x00000000b8c00000|100%| E|CS|TAMS 0x00000000b8b00000| PB 0x00000000b8b00000| Complete 
| 908|0x00000000b8c00000, 0x00000000b8d00000, 0x00000000b8d00000|100%| E|CS|TAMS 0x00000000b8c00000| PB 0x00000000b8c00000| Complete 
| 909|0x00000000b8d00000, 0x00000000b8e00000, 0x00000000b8e00000|100%| E|CS|TAMS 0x00000000b8d00000| PB 0x00000000b8d00000| Complete 
| 910|0x00000000b8e00000, 0x00000000b8f00000, 0x00000000b8f00000|100%| E|CS|TAMS 0x00000000b8e00000| PB 0x00000000b8e00000| Complete 
| 911|0x00000000b8f00000, 0x00000000b9000000, 0x00000000b9000000|100%| E|CS|TAMS 0x00000000b8f00000| PB 0x00000000b8f00000| Complete 
| 912|0x00000000b9000000, 0x00000000b9100000, 0x00000000b9100000|100%| E|CS|TAMS 0x00000000b9000000| PB 0x00000000b9000000| Complete 
| 913|0x00000000b9100000, 0x00000000b9200000, 0x00000000b9200000|100%| E|CS|TAMS 0x00000000b9100000| PB 0x00000000b9100000| Complete 
| 914|0x00000000b9200000, 0x00000000b9300000, 0x00000000b9300000|100%| E|CS|TAMS 0x00000000b9200000| PB 0x00000000b9200000| Complete 
| 915|0x00000000b9300000, 0x00000000b9400000, 0x00000000b9400000|100%| E|CS|TAMS 0x00000000b9300000| PB 0x00000000b9300000| Complete 
| 916|0x00000000b9400000, 0x00000000b9500000, 0x00000000b9500000|100%| E|CS|TAMS 0x00000000b9400000| PB 0x00000000b9400000| Complete 
| 917|0x00000000b9500000, 0x00000000b9600000, 0x00000000b9600000|100%| E|CS|TAMS 0x00000000b9500000| PB 0x00000000b9500000| Complete 
| 918|0x00000000b9600000, 0x00000000b9700000, 0x00000000b9700000|100%| E|CS|TAMS 0x00000000b9600000| PB 0x00000000b9600000| Complete 
| 919|0x00000000b9700000, 0x00000000b9800000, 0x00000000b9800000|100%| E|CS|TAMS 0x00000000b9700000| PB 0x00000000b9700000| Complete 
| 920|0x00000000b9800000, 0x00000000b9900000, 0x00000000b9900000|100%| E|CS|TAMS 0x00000000b9800000| PB 0x00000000b9800000| Complete 
| 921|0x00000000b9900000, 0x00000000b9a00000, 0x00000000b9a00000|100%| E|CS|TAMS 0x00000000b9900000| PB 0x00000000b9900000| Complete 
| 922|0x00000000b9a00000, 0x00000000b9b00000, 0x00000000b9b00000|100%| E|CS|TAMS 0x00000000b9a00000| PB 0x00000000b9a00000| Complete 
| 923|0x00000000b9b00000, 0x00000000b9c00000, 0x00000000b9c00000|100%| E|CS|TAMS 0x00000000b9b00000| PB 0x00000000b9b00000| Complete 
| 924|0x00000000b9c00000, 0x00000000b9d00000, 0x00000000b9d00000|100%| E|CS|TAMS 0x00000000b9c00000| PB 0x00000000b9c00000| Complete 
| 925|0x00000000b9d00000, 0x00000000b9e00000, 0x00000000b9e00000|100%| E|CS|TAMS 0x00000000b9d00000| PB 0x00000000b9d00000| Complete 
| 926|0x00000000b9e00000, 0x00000000b9f00000, 0x00000000b9f00000|100%| E|CS|TAMS 0x00000000b9e00000| PB 0x00000000b9e00000| Complete 
| 927|0x00000000b9f00000, 0x00000000ba000000, 0x00000000ba000000|100%| E|CS|TAMS 0x00000000b9f00000| PB 0x00000000b9f00000| Complete 
| 928|0x00000000ba000000, 0x00000000ba100000, 0x00000000ba100000|100%| E|CS|TAMS 0x00000000ba000000| PB 0x00000000ba000000| Complete 
| 929|0x00000000ba100000, 0x00000000ba200000, 0x00000000ba200000|100%| E|CS|TAMS 0x00000000ba100000| PB 0x00000000ba100000| Complete 
| 930|0x00000000ba200000, 0x00000000ba300000, 0x00000000ba300000|100%| E|CS|TAMS 0x00000000ba200000| PB 0x00000000ba200000| Complete 
| 931|0x00000000ba300000, 0x00000000ba400000, 0x00000000ba400000|100%| E|CS|TAMS 0x00000000ba300000| PB 0x00000000ba300000| Complete 
| 932|0x00000000ba400000, 0x00000000ba500000, 0x00000000ba500000|100%| E|CS|TAMS 0x00000000ba400000| PB 0x00000000ba400000| Complete 
| 933|0x00000000ba500000, 0x00000000ba600000, 0x00000000ba600000|100%| E|CS|TAMS 0x00000000ba500000| PB 0x00000000ba500000| Complete 
| 934|0x00000000ba600000, 0x00000000ba700000, 0x00000000ba700000|100%| E|CS|TAMS 0x00000000ba600000| PB 0x00000000ba600000| Complete 
| 935|0x00000000ba700000, 0x00000000ba800000, 0x00000000ba800000|100%| E|CS|TAMS 0x00000000ba700000| PB 0x00000000ba700000| Complete 
| 936|0x00000000ba800000, 0x00000000ba900000, 0x00000000ba900000|100%| E|CS|TAMS 0x00000000ba800000| PB 0x00000000ba800000| Complete 
| 937|0x00000000ba900000, 0x00000000baa00000, 0x00000000baa00000|100%| E|CS|TAMS 0x00000000ba900000| PB 0x00000000ba900000| Complete 
| 938|0x00000000baa00000, 0x00000000bab00000, 0x00000000bab00000|100%| E|CS|TAMS 0x00000000baa00000| PB 0x00000000baa00000| Complete 
| 939|0x00000000bab00000, 0x00000000bac00000, 0x00000000bac00000|100%| E|CS|TAMS 0x00000000bab00000| PB 0x00000000bab00000| Complete 
| 940|0x00000000bac00000, 0x00000000bad00000, 0x00000000bad00000|100%| E|CS|TAMS 0x00000000bac00000| PB 0x00000000bac00000| Complete 
| 941|0x00000000bad00000, 0x00000000bae00000, 0x00000000bae00000|100%| E|CS|TAMS 0x00000000bad00000| PB 0x00000000bad00000| Complete 
| 942|0x00000000bae00000, 0x00000000baf00000, 0x00000000baf00000|100%| E|CS|TAMS 0x00000000bae00000| PB 0x00000000bae00000| Complete 
| 943|0x00000000baf00000, 0x00000000bb000000, 0x00000000bb000000|100%| E|CS|TAMS 0x00000000baf00000| PB 0x00000000baf00000| Complete 
| 944|0x00000000bb000000, 0x00000000bb100000, 0x00000000bb100000|100%| E|CS|TAMS 0x00000000bb000000| PB 0x00000000bb000000| Complete 
| 945|0x00000000bb100000, 0x00000000bb200000, 0x00000000bb200000|100%| E|CS|TAMS 0x00000000bb100000| PB 0x00000000bb100000| Complete 
| 946|0x00000000bb200000, 0x00000000bb300000, 0x00000000bb300000|100%| E|CS|TAMS 0x00000000bb200000| PB 0x00000000bb200000| Complete 
| 947|0x00000000bb300000, 0x00000000bb400000, 0x00000000bb400000|100%| E|CS|TAMS 0x00000000bb300000| PB 0x00000000bb300000| Complete 
| 948|0x00000000bb400000, 0x00000000bb500000, 0x00000000bb500000|100%| E|CS|TAMS 0x00000000bb400000| PB 0x00000000bb400000| Complete 
| 949|0x00000000bb500000, 0x00000000bb600000, 0x00000000bb600000|100%| E|CS|TAMS 0x00000000bb500000| PB 0x00000000bb500000| Complete 
| 950|0x00000000bb600000, 0x00000000bb700000, 0x00000000bb700000|100%| E|CS|TAMS 0x00000000bb600000| PB 0x00000000bb600000| Complete 
| 951|0x00000000bb700000, 0x00000000bb800000, 0x00000000bb800000|100%| E|CS|TAMS 0x00000000bb700000| PB 0x00000000bb700000| Complete 
| 952|0x00000000bb800000, 0x00000000bb900000, 0x00000000bb900000|100%| E|CS|TAMS 0x00000000bb800000| PB 0x00000000bb800000| Complete 
| 953|0x00000000bb900000, 0x00000000bba00000, 0x00000000bba00000|100%| E|CS|TAMS 0x00000000bb900000| PB 0x00000000bb900000| Complete 
| 954|0x00000000bba00000, 0x00000000bbb00000, 0x00000000bbb00000|100%| E|CS|TAMS 0x00000000bba00000| PB 0x00000000bba00000| Complete 
| 955|0x00000000bbb00000, 0x00000000bbc00000, 0x00000000bbc00000|100%| E|CS|TAMS 0x00000000bbb00000| PB 0x00000000bbb00000| Complete 
| 956|0x00000000bbc00000, 0x00000000bbd00000, 0x00000000bbd00000|100%| E|CS|TAMS 0x00000000bbc00000| PB 0x00000000bbc00000| Complete 
| 957|0x00000000bbd00000, 0x00000000bbe00000, 0x00000000bbe00000|100%| E|CS|TAMS 0x00000000bbd00000| PB 0x00000000bbd00000| Complete 
| 958|0x00000000bbe00000, 0x00000000bbf00000, 0x00000000bbf00000|100%| E|CS|TAMS 0x00000000bbe00000| PB 0x00000000bbe00000| Complete 
| 959|0x00000000bbf00000, 0x00000000bc000000, 0x00000000bc000000|100%| E|CS|TAMS 0x00000000bbf00000| PB 0x00000000bbf00000| Complete 
| 960|0x00000000bc000000, 0x00000000bc100000, 0x00000000bc100000|100%| E|CS|TAMS 0x00000000bc000000| PB 0x00000000bc000000| Complete 
| 961|0x00000000bc100000, 0x00000000bc200000, 0x00000000bc200000|100%| E|CS|TAMS 0x00000000bc100000| PB 0x00000000bc100000| Complete 
| 962|0x00000000bc200000, 0x00000000bc300000, 0x00000000bc300000|100%| E|CS|TAMS 0x00000000bc200000| PB 0x00000000bc200000| Complete 
| 963|0x00000000bc300000, 0x00000000bc400000, 0x00000000bc400000|100%| E|CS|TAMS 0x00000000bc300000| PB 0x00000000bc300000| Complete 
| 964|0x00000000bc400000, 0x00000000bc500000, 0x00000000bc500000|100%| E|CS|TAMS 0x00000000bc400000| PB 0x00000000bc400000| Complete 
| 965|0x00000000bc500000, 0x00000000bc600000, 0x00000000bc600000|100%| E|CS|TAMS 0x00000000bc500000| PB 0x00000000bc500000| Complete 
| 966|0x00000000bc600000, 0x00000000bc700000, 0x00000000bc700000|100%| E|CS|TAMS 0x00000000bc600000| PB 0x00000000bc600000| Complete 
| 967|0x00000000bc700000, 0x00000000bc800000, 0x00000000bc800000|100%| E|CS|TAMS 0x00000000bc700000| PB 0x00000000bc700000| Complete 
| 968|0x00000000bc800000, 0x00000000bc900000, 0x00000000bc900000|100%| E|CS|TAMS 0x00000000bc800000| PB 0x00000000bc800000| Complete 
| 969|0x00000000bc900000, 0x00000000bca00000, 0x00000000bca00000|100%| E|CS|TAMS 0x00000000bc900000| PB 0x00000000bc900000| Complete 
| 970|0x00000000bca00000, 0x00000000bcb00000, 0x00000000bcb00000|100%| E|CS|TAMS 0x00000000bca00000| PB 0x00000000bca00000| Complete 
| 971|0x00000000bcb00000, 0x00000000bcc00000, 0x00000000bcc00000|100%| E|CS|TAMS 0x00000000bcb00000| PB 0x00000000bcb00000| Complete 
| 972|0x00000000bcc00000, 0x00000000bcd00000, 0x00000000bcd00000|100%| E|CS|TAMS 0x00000000bcc00000| PB 0x00000000bcc00000| Complete 
| 973|0x00000000bcd00000, 0x00000000bce00000, 0x00000000bce00000|100%| E|CS|TAMS 0x00000000bcd00000| PB 0x00000000bcd00000| Complete 
| 974|0x00000000bce00000, 0x00000000bcf00000, 0x00000000bcf00000|100%| E|CS|TAMS 0x00000000bce00000| PB 0x00000000bce00000| Complete 
| 975|0x00000000bcf00000, 0x00000000bd000000, 0x00000000bd000000|100%| E|CS|TAMS 0x00000000bcf00000| PB 0x00000000bcf00000| Complete 
| 976|0x00000000bd000000, 0x00000000bd100000, 0x00000000bd100000|100%| E|CS|TAMS 0x00000000bd000000| PB 0x00000000bd000000| Complete 
| 977|0x00000000bd100000, 0x00000000bd200000, 0x00000000bd200000|100%| E|CS|TAMS 0x00000000bd100000| PB 0x00000000bd100000| Complete 
| 978|0x00000000bd200000, 0x00000000bd300000, 0x00000000bd300000|100%| E|CS|TAMS 0x00000000bd200000| PB 0x00000000bd200000| Complete 
| 979|0x00000000bd300000, 0x00000000bd400000, 0x00000000bd400000|100%| E|CS|TAMS 0x00000000bd300000| PB 0x00000000bd300000| Complete 
| 980|0x00000000bd400000, 0x00000000bd500000, 0x00000000bd500000|100%| E|CS|TAMS 0x00000000bd400000| PB 0x00000000bd400000| Complete 
| 981|0x00000000bd500000, 0x00000000bd600000, 0x00000000bd600000|100%| E|CS|TAMS 0x00000000bd500000| PB 0x00000000bd500000| Complete 
| 982|0x00000000bd600000, 0x00000000bd700000, 0x00000000bd700000|100%| E|CS|TAMS 0x00000000bd600000| PB 0x00000000bd600000| Complete 
| 983|0x00000000bd700000, 0x00000000bd800000, 0x00000000bd800000|100%| E|CS|TAMS 0x00000000bd700000| PB 0x00000000bd700000| Complete 
| 984|0x00000000bd800000, 0x00000000bd900000, 0x00000000bd900000|100%| E|CS|TAMS 0x00000000bd800000| PB 0x00000000bd800000| Complete 
| 985|0x00000000bd900000, 0x00000000bda00000, 0x00000000bda00000|100%| E|CS|TAMS 0x00000000bd900000| PB 0x00000000bd900000| Complete 
| 986|0x00000000bda00000, 0x00000000bdb00000, 0x00000000bdb00000|100%| E|CS|TAMS 0x00000000bda00000| PB 0x00000000bda00000| Complete 
| 987|0x00000000bdb00000, 0x00000000bdc00000, 0x00000000bdc00000|100%| E|CS|TAMS 0x00000000bdb00000| PB 0x00000000bdb00000| Complete 
| 988|0x00000000bdc00000, 0x00000000bdd00000, 0x00000000bdd00000|100%| E|CS|TAMS 0x00000000bdc00000| PB 0x00000000bdc00000| Complete 
| 989|0x00000000bdd00000, 0x00000000bde00000, 0x00000000bde00000|100%| E|CS|TAMS 0x00000000bdd00000| PB 0x00000000bdd00000| Complete 
| 990|0x00000000bde00000, 0x00000000bdf00000, 0x00000000bdf00000|100%| E|CS|TAMS 0x00000000bde00000| PB 0x00000000bde00000| Complete 
| 991|0x00000000bdf00000, 0x00000000be000000, 0x00000000be000000|100%| E|CS|TAMS 0x00000000bdf00000| PB 0x00000000bdf00000| Complete 
| 992|0x00000000be000000, 0x00000000be100000, 0x00000000be100000|100%| E|CS|TAMS 0x00000000be000000| PB 0x00000000be000000| Complete 
| 993|0x00000000be100000, 0x00000000be200000, 0x00000000be200000|100%| E|CS|TAMS 0x00000000be100000| PB 0x00000000be100000| Complete 
| 994|0x00000000be200000, 0x00000000be300000, 0x00000000be300000|100%| E|CS|TAMS 0x00000000be200000| PB 0x00000000be200000| Complete 
| 995|0x00000000be300000, 0x00000000be400000, 0x00000000be400000|100%| E|CS|TAMS 0x00000000be300000| PB 0x00000000be300000| Complete 
| 996|0x00000000be400000, 0x00000000be500000, 0x00000000be500000|100%| E|CS|TAMS 0x00000000be400000| PB 0x00000000be400000| Complete 
| 997|0x00000000be500000, 0x00000000be600000, 0x00000000be600000|100%| E|CS|TAMS 0x00000000be500000| PB 0x00000000be500000| Complete 
| 998|0x00000000be600000, 0x00000000be700000, 0x00000000be700000|100%| E|CS|TAMS 0x00000000be600000| PB 0x00000000be600000| Complete 
| 999|0x00000000be700000, 0x00000000be800000, 0x00000000be800000|100%| E|CS|TAMS 0x00000000be700000| PB 0x00000000be700000| Complete 
|1000|0x00000000be800000, 0x00000000be900000, 0x00000000be900000|100%| E|CS|TAMS 0x00000000be800000| PB 0x00000000be800000| Complete 
|1001|0x00000000be900000, 0x00000000bea00000, 0x00000000bea00000|100%| E|CS|TAMS 0x00000000be900000| PB 0x00000000be900000| Complete 
|1002|0x00000000bea00000, 0x00000000beb00000, 0x00000000beb00000|100%| E|CS|TAMS 0x00000000bea00000| PB 0x00000000bea00000| Complete 
|1003|0x00000000beb00000, 0x00000000bec00000, 0x00000000bec00000|100%| E|CS|TAMS 0x00000000beb00000| PB 0x00000000beb00000| Complete 
|1004|0x00000000bec00000, 0x00000000bed00000, 0x00000000bed00000|100%| E|CS|TAMS 0x00000000bec00000| PB 0x00000000bec00000| Complete 
|1005|0x00000000bed00000, 0x00000000bee00000, 0x00000000bee00000|100%| E|CS|TAMS 0x00000000bed00000| PB 0x00000000bed00000| Complete 
|1006|0x00000000bee00000, 0x00000000bef00000, 0x00000000bef00000|100%| E|CS|TAMS 0x00000000bee00000| PB 0x00000000bee00000| Complete 
|1007|0x00000000bef00000, 0x00000000bf000000, 0x00000000bf000000|100%| E|CS|TAMS 0x00000000bef00000| PB 0x00000000bef00000| Complete 
|1008|0x00000000bf000000, 0x00000000bf100000, 0x00000000bf100000|100%| E|CS|TAMS 0x00000000bf000000| PB 0x00000000bf000000| Complete 
|1009|0x00000000bf100000, 0x00000000bf200000, 0x00000000bf200000|100%| E|CS|TAMS 0x00000000bf100000| PB 0x00000000bf100000| Complete 
|1010|0x00000000bf200000, 0x00000000bf300000, 0x00000000bf300000|100%| E|CS|TAMS 0x00000000bf200000| PB 0x00000000bf200000| Complete 
|1011|0x00000000bf300000, 0x00000000bf400000, 0x00000000bf400000|100%| E|CS|TAMS 0x00000000bf300000| PB 0x00000000bf300000| Complete 
|1012|0x00000000bf400000, 0x00000000bf500000, 0x00000000bf500000|100%| E|CS|TAMS 0x00000000bf400000| PB 0x00000000bf400000| Complete 
|1013|0x00000000bf500000, 0x00000000bf600000, 0x00000000bf600000|100%| E|CS|TAMS 0x00000000bf500000| PB 0x00000000bf500000| Complete 
|1014|0x00000000bf600000, 0x00000000bf700000, 0x00000000bf700000|100%| E|CS|TAMS 0x00000000bf600000| PB 0x00000000bf600000| Complete 
|1015|0x00000000bf700000, 0x00000000bf800000, 0x00000000bf800000|100%| E|CS|TAMS 0x00000000bf700000| PB 0x00000000bf700000| Complete 
|1016|0x00000000bf800000, 0x00000000bf900000, 0x00000000bf900000|100%| E|CS|TAMS 0x00000000bf800000| PB 0x00000000bf800000| Complete 
|1017|0x00000000bf900000, 0x00000000bfa00000, 0x00000000bfa00000|100%| E|CS|TAMS 0x00000000bf900000| PB 0x00000000bf900000| Complete 
|1018|0x00000000bfa00000, 0x00000000bfb00000, 0x00000000bfb00000|100%| E|CS|TAMS 0x00000000bfa00000| PB 0x00000000bfa00000| Complete 
|1019|0x00000000bfb00000, 0x00000000bfc00000, 0x00000000bfc00000|100%| E|CS|TAMS 0x00000000bfb00000| PB 0x00000000bfb00000| Complete 
|1020|0x00000000bfc00000, 0x00000000bfd00000, 0x00000000bfd00000|100%| E|CS|TAMS 0x00000000bfc00000| PB 0x00000000bfc00000| Complete 
|1021|0x00000000bfd00000, 0x00000000bfe00000, 0x00000000bfe00000|100%| E|CS|TAMS 0x00000000bfd00000| PB 0x00000000bfd00000| Complete 
|1022|0x00000000bfe00000, 0x00000000bff00000, 0x00000000bff00000|100%| E|CS|TAMS 0x00000000bfe00000| PB 0x00000000bfe00000| Complete 
|1023|0x00000000bff00000, 0x00000000c0000000, 0x00000000c0000000|100%| E|CS|TAMS 0x00000000bff00000| PB 0x00000000bff00000| Complete 
|1024|0x00000000c0000000, 0x00000000c0100000, 0x00000000c0100000|100%| E|CS|TAMS 0x00000000c0000000| PB 0x00000000c0000000| Complete 
|1025|0x00000000c0100000, 0x00000000c0200000, 0x00000000c0200000|100%| E|CS|TAMS 0x00000000c0100000| PB 0x00000000c0100000| Complete 
|1026|0x00000000c0200000, 0x00000000c0300000, 0x00000000c0300000|100%| E|CS|TAMS 0x00000000c0200000| PB 0x00000000c0200000| Complete 
|1027|0x00000000c0300000, 0x00000000c0400000, 0x00000000c0400000|100%| E|CS|TAMS 0x00000000c0300000| PB 0x00000000c0300000| Complete 
|1028|0x00000000c0400000, 0x00000000c0500000, 0x00000000c0500000|100%| E|CS|TAMS 0x00000000c0400000| PB 0x00000000c0400000| Complete 
|1029|0x00000000c0500000, 0x00000000c0600000, 0x00000000c0600000|100%| S|  |TAMS 0x00000000c0500000| PB 0x00000000c0500000| Complete 
|1030|0x00000000c0600000, 0x00000000c0700000, 0x00000000c0700000|100%| S|  |TAMS 0x00000000c0600000| PB 0x00000000c0600000| Complete 
|1031|0x00000000c0700000, 0x00000000c0800000, 0x00000000c0800000|100%| S|  |TAMS 0x00000000c0700000| PB 0x00000000c0700000| Complete 
|1032|0x00000000c0800000, 0x00000000c0900000, 0x00000000c0900000|100%| S|  |TAMS 0x00000000c0800000| PB 0x00000000c0800000| Complete 
|1033|0x00000000c0900000, 0x00000000c0a00000, 0x00000000c0a00000|100%| S|  |TAMS 0x00000000c0900000| PB 0x00000000c0900000| Complete 
|1034|0x00000000c0a00000, 0x00000000c0b00000, 0x00000000c0b00000|100%| S|  |TAMS 0x00000000c0a00000| PB 0x00000000c0a00000| Complete 
|1035|0x00000000c0b00000, 0x00000000c0c00000, 0x00000000c0c00000|100%| S|  |TAMS 0x00000000c0b00000| PB 0x00000000c0b00000| Complete 
|1036|0x00000000c0c00000, 0x00000000c0d00000, 0x00000000c0d00000|100%| S|  |TAMS 0x00000000c0c00000| PB 0x00000000c0c00000| Complete 
|1037|0x00000000c0d00000, 0x00000000c0e00000, 0x00000000c0e00000|100%| S|  |TAMS 0x00000000c0d00000| PB 0x00000000c0d00000| Complete 
|1038|0x00000000c0e00000, 0x00000000c0f00000, 0x00000000c0f00000|100%| S|  |TAMS 0x00000000c0e00000| PB 0x00000000c0e00000| Complete 
|1039|0x00000000c0f00000, 0x00000000c1000000, 0x00000000c1000000|100%| S|  |TAMS 0x00000000c0f00000| PB 0x00000000c0f00000| Complete 
|1040|0x00000000c1000000, 0x00000000c1100000, 0x00000000c1100000|100%| S|  |TAMS 0x00000000c1000000| PB 0x00000000c1000000| Complete 
|1041|0x00000000c1100000, 0x00000000c1200000, 0x00000000c1200000|100%| S|  |TAMS 0x00000000c1100000| PB 0x00000000c1100000| Complete 
|1042|0x00000000c1200000, 0x00000000c1300000, 0x00000000c1300000|100%| S|  |TAMS 0x00000000c1200000| PB 0x00000000c1200000| Complete 
|1043|0x00000000c1300000, 0x00000000c1400000, 0x00000000c1400000|100%| S|  |TAMS 0x00000000c1300000| PB 0x00000000c1300000| Complete 
|1044|0x00000000c1400000, 0x00000000c1500000, 0x00000000c1500000|100%| S|  |TAMS 0x00000000c1400000| PB 0x00000000c1400000| Complete 
|1045|0x00000000c1500000, 0x00000000c1600000, 0x00000000c1600000|100%| S|  |TAMS 0x00000000c1500000| PB 0x00000000c1500000| Complete 
|1046|0x00000000c1600000, 0x00000000c1700000, 0x00000000c1700000|100%| S|  |TAMS 0x00000000c1600000| PB 0x00000000c1600000| Complete 
|1981|0x00000000fbd00000, 0x00000000fbd64980, 0x00000000fbe00000| 39%| O|  |TAMS 0x00000000fbd00000| PB 0x00000000fbd00000| Untracked 
|1982|0x00000000fbe00000, 0x00000000fbf00000, 0x00000000fbf00000|100%| E|CS|TAMS 0x00000000fbe00000| PB 0x00000000fbe00000| Complete 
|1983|0x00000000fbf00000, 0x00000000fc000000, 0x00000000fc000000|100%| E|CS|TAMS 0x00000000fbf00000| PB 0x00000000fbf00000| Complete 
|1984|0x00000000fc000000, 0x00000000fc100000, 0x00000000fc100000|100%| E|CS|TAMS 0x00000000fc000000| PB 0x00000000fc000000| Complete 
|1985|0x00000000fc100000, 0x00000000fc200000, 0x00000000fc200000|100%| E|CS|TAMS 0x00000000fc100000| PB 0x00000000fc100000| Complete 
|1986|0x00000000fc200000, 0x00000000fc300000, 0x00000000fc300000|100%| E|CS|TAMS 0x00000000fc200000| PB 0x00000000fc200000| Complete 
|1987|0x00000000fc300000, 0x00000000fc400000, 0x00000000fc400000|100%| E|CS|TAMS 0x00000000fc300000| PB 0x00000000fc300000| Complete 
|1988|0x00000000fc400000, 0x00000000fc500000, 0x00000000fc500000|100%| E|CS|TAMS 0x00000000fc400000| PB 0x00000000fc400000| Complete 
|1989|0x00000000fc500000, 0x00000000fc600000, 0x00000000fc600000|100%| E|CS|TAMS 0x00000000fc500000| PB 0x00000000fc500000| Complete 
|1990|0x00000000fc600000, 0x00000000fc700000, 0x00000000fc700000|100%| E|CS|TAMS 0x00000000fc600000| PB 0x00000000fc600000| Complete 
|1991|0x00000000fc700000, 0x00000000fc800000, 0x00000000fc800000|100%| E|CS|TAMS 0x00000000fc700000| PB 0x00000000fc700000| Complete 
|1992|0x00000000fc800000, 0x00000000fc900000, 0x00000000fc900000|100%| E|CS|TAMS 0x00000000fc800000| PB 0x00000000fc800000| Complete 
|1993|0x00000000fc900000, 0x00000000fca00000, 0x00000000fca00000|100%| E|CS|TAMS 0x00000000fc900000| PB 0x00000000fc900000| Complete 
|1994|0x00000000fca00000, 0x00000000fcb00000, 0x00000000fcb00000|100%| E|CS|TAMS 0x00000000fca00000| PB 0x00000000fca00000| Complete 
|1995|0x00000000fcb00000, 0x00000000fcc00000, 0x00000000fcc00000|100%| E|CS|TAMS 0x00000000fcb00000| PB 0x00000000fcb00000| Complete 
|1996|0x00000000fcc00000, 0x00000000fcd00000, 0x00000000fcd00000|100%| E|CS|TAMS 0x00000000fcc00000| PB 0x00000000fcc00000| Complete 
|1997|0x00000000fcd00000, 0x00000000fce00000, 0x00000000fce00000|100%| E|CS|TAMS 0x00000000fcd00000| PB 0x00000000fcd00000| Complete 
|1998|0x00000000fce00000, 0x00000000fcf00000, 0x00000000fcf00000|100%| E|CS|TAMS 0x00000000fce00000| PB 0x00000000fce00000| Complete 
|1999|0x00000000fcf00000, 0x00000000fd000000, 0x00000000fd000000|100%| E|CS|TAMS 0x00000000fcf00000| PB 0x00000000fcf00000| Complete 
|2000|0x00000000fd000000, 0x00000000fd100000, 0x00000000fd100000|100%| E|CS|TAMS 0x00000000fd000000| PB 0x00000000fd000000| Complete 
|2001|0x00000000fd100000, 0x00000000fd200000, 0x00000000fd200000|100%| E|CS|TAMS 0x00000000fd100000| PB 0x00000000fd100000| Complete 
|2002|0x00000000fd200000, 0x00000000fd300000, 0x00000000fd300000|100%| E|CS|TAMS 0x00000000fd200000| PB 0x00000000fd200000| Complete 
|2003|0x00000000fd300000, 0x00000000fd400000, 0x00000000fd400000|100%| E|CS|TAMS 0x00000000fd300000| PB 0x00000000fd300000| Complete 
|2004|0x00000000fd400000, 0x00000000fd500000, 0x00000000fd500000|100%| O|  |TAMS 0x00000000fd400000| PB 0x00000000fd400000| Untracked 
|2005|0x00000000fd500000, 0x00000000fd600000, 0x00000000fd600000|100%| E|CS|TAMS 0x00000000fd500000| PB 0x00000000fd500000| Complete 
|2006|0x00000000fd600000, 0x00000000fd700000, 0x00000000fd700000|100%| E|CS|TAMS 0x00000000fd600000| PB 0x00000000fd600000| Complete 
|2007|0x00000000fd700000, 0x00000000fd800000, 0x00000000fd800000|100%| E|CS|TAMS 0x00000000fd700000| PB 0x00000000fd700000| Complete 
|2008|0x00000000fd800000, 0x00000000fd900000, 0x00000000fd900000|100%| E|CS|TAMS 0x00000000fd800000| PB 0x00000000fd800000| Complete 
|2009|0x00000000fd900000, 0x00000000fda00000, 0x00000000fda00000|100%| O|  |TAMS 0x00000000fd900000| PB 0x00000000fd900000| Untracked 
|2010|0x00000000fda00000, 0x00000000fdb00000, 0x00000000fdb00000|100%| E|CS|TAMS 0x00000000fda00000| PB 0x00000000fda00000| Complete 
|2011|0x00000000fdb00000, 0x00000000fdc00000, 0x00000000fdc00000|100%| E|CS|TAMS 0x00000000fdb00000| PB 0x00000000fdb00000| Complete 
|2012|0x00000000fdc00000, 0x00000000fdd00000, 0x00000000fdd00000|100%| O|  |TAMS 0x00000000fdc00000| PB 0x00000000fdc00000| Untracked 
|2013|0x00000000fdd00000, 0x00000000fde00000, 0x00000000fde00000|100%| E|CS|TAMS 0x00000000fdd00000| PB 0x00000000fdd00000| Complete 
|2014|0x00000000fde00000, 0x00000000fdf00000, 0x00000000fdf00000|100%| O|  |TAMS 0x00000000fde00000| PB 0x00000000fde00000| Untracked 
|2015|0x00000000fdf00000, 0x00000000fe000000, 0x00000000fe000000|100%| E|CS|TAMS 0x00000000fdf00000| PB 0x00000000fdf00000| Complete 
|2016|0x00000000fe000000, 0x00000000fe100000, 0x00000000fe100000|100%| O|  |TAMS 0x00000000fe000000| PB 0x00000000fe000000| Untracked 
|2017|0x00000000fe100000, 0x00000000fe200000, 0x00000000fe200000|100%| O|  |TAMS 0x00000000fe100000| PB 0x00000000fe100000| Untracked 
|2018|0x00000000fe200000, 0x00000000fe300000, 0x00000000fe300000|100%| E|CS|TAMS 0x00000000fe200000| PB 0x00000000fe200000| Complete 
|2019|0x00000000fe300000, 0x00000000fe400000, 0x00000000fe400000|100%| E|CS|TAMS 0x00000000fe300000| PB 0x00000000fe300000| Complete 
|2020|0x00000000fe400000, 0x00000000fe500000, 0x00000000fe500000|100%| E|CS|TAMS 0x00000000fe400000| PB 0x00000000fe400000| Complete 
|2021|0x00000000fe500000, 0x00000000fe600000, 0x00000000fe600000|100%| E|CS|TAMS 0x00000000fe500000| PB 0x00000000fe500000| Complete 
|2022|0x00000000fe600000, 0x00000000fe700000, 0x00000000fe700000|100%| E|CS|TAMS 0x00000000fe600000| PB 0x00000000fe600000| Complete 
|2023|0x00000000fe700000, 0x00000000fe800000, 0x00000000fe800000|100%| E|CS|TAMS 0x00000000fe700000| PB 0x00000000fe700000| Complete 
|2024|0x00000000fe800000, 0x00000000fe900000, 0x00000000fe900000|100%| E|CS|TAMS 0x00000000fe800000| PB 0x00000000fe800000| Complete 
|2025|0x00000000fe900000, 0x00000000fea00000, 0x00000000fea00000|100%| E|CS|TAMS 0x00000000fe900000| PB 0x00000000fe900000| Complete 
|2026|0x00000000fea00000, 0x00000000feb00000, 0x00000000feb00000|100%| E|CS|TAMS 0x00000000fea00000| PB 0x00000000fea00000| Complete 
|2027|0x00000000feb00000, 0x00000000fec00000, 0x00000000fec00000|100%| E|CS|TAMS 0x00000000feb00000| PB 0x00000000feb00000| Complete 
|2028|0x00000000fec00000, 0x00000000fed00000, 0x00000000fed00000|100%| E|CS|TAMS 0x00000000fec00000| PB 0x00000000fec00000| Complete 
|2029|0x00000000fed00000, 0x00000000fee00000, 0x00000000fee00000|100%| E|CS|TAMS 0x00000000fed00000| PB 0x00000000fed00000| Complete 
|2030|0x00000000fee00000, 0x00000000fef00000, 0x00000000fef00000|100%| E|CS|TAMS 0x00000000fee00000| PB 0x00000000fee00000| Complete 
|2031|0x00000000fef00000, 0x00000000ff000000, 0x00000000ff000000|100%| E|CS|TAMS 0x00000000fef00000| PB 0x00000000fef00000| Complete 
|2032|0x00000000ff000000, 0x00000000ff100000, 0x00000000ff100000|100%| O|  |TAMS 0x00000000ff000000| PB 0x00000000ff000000| Untracked 
|2033|0x00000000ff100000, 0x00000000ff200000, 0x00000000ff200000|100%| O|  |TAMS 0x00000000ff100000| PB 0x00000000ff100000| Untracked 
|2034|0x00000000ff200000, 0x00000000ff300000, 0x00000000ff300000|100%| O|  |TAMS 0x00000000ff200000| PB 0x00000000ff200000| Untracked 
|2035|0x00000000ff300000, 0x00000000ff400000, 0x00000000ff400000|100%| O|  |TAMS 0x00000000ff300000| PB 0x00000000ff300000| Untracked 
|2036|0x00000000ff400000, 0x00000000ff500000, 0x00000000ff500000|100%| E|CS|TAMS 0x00000000ff400000| PB 0x00000000ff400000| Complete 
|2037|0x00000000ff500000, 0x00000000ff600000, 0x00000000ff600000|100%| O|  |TAMS 0x00000000ff500000| PB 0x00000000ff500000| Untracked 
|2038|0x00000000ff600000, 0x00000000ff700000, 0x00000000ff700000|100%| E|CS|TAMS 0x00000000ff600000| PB 0x00000000ff600000| Complete 
|2039|0x00000000ff700000, 0x00000000ff800000, 0x00000000ff800000|100%| E|CS|TAMS 0x00000000ff700000| PB 0x00000000ff700000| Complete 
|2040|0x00000000ff800000, 0x00000000ff900000, 0x00000000ff900000|100%| E|CS|TAMS 0x00000000ff800000| PB 0x00000000ff800000| Complete 
|2041|0x00000000ff900000, 0x00000000ffa00000, 0x00000000ffa00000|100%| O|  |TAMS 0x00000000ff900000| PB 0x00000000ff900000| Untracked 
|2042|0x00000000ffa00000, 0x00000000ffb00000, 0x00000000ffb00000|100%| O|  |TAMS 0x00000000ffa00000| PB 0x00000000ffa00000| Untracked 
|2043|0x00000000ffb00000, 0x00000000ffc00000, 0x00000000ffc00000|100%| O|  |TAMS 0x00000000ffb00000| PB 0x00000000ffb00000| Untracked 
|2044|0x00000000ffc00000, 0x00000000ffd00000, 0x00000000ffd00000|100%| O|  |TAMS 0x00000000ffc00000| PB 0x00000000ffc00000| Untracked 
|2045|0x00000000ffd00000, 0x00000000ffe00000, 0x00000000ffe00000|100%| O|  |TAMS 0x00000000ffd00000| PB 0x00000000ffd00000| Untracked 
|2046|0x00000000ffe00000, 0x00000000fff00000, 0x00000000fff00000|100%| E|CS|TAMS 0x00000000ffe00000| PB 0x00000000ffe00000| Complete 
|2047|0x00000000fff00000, 0x0000000100000000, 0x0000000100000000|100%| O|  |TAMS 0x00000000fff00000| PB 0x00000000fff00000| Untracked 

Card table byte_map: [0x0000028531b50000,0x0000028531f50000] _byte_map_base: 0x0000028531750000

Marking Bits: (CMBitMap*) 0x000002851f327400
 Bits: [0x0000028531f50000, 0x0000028533f50000)

Polling page: 0x000002851d250000

Metaspace:

Usage:
  Non-class:    263.41 MB used.
      Class:     38.00 MB used.
       Both:    301.40 MB used.

Virtual space:
  Non-class space:      320.00 MB reserved,     264.25 MB ( 83%) committed,  5 nodes.
      Class space:        1.00 GB reserved,      38.75 MB (  4%) committed,  1 nodes.
             Both:        1.31 GB reserved,     303.00 MB ( 23%) committed. 

Chunk freelists:
   Non-Class:  7.11 MB
       Class:  9.11 MB
        Both:  16.22 MB

MaxMetaspaceSize: unlimited
CompressedClassSpaceSize: 1.00 GB
Initial GC threshold: 21.00 MB
Current GC threshold: 502.12 MB
CDS: off
 - commit_granule_bytes: 65536.
 - commit_granule_words: 8192.
 - virtual_space_node_default_size: 8388608.
 - enlarge_chunks_in_place: 1.
 - use_allocation_guard: 0.


Internal statistics:

num_allocs_failed_limit: 6.
num_arena_births: 7176.
num_arena_deaths: 4642.
num_vsnodes_births: 6.
num_vsnodes_deaths: 0.
num_space_committed: 4838.
num_space_uncommitted: 0.
num_chunks_returned_to_freelist: 5619.
num_chunks_taken_from_freelist: 22015.
num_chunk_merges: 1963.
num_chunk_splits: 13656.
num_chunks_enlarged: 9722.
num_inconsistent_stats: 0.

CodeHeap 'non-profiled nmethods': size=120000Kb used=14211Kb max_used=24172Kb free=105788Kb
 bounds [0x0000028529ef0000, 0x000002852b6e0000, 0x0000028531420000]
CodeHeap 'profiled nmethods': size=120000Kb used=18647Kb max_used=64432Kb free=101352Kb
 bounds [0x0000028522420000, 0x0000028526310000, 0x0000028529950000]
CodeHeap 'non-nmethods': size=5760Kb used=3381Kb max_used=3460Kb free=2378Kb
 bounds [0x0000028529950000, 0x0000028529cc0000, 0x0000028529ef0000]
 total_blobs=11842 nmethods=10487 adapters=1254
 compilation: enabled
              stopped_count=0, restarted_count=0
 full_count=0

Compilation events (20 events):
Event: 5670.154 Thread 0x0000028536be8bf0 57135       3       com.android.aapt.Resources$XmlNode$Builder::setSource (52 bytes)
Event: 5670.154 Thread 0x0000028536be8bf0 nmethod 57135 0x000002852580ef10 code [0x000002852580f100, 0x000002852580f5b0]
Event: 5670.167 Thread 0x0000028536be8bf0 57136       3       com.sun.xml.internal.stream.events.NamespaceImpl::init (7 bytes)
Event: 5670.168 Thread 0x0000028536be8bf0 nmethod 57136 0x00000285253bd190 code [0x00000285253bd320, 0x00000285253bd4c0]
Event: 5670.170 Thread 0x0000028558822a40 nmethod 56941 0x000002852afc6b90 code [0x000002852afc6e20, 0x000002852afc7638]
Event: 5670.170 Thread 0x0000028558822a40 57123       4       com.android.tools.r8.utils.w::l (28 bytes)
Event: 5670.172 Thread 0x0000028558822a40 nmethod 57123 0x000002852afc6790 code [0x000002852afc6920, 0x000002852afc6a38]
Event: 5670.172 Thread 0x0000028558822a40 57130       4       com.android.tools.r8.dex.k::a (131 bytes)
Event: 5670.173 Thread 0x0000028536be8bf0 57140       2       java.util.concurrent.ForkJoinTask::compareAndExchangeAux (16 bytes)
Event: 5670.173 Thread 0x0000028536be8bf0 nmethod 57140 0x000002852580eb10 code [0x000002852580ecc0, 0x000002852580ee30]
Event: 5670.173 Thread 0x0000028536be8bf0 57141   !   2       java.util.concurrent.ForkJoinTask::awaitDone (350 bytes)
Event: 5670.175 Thread 0x0000028536be8bf0 nmethod 57141 0x000002852580d410 code [0x000002852580d6c0, 0x000002852580e308]
Event: 5670.175 Thread 0x0000028536be8bf0 57142       2       java.util.concurrent.ForkJoinPool::externalQueue (44 bytes)
Event: 5670.176 Thread 0x0000028536be8bf0 nmethod 57142 0x000002852580cf90 code [0x000002852580d120, 0x000002852580d2b0]
Event: 5670.176 Thread 0x0000028536be8bf0 57144       2       java.util.concurrent.ForkJoinTask::awaitDone (138 bytes)
Event: 5670.176 Thread 0x0000028536be8bf0 nmethod 57144 0x000002852580c810 code [0x000002852580c9e0, 0x000002852580cd80]
Event: 5670.176 Thread 0x0000028536be8bf0 57143       2       java.util.concurrent.ForkJoinTask::casAux (13 bytes)
Event: 5670.176 Thread 0x0000028536be8bf0 nmethod 57143 0x000002852580c490 code [0x000002852580c620, 0x000002852580c788]
Event: 5670.177 Thread 0x0000028536be8bf0 57145       2       java.util.concurrent.ForkJoinTask$Aux::<init> (15 bytes)
Event: 5670.177 Thread 0x0000028536be8bf0 nmethod 57145 0x000002852580c090 code [0x000002852580c220, 0x000002852580c3d0]

GC Heap History (20 events):
Event: 5659.363 GC heap after
{Heap after GC invocations=162 (full 0):
 garbage-first heap   total 892928K, used 378107K [0x0000000080000000, 0x0000000100000000)
  region size 1024K, 49 young (50176K), 49 survivors (50176K)
 Metaspace       used 306908K, committed 308480K, reserved 1376256K
  class space    used 38723K, committed 39488K, reserved 1048576K
}
Event: 5659.852 GC heap before
{Heap before GC invocations=162 (full 0):
 garbage-first heap   total 892928K, used 795899K [0x0000000080000000, 0x0000000100000000)
  region size 1024K, 457 young (467968K), 49 survivors (50176K)
 Metaspace       used 306914K, committed 308480K, reserved 1376256K
  class space    used 38723K, committed 39488K, reserved 1048576K
}
Event: 5659.895 GC heap after
{Heap after GC invocations=163 (full 0):
 garbage-first heap   total 892928K, used 383488K [0x0000000080000000, 0x0000000100000000)
  region size 1024K, 42 young (43008K), 42 survivors (43008K)
 Metaspace       used 306914K, committed 308480K, reserved 1376256K
  class space    used 38723K, committed 39488K, reserved 1048576K
}
Event: 5660.303 GC heap before
{Heap before GC invocations=163 (full 0):
 garbage-first heap   total 892928K, used 803328K [0x0000000080000000, 0x0000000100000000)
  region size 1024K, 452 young (462848K), 42 survivors (43008K)
 Metaspace       used 306917K, committed 308480K, reserved 1376256K
  class space    used 38723K, committed 39488K, reserved 1048576K
}
Event: 5660.325 GC heap after
{Heap after GC invocations=164 (full 0):
 garbage-first heap   total 892928K, used 385024K [0x0000000080000000, 0x0000000100000000)
  region size 1024K, 18 young (18432K), 18 survivors (18432K)
 Metaspace       used 306917K, committed 308480K, reserved 1376256K
  class space    used 38723K, committed 39488K, reserved 1048576K
}
Event: 5660.963 GC heap before
{Heap before GC invocations=165 (full 0):
 garbage-first heap   total 892928K, used 827392K [0x0000000080000000, 0x0000000100000000)
  region size 1024K, 451 young (461824K), 18 survivors (18432K)
 Metaspace       used 306925K, committed 308480K, reserved 1376256K
  class space    used 38723K, committed 39488K, reserved 1048576K
}
Event: 5660.976 GC heap after
{Heap after GC invocations=166 (full 0):
 garbage-first heap   total 892928K, used 386560K [0x0000000080000000, 0x0000000100000000)
  region size 1024K, 21 young (21504K), 21 survivors (21504K)
 Metaspace       used 306925K, committed 308480K, reserved 1376256K
  class space    used 38723K, committed 39488K, reserved 1048576K
}
Event: 5661.465 GC heap before
{Heap before GC invocations=166 (full 0):
 garbage-first heap   total 892928K, used 823808K [0x0000000080000000, 0x0000000100000000)
  region size 1024K, 449 young (459776K), 21 survivors (21504K)
 Metaspace       used 306938K, committed 308480K, reserved 1376256K
  class space    used 38723K, committed 39488K, reserved 1048576K
}
Event: 5661.487 GC heap after
{Heap after GC invocations=167 (full 0):
 garbage-first heap   total 892928K, used 379089K [0x0000000080000000, 0x0000000100000000)
  region size 1024K, 26 young (26624K), 26 survivors (26624K)
 Metaspace       used 306938K, committed 308480K, reserved 1376256K
  class space    used 38723K, committed 39488K, reserved 1048576K
}
Event: 5661.501 GC heap before
{Heap before GC invocations=167 (full 0):
 garbage-first heap   total 892928K, used 392401K [0x0000000080000000, 0x0000000100000000)
  region size 1024K, 40 young (40960K), 26 survivors (26624K)
 Metaspace       used 306938K, committed 308480K, reserved 1376256K
  class space    used 38723K, committed 39488K, reserved 1048576K
}
Event: 5661.515 GC heap after
{Heap after GC invocations=168 (full 0):
 garbage-first heap   total 892928K, used 378449K [0x0000000080000000, 0x0000000100000000)
  region size 1024K, 25 young (25600K), 25 survivors (25600K)
 Metaspace       used 306938K, committed 308480K, reserved 1376256K
  class space    used 38723K, committed 39488K, reserved 1048576K
}
Event: 5662.288 GC heap before
{Heap before GC invocations=169 (full 0):
 garbage-first heap   total 892928K, used 825937K [0x0000000080000000, 0x0000000100000000)
  region size 1024K, 457 young (467968K), 25 survivors (25600K)
 Metaspace       used 306940K, committed 308480K, reserved 1376256K
  class space    used 38723K, committed 39488K, reserved 1048576K
}
Event: 5662.301 GC heap after
{Heap after GC invocations=170 (full 0):
 garbage-first heap   total 892928K, used 376913K [0x0000000080000000, 0x0000000100000000)
  region size 1024K, 24 young (24576K), 24 survivors (24576K)
 Metaspace       used 306940K, committed 308480K, reserved 1376256K
  class space    used 38723K, committed 39488K, reserved 1048576K
}
Event: 5662.969 GC heap before
{Heap before GC invocations=170 (full 0):
 garbage-first heap   total 892928K, used 822353K [0x0000000080000000, 0x0000000100000000)
  region size 1024K, 458 young (468992K), 24 survivors (24576K)
 Metaspace       used 306944K, committed 308480K, reserved 1376256K
  class space    used 38723K, committed 39488K, reserved 1048576K
}
Event: 5662.987 GC heap after
{Heap after GC invocations=171 (full 0):
 garbage-first heap   total 1121280K, used 363958K [0x0000000080000000, 0x0000000100000000)
  region size 1024K, 23 young (23552K), 23 survivors (23552K)
 Metaspace       used 306944K, committed 308480K, reserved 1376256K
  class space    used 38723K, committed 39488K, reserved 1048576K
}
Event: 5664.252 GC heap before
{Heap before GC invocations=171 (full 0):
 garbage-first heap   total 1121280K, used 1013174K [0x0000000080000000, 0x0000000100000000)
  region size 1024K, 657 young (672768K), 23 survivors (23552K)
 Metaspace       used 306946K, committed 308480K, reserved 1376256K
  class space    used 38723K, committed 39488K, reserved 1048576K
}
Event: 5664.266 GC heap after
{Heap after GC invocations=172 (full 0):
 garbage-first heap   total 1121280K, used 366518K [0x0000000080000000, 0x0000000100000000)
  region size 1024K, 25 young (25600K), 25 survivors (25600K)
 Metaspace       used 306946K, committed 308480K, reserved 1376256K
  class space    used 38723K, committed 39488K, reserved 1048576K
}
Event: 5666.669 GC heap before
{Heap before GC invocations=173 (full 0):
 garbage-first heap   total 1121280K, used 1018806K [0x0000000080000000, 0x0000000100000000)
  region size 1024K, 657 young (672768K), 25 survivors (25600K)
 Metaspace       used 306958K, committed 308544K, reserved 1376256K
  class space    used 38725K, committed 39488K, reserved 1048576K
}
Event: 5666.683 GC heap after
{Heap after GC invocations=174 (full 0):
 garbage-first heap   total 1121280K, used 361398K [0x0000000080000000, 0x0000000100000000)
  region size 1024K, 20 young (20480K), 20 survivors (20480K)
 Metaspace       used 306958K, committed 308544K, reserved 1376256K
  class space    used 38725K, committed 39488K, reserved 1048576K
}
Event: 5670.192 GC heap before
{Heap before GC invocations=174 (full 0):
 garbage-first heap   total 1121280K, used 1080246K [0x0000000080000000, 0x0000000100000000)
  region size 1024K, 657 young (672768K), 20 survivors (20480K)
 Metaspace       used 308636K, committed 310272K, reserved 1376256K
  class space    used 38908K, committed 39680K, reserved 1048576K
}

Dll operation events (3 events):
Event: 0.006 Loaded shared library C:\Program Files\Android\Android Studio\jbr\bin\java.dll
Event: 0.011 Loaded shared library C:\Program Files\Android\Android Studio\jbr\bin\zip.dll
Event: 0.471 Loaded shared library C:\Program Files\Android\Android Studio\jbr\bin\verify.dll

Deoptimization events (20 events):
Event: 5669.643 Thread 0x00000285517baca0 Uncommon trap: trap_request=0xffffffde fr.pc=0x000002852a590c10 relative=0x0000000000000070
Event: 5669.643 Thread 0x00000285517baca0 Uncommon trap: reason=class_check action=maybe_recompile pc=0x000002852a590c10 method=com.android.tools.r8.graph.W0$a$$Lambda/0x000000010268cd28.apply(Ljava/lang/Object;)Ljava/lang/Object; @ 1 c2
Event: 5669.643 Thread 0x00000285517baca0 DEOPT PACKING pc=0x000002852a590c10 sp=0x000000a3104fcde0
Event: 5669.643 Thread 0x00000285517baca0 DEOPT UNPACKING pc=0x00000285299a46a2 sp=0x000000a3104fcd60 mode 2
Event: 5669.700 Thread 0x0000028552974fe0 DEOPT PACKING pc=0x00000285230b92f8 sp=0x000000a30f6fae30
Event: 5669.700 Thread 0x0000028552974fe0 DEOPT UNPACKING pc=0x00000285299a4e42 sp=0x000000a30f6fa2f8 mode 0
Event: 5669.764 Thread 0x0000028552974fe0 DEOPT PACKING pc=0x00000285230b92f8 sp=0x000000a30f6fafc0
Event: 5669.764 Thread 0x0000028552974fe0 DEOPT UNPACKING pc=0x00000285299a4e42 sp=0x000000a30f6fa488 mode 0
Event: 5669.854 Thread 0x00000285529742c0 Uncommon trap: trap_request=0xffffff45 fr.pc=0x000002852b150118 relative=0x0000000000000338
Event: 5669.854 Thread 0x00000285529742c0 Uncommon trap: reason=unstable_if action=reinterpret pc=0x000002852b150118 method=com.android.aapt.Resources$SourcePosition.writeTo(Lcom/google/protobuf/CodedOutputStream;)V @ 4 c2
Event: 5669.854 Thread 0x00000285529742c0 DEOPT PACKING pc=0x000002852b150118 sp=0x000000a30f3fb5d0
Event: 5669.854 Thread 0x00000285529742c0 DEOPT UNPACKING pc=0x00000285299a46a2 sp=0x000000a30f3fb5a0 mode 2
Event: 5669.882 Thread 0x00000285529742c0 DEOPT PACKING pc=0x00000285230b92f8 sp=0x000000a30f3fb270
Event: 5669.882 Thread 0x00000285529742c0 DEOPT UNPACKING pc=0x00000285299a4e42 sp=0x000000a30f3fa738 mode 0
Event: 5669.959 Thread 0x00000285529742c0 DEOPT PACKING pc=0x00000285230b92f8 sp=0x000000a30f3fb0e0
Event: 5669.959 Thread 0x00000285529742c0 DEOPT UNPACKING pc=0x00000285299a4e42 sp=0x000000a30f3fa5a8 mode 0
Event: 5670.035 Thread 0x00000285529742c0 DEOPT PACKING pc=0x00000285230b92f8 sp=0x000000a30f3faca0
Event: 5670.035 Thread 0x00000285529742c0 DEOPT UNPACKING pc=0x00000285299a4e42 sp=0x000000a30f3fa168 mode 0
Event: 5670.150 Thread 0x00000285529742c0 DEOPT PACKING pc=0x00000285230b92f8 sp=0x000000a30f3fb0e0
Event: 5670.150 Thread 0x00000285529742c0 DEOPT UNPACKING pc=0x00000285299a4e42 sp=0x000000a30f3fa5a8 mode 0

Classes loaded (20 events):
Event: 5668.193 Loading class java/nio/BufferUnderflowException
Event: 5668.194 Loading class java/nio/BufferUnderflowException done
Event: 5668.199 Loading class java/lang/ProcessImpl
Event: 5668.201 Loading class java/lang/ProcessImpl done
Event: 5668.255 Loading class java/lang/ProcessHandleImpl
Event: 5668.256 Loading class java/lang/ProcessHandleImpl done
Event: 5668.258 Loading class java/lang/ProcessImpl$2
Event: 5668.258 Loading class java/lang/ProcessImpl$2 done
Event: 5668.260 Loading class java/lang/Process$PipeInputStream
Event: 5668.261 Loading class java/lang/Process$PipeInputStream done
Event: 5668.268 Loading class jdk/internal/event/ProcessStartEvent
Event: 5668.268 Loading class jdk/internal/event/ProcessStartEvent done
Event: 5669.035 Loading class java/util/concurrent/ForkJoinTask$AdaptedInterruptibleCallable
Event: 5669.035 Loading class java/util/concurrent/ForkJoinTask$InterruptibleTask
Event: 5669.036 Loading class java/util/concurrent/ForkJoinTask$InterruptibleTask done
Event: 5669.036 Loading class java/util/concurrent/ForkJoinTask$AdaptedInterruptibleCallable done
Event: 5669.038 Loading class java/util/concurrent/CountedCompleter
Event: 5669.039 Loading class java/util/concurrent/CountedCompleter done
Event: 5669.058 Loading class java/nio/HeapShortBuffer
Event: 5669.058 Loading class java/nio/HeapShortBuffer done

Classes unloaded (20 events):
Event: 5637.160 Thread 0x0000028536b644d0 Unloading class 0x00000001025e1000 'java/lang/invoke/LambdaForm$DMH+0x00000001025e1000'
Event: 5637.160 Thread 0x0000028536b644d0 Unloading class 0x00000001025e0c00 'java/lang/invoke/LambdaForm$DMH+0x00000001025e0c00'
Event: 5637.160 Thread 0x0000028536b644d0 Unloading class 0x00000001025e0800 'java/lang/invoke/LambdaForm$DMH+0x00000001025e0800'
Event: 5637.160 Thread 0x0000028536b644d0 Unloading class 0x00000001025e1c00 'java/lang/invoke/LambdaForm$DMH+0x00000001025e1c00'
Event: 5637.160 Thread 0x0000028536b644d0 Unloading class 0x00000001025e1800 'java/lang/invoke/LambdaForm$DMH+0x00000001025e1800'
Event: 5637.160 Thread 0x0000028536b644d0 Unloading class 0x00000001025e1400 'java/lang/invoke/LambdaForm$DMH+0x00000001025e1400'
Event: 5637.160 Thread 0x0000028536b644d0 Unloading class 0x00000001025e0400 'java/lang/invoke/LambdaForm$DMH+0x00000001025e0400'
Event: 5637.160 Thread 0x0000028536b644d0 Unloading class 0x00000001025a8000 'java/lang/invoke/LambdaForm$DMH+0x00000001025a8000'
Event: 5637.160 Thread 0x0000028536b644d0 Unloading class 0x0000000102521000 'java/lang/invoke/LambdaForm$DMH+0x0000000102521000'
Event: 5637.160 Thread 0x0000028536b644d0 Unloading class 0x0000000102520c00 'java/lang/invoke/LambdaForm$DMH+0x0000000102520c00'
Event: 5637.160 Thread 0x0000028536b644d0 Unloading class 0x0000000102520800 'java/lang/invoke/LambdaForm$DMH+0x0000000102520800'
Event: 5637.160 Thread 0x0000028536b644d0 Unloading class 0x0000000102520000 'java/lang/invoke/LambdaForm$DMH+0x0000000102520000'
Event: 5637.160 Thread 0x0000028536b644d0 Unloading class 0x000000010244c400 'java/lang/invoke/LambdaForm$DMH+0x000000010244c400'
Event: 5637.160 Thread 0x0000028536b644d0 Unloading class 0x000000010244c800 'java/lang/invoke/LambdaForm$DMH+0x000000010244c800'
Event: 5641.794 Thread 0x0000028536b644d0 Unloading class 0x000000010266ac00 'java/lang/invoke/LambdaForm$MH+0x000000010266ac00'
Event: 5641.794 Thread 0x0000028536b644d0 Unloading class 0x000000010266a000 'java/lang/invoke/LambdaForm$MH+0x000000010266a000'
Event: 5641.794 Thread 0x0000028536b644d0 Unloading class 0x0000000102669800 'java/lang/invoke/LambdaForm$MH+0x0000000102669800'
Event: 5641.794 Thread 0x0000028536b644d0 Unloading class 0x0000000102669400 'java/lang/invoke/LambdaForm$MH+0x0000000102669400'
Event: 5641.794 Thread 0x0000028536b644d0 Unloading class 0x0000000102668c00 'java/lang/invoke/LambdaForm$MH+0x0000000102668c00'
Event: 5641.794 Thread 0x0000028536b644d0 Unloading class 0x0000000102668000 'java/lang/invoke/LambdaForm$MH+0x0000000102668000'

Classes redefined (0 events):
No events

Internal exceptions (20 events):
Event: 5667.669 Thread 0x0000028552b3a1f0 Exception <a 'sun/nio/fs/WindowsException'{0x00000000b5031988}> (0x00000000b5031988) 
thrown [s\src\hotspot\share\prims\jni.cpp, line 535]
Event: 5667.873 Thread 0x0000028550b82410 Exception <a 'sun/nio/fs/WindowsException'{0x00000000b4cb9c68}> (0x00000000b4cb9c68) 
thrown [s\src\hotspot\share\prims\jni.cpp, line 535]
Event: 5667.874 Thread 0x0000028550b82410 Exception <a 'sun/nio/fs/WindowsException'{0x00000000b4cbbe38}> (0x00000000b4cbbe38) 
thrown [s\src\hotspot\share\prims\jni.cpp, line 535]
Event: 5667.875 Thread 0x0000028550b82410 Exception <a 'sun/nio/fs/WindowsException'{0x00000000b4b02418}> (0x00000000b4b02418) 
thrown [s\src\hotspot\share\prims\jni.cpp, line 535]
Event: 5667.875 Thread 0x0000028550b82410 Exception <a 'sun/nio/fs/WindowsException'{0x00000000b4b04928}> (0x00000000b4b04928) 
thrown [s\src\hotspot\share\prims\jni.cpp, line 535]
Event: 5667.876 Thread 0x0000028550b82410 Exception <a 'sun/nio/fs/WindowsException'{0x00000000b4b0c7a0}> (0x00000000b4b0c7a0) 
thrown [s\src\hotspot\share\prims\jni.cpp, line 535]
Event: 5667.885 Thread 0x0000028550b82410 Exception <a 'java/lang/NoSuchMethodError'{0x00000000b4ba0388}: static Lcom/android/build/gradle/internal/scope/InternalArtifactType;.<clinit>()V> (0x00000000b4ba0388) 
thrown [s\src\hotspot\share\prims\jni.cpp, line 1135]
Event: 5667.886 Thread 0x0000028550b82410 Exception <a 'java/lang/NoSuchMethodError'{0x00000000b4ba1c80}: static Lcom/android/build/gradle/internal/scope/InternalArtifactType;.<clinit>()V> (0x00000000b4ba1c80) 
thrown [s\src\hotspot\share\prims\jni.cpp, line 1135]
Event: 5667.886 Thread 0x0000028550b82410 Exception <a 'java/lang/NoSuchMethodError'{0x00000000b4ba5960}: static Lcom/android/build/api/artifact/Artifact$Single;.<clinit>()V> (0x00000000b4ba5960) 
thrown [s\src\hotspot\share\prims\jni.cpp, line 1135]
Event: 5667.887 Thread 0x0000028550b82410 Exception <a 'java/lang/NoSuchMethodError'{0x00000000b4ba7da8}: static Ljava/lang/Object;.<clinit>()V> (0x00000000b4ba7da8) 
thrown [s\src\hotspot\share\prims\jni.cpp, line 1135]
Event: 5667.890 Thread 0x0000028550b82410 Exception <a 'java/lang/NoSuchMethodError'{0x00000000b4a08dd8}: static Lcom/android/build/api/artifact/ArtifactKind;.<clinit>()V> (0x00000000b4a08dd8) 
thrown [s\src\hotspot\share\prims\jni.cpp, line 1135]
Event: 5667.890 Thread 0x0000028550b82410 Exception <a 'java/lang/NoSuchMethodError'{0x00000000b4a0a290}: static Lcom/android/build/api/artifact/ArtifactKind;.<clinit>()V> (0x00000000b4a0a290) 
thrown [s\src\hotspot\share\prims\jni.cpp, line 1135]
Event: 5667.934 Thread 0x0000028550b82410 Exception <a 'sun/nio/fs/WindowsException'{0x00000000b4807c48}> (0x00000000b4807c48) 
thrown [s\src\hotspot\share\prims\jni.cpp, line 535]
Event: 5667.943 Thread 0x0000028550b82410 Exception <a 'sun/nio/fs/WindowsException'{0x00000000b48569d0}> (0x00000000b48569d0) 
thrown [s\src\hotspot\share\prims\jni.cpp, line 535]
Event: 5668.023 Thread 0x0000028550b82410 Exception <a 'sun/nio/fs/WindowsException'{0x00000000b485c090}> (0x00000000b485c090) 
thrown [s\src\hotspot\share\prims\jni.cpp, line 535]
Event: 5668.255 Thread 0x0000028550b82410 Exception <a 'java/lang/NoSuchMethodError'{0x00000000b320e530}: 'void java.lang.invoke.DirectMethodHandle$Holder.invokeStatic(java.lang.Object, long)'> (0x00000000b320e530) 
thrown [s\src\hotspot\share\interpreter\linkResolver.cpp, line 784]
Event: 5668.257 Thread 0x0000028550b82410 Exception <a 'java/lang/NoSuchMethodError'{0x00000000b1e03f10}: 'java.lang.Object java.lang.invoke.DirectMethodHandle$Holder.invokeStaticInit(java.lang.Object, long, java.lang.Object)'> (0x00000000b1e03f10) 
thrown [s\src\hotspot\share\interpreter\linkResolver.cpp, line 784]
Event: 5669.047 Thread 0x000002855898d320 Exception <a 'java/lang/NoSuchMethodError'{0x00000000abaa5708}: 'long java.lang.invoke.DirectMethodHandle$Holder.invokeStatic(java.lang.Object, java.lang.Object, java.lang.Object)'> (0x00000000abaa5708) 
thrown [s\src\hotspot\share\interpreter\linkResolver.cpp, line 784]
Event: 5669.047 Thread 0x000002855898d9b0 Exception <a 'java/lang/NoSuchMethodError'{0x00000000ab907630}: 'long java.lang.invoke.DirectMethodHandle$Holder.invokeStatic(java.lang.Object, java.lang.Object, java.lang.Object)'> (0x00000000ab907630) 
thrown [s\src\hotspot\share\interpreter\linkResolver.cpp, line 784]
Event: 5669.322 Thread 0x0000028552976390 Implicit null exception at 0x000002852b4146f5 to 0x000002852b414b68

ZGC Phase Switch (0 events):
No events

VM Operations (20 events):
Event: 5667.871 Executing VM operation: ICBufferFull done
Event: 5668.159 Executing VM operation: ICBufferFull
Event: 5668.159 Executing VM operation: ICBufferFull done
Event: 5668.210 Executing VM operation: HandshakeAllThreads (Deoptimize)
Event: 5668.211 Executing VM operation: HandshakeAllThreads (Deoptimize) done
Event: 5668.267 Executing VM operation: HandshakeAllThreads (Deoptimize)
Event: 5668.268 Executing VM operation: HandshakeAllThreads (Deoptimize) done
Event: 5668.768 Executing VM operation: ICBufferFull
Event: 5668.768 Executing VM operation: ICBufferFull done
Event: 5669.061 Executing VM operation: HandshakeAllThreads (Deoptimize)
Event: 5669.065 Executing VM operation: HandshakeAllThreads (Deoptimize) done
Event: 5669.068 Executing VM operation: HandshakeAllThreads (Deoptimize)
Event: 5669.069 Executing VM operation: HandshakeAllThreads (Deoptimize) done
Event: 5669.075 Executing VM operation: HandshakeAllThreads (Deoptimize)
Event: 5669.076 Executing VM operation: HandshakeAllThreads (Deoptimize) done
Event: 5669.090 Executing VM operation: HandshakeAllThreads (Deoptimize)
Event: 5669.090 Executing VM operation: HandshakeAllThreads (Deoptimize) done
Event: 5669.649 Executing VM operation: ICBufferFull
Event: 5669.649 Executing VM operation: ICBufferFull done
Event: 5670.192 Executing VM operation: G1CollectForAllocation (G1 Evacuation Pause)

Memory protections (0 events):
No events

Nmethod flushes (20 events):
Event: 5664.623 Thread 0x0000028536b644d0 flushing osr nmethod 0x00000285256d9c10
Event: 5664.623 Thread 0x0000028536b644d0 flushing  nmethod 0x00000285259c2190
Event: 5664.623 Thread 0x0000028536b644d0 flushing  nmethod 0x0000028525b6be90
Event: 5664.623 Thread 0x0000028536b644d0 flushing  nmethod 0x0000028525ba5010
Event: 5664.623 Thread 0x0000028536b644d0 flushing  nmethod 0x0000028525d59410
Event: 5664.623 Thread 0x0000028536b644d0 flushing  nmethod 0x0000028525d61310
Event: 5664.623 Thread 0x0000028536b644d0 flushing  nmethod 0x0000028525e1cf90
Event: 5664.623 Thread 0x0000028536b644d0 flushing  nmethod 0x0000028525e1d290
Event: 5664.623 Thread 0x0000028536b644d0 flushing  nmethod 0x0000028525e27910
Event: 5664.623 Thread 0x0000028536b644d0 flushing  nmethod 0x0000028525f4da90
Event: 5664.623 Thread 0x0000028536b644d0 flushing  nmethod 0x0000028525f50290
Event: 5664.623 Thread 0x0000028536b644d0 flushing  nmethod 0x00000285260f6010
Event: 5664.623 Thread 0x0000028536b644d0 flushing  nmethod 0x000002852614cd10
Event: 5664.623 Thread 0x0000028536b644d0 flushing  nmethod 0x0000028526150490
Event: 5664.623 Thread 0x0000028536b644d0 flushing  nmethod 0x000002852615e690
Event: 5664.623 Thread 0x0000028536b644d0 flushing  nmethod 0x00000285261df190
Event: 5664.623 Thread 0x0000028536b644d0 flushing  nmethod 0x000002852624b890
Event: 5664.623 Thread 0x0000028536b644d0 flushing  nmethod 0x000002852624ef90
Event: 5664.623 Thread 0x0000028536b644d0 flushing  nmethod 0x0000028526250210
Event: 5664.623 Thread 0x0000028536b644d0 flushing  nmethod 0x00000285262f1a90

Events (20 events):
Event: 5629.338 Thread 0x000002855881f3c0 Thread exited: 0x000002855881f3c0
Event: 5629.877 Thread 0x0000028536be8bf0 Thread added: 0x0000028558a84b50
Event: 5630.806 Thread 0x0000028558a84b50 Thread exited: 0x0000028558a84b50
Event: 5631.502 Thread 0x0000028536be8bf0 Thread added: 0x000002855881fa90
Event: 5631.734 Thread 0x000002855881fa90 Thread exited: 0x000002855881fa90
Event: 5632.953 Thread 0x0000028536be8bf0 Thread added: 0x0000028558820160
Event: 5632.959 Thread 0x0000028536be8bf0 Thread added: 0x0000028558822a40
Event: 5668.189 Thread 0x0000028550b82410 Thread added: 0x00000285595d1840
Event: 5668.276 Thread 0x0000028550b82410 Thread added: 0x000002855af35d40
Event: 5668.276 Thread 0x0000028550b82410 Thread added: 0x000002855af34300
Event: 5668.418 Thread 0x0000028550b82410 Thread added: 0x0000028558257e90
Event: 5668.418 Thread 0x0000028550b82410 Thread added: 0x0000028558258520
Event: 5669.037 Thread 0x00000285517baca0 Thread added: 0x000002855898d320
Event: 5669.038 Thread 0x00000285517baca0 Thread added: 0x000002855898d9b0
Event: 5669.038 Thread 0x000002855898d320 Thread added: 0x0000028558258bb0
Event: 5669.041 Thread 0x000002855898d9b0 Thread added: 0x0000028541119890
Event: 5669.058 Thread 0x0000028558258bb0 Thread added: 0x000002854acaba20
Event: 5669.060 Thread 0x000002854acaba20 Thread added: 0x00000285580e8c50
Event: 5669.061 Thread 0x00000285580e8c50 Thread added: 0x0000028562062e90
Event: 5669.065 Thread 0x0000028541119890 Thread added: 0x000002855af39850


Dynamic libraries:
0x00007ff701630000 - 0x00007ff70163a000 	C:\Program Files\Android\Android Studio\jbr\bin\java.exe
0x00007ffae0150000 - 0x00007ffae0348000 	C:\Windows\SYSTEM32\ntdll.dll
0x00007ffae0040000 - 0x00007ffae0102000 	C:\Windows\System32\KERNEL32.DLL
0x00007ffadddd0000 - 0x00007ffade0ce000 	C:\Windows\System32\KERNELBASE.dll
0x00007ffadd8d0000 - 0x00007ffadd9d0000 	C:\Windows\System32\ucrtbase.dll
0x00007ffad70a0000 - 0x00007ffad70b8000 	C:\Program Files\Android\Android Studio\jbr\bin\jli.dll
0x00007ffad3380000 - 0x00007ffad339b000 	C:\Program Files\Android\Android Studio\jbr\bin\VCRUNTIME140.dll
0x00007ffadec20000 - 0x00007ffadedbd000 	C:\Windows\System32\USER32.dll
0x00007ffabc590000 - 0x00007ffabc82a000 	C:\Windows\WinSxS\amd64_microsoft.windows.common-controls_6595b64144ccf1df_6.0.19041.4355_none_60b8b9eb71f62e16\COMCTL32.dll
0x00007ffadd9d0000 - 0x00007ffadd9f2000 	C:\Windows\System32\win32u.dll
0x00007ffadfa30000 - 0x00007ffadfa5b000 	C:\Windows\System32\GDI32.dll
0x00007ffadfa80000 - 0x00007ffadfb1e000 	C:\Windows\System32\msvcrt.dll
0x00007ffaddb50000 - 0x00007ffaddc67000 	C:\Windows\System32\gdi32full.dll
0x00007ffade0d0000 - 0x00007ffade16d000 	C:\Windows\System32\msvcp_win.dll
0x00007ffadffa0000 - 0x00007ffadffcf000 	C:\Windows\System32\IMM32.DLL
0x00007ffad3370000 - 0x00007ffad337c000 	C:\Program Files\Android\Android Studio\jbr\bin\vcruntime140_1.dll
0x00007ffad7010000 - 0x00007ffad709d000 	C:\Program Files\Android\Android Studio\jbr\bin\msvcp140.dll
0x00007ffa87da0000 - 0x00007ffa88a23000 	C:\Program Files\Android\Android Studio\jbr\bin\server\jvm.dll
0x00007ffadfee0000 - 0x00007ffadff92000 	C:\Windows\System32\ADVAPI32.dll
0x00007ffadf990000 - 0x00007ffadfa30000 	C:\Windows\System32\sechost.dll
0x00007ffadf6b0000 - 0x00007ffadf7d3000 	C:\Windows\System32\RPCRT4.dll
0x00007ffaddb20000 - 0x00007ffaddb47000 	C:\Windows\System32\bcrypt.dll
0x00007ffadffd0000 - 0x00007ffae003b000 	C:\Windows\System32\WS2_32.dll
0x00007ffadd650000 - 0x00007ffadd69b000 	C:\Windows\SYSTEM32\POWRPROF.dll
0x00007ffad2ee0000 - 0x00007ffad2f07000 	C:\Windows\SYSTEM32\WINMM.dll
0x00007ffad4b00000 - 0x00007ffad4b0a000 	C:\Windows\SYSTEM32\VERSION.dll
0x00007ffadd630000 - 0x00007ffadd642000 	C:\Windows\SYSTEM32\UMPDC.dll
0x00007ffadb690000 - 0x00007ffadb6a2000 	C:\Windows\SYSTEM32\kernel.appcore.dll
0x00007ffaaa8a0000 - 0x00007ffaaa8aa000 	C:\Program Files\Android\Android Studio\jbr\bin\jimage.dll
0x00007ffad0100000 - 0x00007ffad02e4000 	C:\Windows\SYSTEM32\DBGHELP.DLL
0x00007ffab4230000 - 0x00007ffab4264000 	C:\Windows\SYSTEM32\dbgcore.DLL
0x00007ffadd7f0000 - 0x00007ffadd872000 	C:\Windows\System32\bcryptPrimitives.dll
0x00007ffadac80000 - 0x00007ffadac8e000 	C:\Program Files\Android\Android Studio\jbr\bin\instrument.dll
0x00007ffaaa880000 - 0x00007ffaaa8a0000 	C:\Program Files\Android\Android Studio\jbr\bin\java.dll
0x00007ffaaa150000 - 0x00007ffaaa168000 	C:\Program Files\Android\Android Studio\jbr\bin\zip.dll
0x00007ffade330000 - 0x00007ffadea9f000 	C:\Windows\System32\SHELL32.dll
0x00007ffadb890000 - 0x00007ffadc034000 	C:\Windows\SYSTEM32\windows.storage.dll
0x00007ffadf230000 - 0x00007ffadf583000 	C:\Windows\System32\combase.dll
0x00007ffadd150000 - 0x00007ffadd17e000 	C:\Windows\SYSTEM32\Wldp.dll
0x00007ffade170000 - 0x00007ffade23d000 	C:\Windows\System32\OLEAUT32.dll
0x00007ffadeb00000 - 0x00007ffadebad000 	C:\Windows\System32\SHCORE.dll
0x00007ffadebb0000 - 0x00007ffadec05000 	C:\Windows\System32\shlwapi.dll
0x00007ffadd720000 - 0x00007ffadd744000 	C:\Windows\SYSTEM32\profapi.dll
0x00007ffaa6ed0000 - 0x00007ffaa6ee0000 	C:\Program Files\Android\Android Studio\jbr\bin\net.dll
0x00007ffad7350000 - 0x00007ffad745d000 	C:\Windows\SYSTEM32\WINHTTP.dll
0x00007ffadceb0000 - 0x00007ffadcf1a000 	C:\Windows\system32\mswsock.dll
0x00007ffaa6eb0000 - 0x00007ffaa6ec6000 	C:\Program Files\Android\Android Studio\jbr\bin\nio.dll
0x00007ffaa5f50000 - 0x00007ffaa5f60000 	C:\Program Files\Android\Android Studio\jbr\bin\verify.dll
0x00007ffacd4a0000 - 0x00007ffacd4c7000 	C:\Users\2000\.gradle\native\c067742578af261105cb4f569cf0c3c89f3d7b1fecec35dd04571415982c5e48\windows-amd64\native-platform.dll
0x00007ffad6bd0000 - 0x00007ffad6d14000 	C:\Users\2000\.gradle\native\100fb08df4bc3b14c8652ba06237920a3bd2aa13389f12d3474272988ae205f9\windows-amd64\native-platform-file-events.dll
0x00007ffaa63a0000 - 0x00007ffaa63a9000 	C:\Program Files\Android\Android Studio\jbr\bin\management.dll
0x00007ffaa6390000 - 0x00007ffaa639b000 	C:\Program Files\Android\Android Studio\jbr\bin\management_ext.dll
0x00007ffadfb20000 - 0x00007ffadfb28000 	C:\Windows\System32\PSAPI.DLL
0x00007ffadd0b0000 - 0x00007ffadd0c8000 	C:\Windows\SYSTEM32\CRYPTSP.dll
0x00007ffadc7d0000 - 0x00007ffadc804000 	C:\Windows\system32\rsaenh.dll
0x00007ffadd6e0000 - 0x00007ffadd70e000 	C:\Windows\SYSTEM32\USERENV.dll
0x00007ffadd0a0000 - 0x00007ffadd0ac000 	C:\Windows\SYSTEM32\CRYPTBASE.dll
0x00007ffadcb90000 - 0x00007ffadcbcb000 	C:\Windows\SYSTEM32\IPHLPAPI.DLL
0x00007ffadf590000 - 0x00007ffadf598000 	C:\Windows\System32\NSI.dll
0x00007ffaa63b0000 - 0x00007ffaa63b9000 	C:\Program Files\Android\Android Studio\jbr\bin\extnet.dll
0x00007ffaa6b90000 - 0x00007ffaa6b97000 	C:\Windows\system32\wshunix.dll
0x00007ffab8d30000 - 0x00007ffab8d47000 	C:\Windows\system32\napinsp.dll
0x00007ffab8d10000 - 0x00007ffab8d2b000 	C:\Windows\system32\pnrpnsp.dll
0x00007ffab8cf0000 - 0x00007ffab8d05000 	C:\Windows\system32\wshbth.dll
0x00007ffada9f0000 - 0x00007ffadaa0d000 	C:\Windows\system32\NLAapi.dll
0x00007ffadcbd0000 - 0x00007ffadcc9a000 	C:\Windows\SYSTEM32\DNSAPI.dll
0x00007ffab8cd0000 - 0x00007ffab8ce2000 	C:\Windows\System32\winrnr.dll
0x0000000055120000 - 0x0000000055146000 	C:\Program Files\Bonjour\mdnsNSP.dll
0x00007ffad66c0000 - 0x00007ffad66ca000 	C:\Windows\System32\rasadhlp.dll
0x00007ffad5a50000 - 0x00007ffad5ad0000 	C:\Windows\System32\fwpuclnt.dll
0x00007ffadca20000 - 0x00007ffadca53000 	C:\Windows\SYSTEM32\ntmarta.dll
0x00007ffada6d0000 - 0x00007ffada764000 	C:\Windows\system32\apphelp.dll

dbghelp: loaded successfully - version: 4.0.5 - missing functions: none
symbol engine: initialized successfully - sym options: 0x614 - pdb path: .;C:\Program Files\Android\Android Studio\jbr\bin;C:\Windows\SYSTEM32;C:\Windows\WinSxS\amd64_microsoft.windows.common-controls_6595b64144ccf1df_6.0.19041.4355_none_60b8b9eb71f62e16;C:\Program Files\Android\Android Studio\jbr\bin\server;C:\Users\2000\.gradle\native\c067742578af261105cb4f569cf0c3c89f3d7b1fecec35dd04571415982c5e48\windows-amd64;C:\Users\2000\.gradle\native\100fb08df4bc3b14c8652ba06237920a3bd2aa13389f12d3474272988ae205f9\windows-amd64;C:\Program Files\Bonjour

VM Arguments:
jvm_args: --add-opens=java.base/java.util=ALL-UNNAMED --add-opens=java.base/java.lang=ALL-UNNAMED --add-opens=java.base/java.lang.invoke=ALL-UNNAMED --add-opens=java.prefs/java.util.prefs=ALL-UNNAMED --add-exports=jdk.compiler/com.sun.tools.javac.api=ALL-UNNAMED --add-exports=jdk.compiler/com.sun.tools.javac.util=ALL-UNNAMED --add-opens=java.base/java.nio.charset=ALL-UNNAMED --add-opens=java.base/java.net=ALL-UNNAMED --add-opens=java.base/java.util.concurrent.atomic=ALL-UNNAMED -Xmx2048m -Dfile.encoding=UTF-8 -Duser.country=US -Duser.language=en -Duser.variant -javaagent:C:\Users\2000\.gradle\wrapper\dists\gradle-8.10.2-bin\a04bxjujx95o3nb99gddekhwo\gradle-8.10.2\lib\agents\gradle-instrumentation-agent-8.10.2.jar 
java_command: org.gradle.launcher.daemon.bootstrap.GradleDaemon 8.10.2
java_class_path (initial): C:\Users\2000\.gradle\wrapper\dists\gradle-8.10.2-bin\a04bxjujx95o3nb99gddekhwo\gradle-8.10.2\lib\gradle-daemon-main-8.10.2.jar
Launcher Type: SUN_STANDARD

[Global flags]
     intx CICompilerCount                          = 4                                         {product} {ergonomic}
     uint ConcGCThreads                            = 2                                         {product} {ergonomic}
     uint G1ConcRefinementThreads                  = 8                                         {product} {ergonomic}
   size_t G1HeapRegionSize                         = 1048576                                   {product} {ergonomic}
    uintx GCDrainStackTargetSize                   = 64                                        {product} {ergonomic}
   size_t InitialHeapSize                          = 234881024                                 {product} {ergonomic}
   size_t MarkStackSize                            = 4194304                                   {product} {ergonomic}
   size_t MaxHeapSize                              = 2147483648                                {product} {command line}
   size_t MaxNewSize                               = 1287651328                                {product} {ergonomic}
   size_t MinHeapDeltaBytes                        = 1048576                                   {product} {ergonomic}
   size_t MinHeapSize                              = 8388608                                   {product} {ergonomic}
    uintx NonNMethodCodeHeapSize                   = 5839372                                {pd product} {ergonomic}
    uintx NonProfiledCodeHeapSize                  = 122909434                              {pd product} {ergonomic}
    uintx ProfiledCodeHeapSize                     = 122909434                              {pd product} {ergonomic}
    uintx ReservedCodeCacheSize                    = 251658240                              {pd product} {ergonomic}
     bool SegmentedCodeCache                       = true                                      {product} {ergonomic}
   size_t SoftMaxHeapSize                          = 2147483648                             {manageable} {ergonomic}
     bool UseCompressedOops                        = true                           {product lp64_product} {ergonomic}
     bool UseG1GC                                  = true                                      {product} {ergonomic}
     bool UseLargePagesIndividualAllocation        = false                                  {pd product} {ergonomic}

Logging:
Log output configuration:
 #0: stdout all=warning uptime,level,tags foldmultilines=false
 #1: stderr all=off uptime,level,tags foldmultilines=false

Environment Variables:
PATH=C:\Program Files (x86)\Common Files\Oracle\Java\javapath;C:\Program Files (x86)\NVIDIA Corporation\PhysX\Common;C:\Windows\system32;C:\Windows;C:\Windows\System32\Wbem;C:\Windows\System32\WindowsPowerShell\v1.0\;C:\Windows\System32\OpenSSH\;C:\Program Files\Microsoft SQL Server\Client SDK\ODBC\110\Tools\Binn\;C:\Program Files (x86)\Microsoft SQL Server\120\Tools\Binn\;C:\Program Files\Microsoft SQL Server\120\Tools\Binn\;C:\Program Files\Microsoft SQL Server\120\DTS\Binn\;C:\Users\2000\AppData\Local\Microsoft\WindowsApps;
USERNAME=2000
OS=Windows_NT
PROCESSOR_IDENTIFIER=AMD64 Family 23 Model 24 Stepping 1, AuthenticAMD
TMP=C:\Users\2000\AppData\Local\Temp
TEMP=C:\Users\2000\AppData\Local\Temp




Periodic native trim disabled

JNI global refs:
JNI global refs: 31, weak refs: 154

JNI global refs memory usage: 835, weak refs: 4625

Process memory usage:
Resident Set Size: 1832676K (12% of 14627548K total physical memory with 1664312K free physical memory)

OOME stack traces (most recent first):
Classloader memory used:
Loader org.gradle.internal.classloader.VisitableURLClassLoader$InstrumentingVisitableURLClassLoader: 115M
Loader org.gradle.internal.classloader.VisitableURLClassLoader                         : 115M
Loader bootstrap                                                                       : 35680K
Loader org.gradle.initialization.MixInLegacyTypesClassLoader                           : 16797K
Loader org.gradle.internal.classloader.VisitableURLClassLoader                         : 9087K
Loader jdk.internal.loader.ClassLoaders$AppClassLoader                                 : 8147K
Loader jdk.internal.loader.ClassLoaders$PlatformClassLoader                            : 1006K
Loader jdk.internal.reflect.DelegatingClassLoader                                      : 355K
Loader jdk.internal.jrtfs.JrtFileSystemProvider$JrtFsLoader                            : 347K
Loader org.gradle.groovy.scripts.internal.DefaultScriptCompilationHandler$ScriptClassLoader: 142K
Loader sun.reflect.misc.MethodUtil                                                     : 2952B

Classes loaded by more than one classloader:
Class Program                                                                         : loaded 8 times (x 68B)
Class Build_gradle$1                                                                  : loaded 6 times (x 70B)
Class Build_gradle                                                                    : loaded 6 times (x 126B)
Class com.google.common.collect.ImmutableSet$SetBuilderImpl                           : loaded 5 times (x 72B)
Class com.google.common.collect.ImmutableSet                                          : loaded 5 times (x 141B)
Class com.google.common.collect.RegularImmutableMap$Values                            : loaded 5 times (x 203B)
Class com.google.common.base.CharMatcher$BitSetMatcher                                : loaded 5 times (x 108B)
Class com.google.common.collect.ImmutableList                                         : loaded 5 times (x 202B)
Class com.google.common.collect.ForwardingObject                                      : loaded 5 times (x 68B)
Class com.google.common.collect.Iterators$ArrayItr                                    : loaded 5 times (x 93B)
Class com.google.common.collect.ImmutableCollection$Builder                           : loaded 5 times (x 72B)
Class com.google.common.collect.Iterators$MergingIterator                             : loaded 5 times (x 77B)
Class com.google.common.base.CharMatcher$InRange                                      : loaded 5 times (x 107B)
Class com.google.common.collect.ImmutableList$SubList                                 : loaded 5 times (x 204B)
Class com.google.common.collect.ImmutableSet$Builder                                  : loaded 5 times (x 81B)
Class com.google.common.base.Joiner                                                   : loaded 5 times (x 75B)
Class com.google.common.collect.Platform                                              : loaded 5 times (x 67B)
Class com.google.common.collect.UnmodifiableIterator                                  : loaded 5 times (x 76B)
Class com.google.common.collect.ImmutableMapEntrySet$RegularEntrySet                  : loaded 5 times (x 147B)
Class com.google.common.collect.ImmutableMap$MapViewOfValuesAsSingletonSets           : loaded 5 times (x 121B)
Class com.google.common.collect.RegularImmutableMap                                   : loaded 5 times (x 117B)
Class com.google.common.collect.AbstractMapEntry                                      : loaded 5 times (x 77B)
Class com.google.common.collect.ImmutableList$Builder                                 : loaded 5 times (x 73B)
Class com.google.common.collect.AbstractMultimap                                      : loaded 5 times (x 119B)
Class com.google.common.collect.RegularImmutableAsList                                : loaded 5 times (x 212B)
Class com.google.common.base.CharMatcher$Or                                           : loaded 5 times (x 108B)
Class com.google.common.collect.RegularImmutableSet                                   : loaded 5 times (x 144B)
Class com.google.common.collect.Iterators                                             : loaded 5 times (x 67B)
Class org.gradle.kotlin.dsl.VersionCatalogAccessorsKt                                 : loaded 5 times (x 67B)
Class com.google.common.base.CharMatcher$NamedFastMatcher                             : loaded 5 times (x 108B)
Class [Lcom.google.common.collect.ImmutableEntry;                                     : loaded 5 times (x 65B)
Class com.google.common.base.CharMatcher$1                                            : loaded 5 times (x 109B)
Class com.google.common.collect.Lists$StringAsImmutableList                           : loaded 5 times (x 203B)
Class com.google.common.base.Joiner$2                                                 : loaded 5 times (x 75B)
Class com.google.common.base.CharMatcher                                              : loaded 5 times (x 107B)
Class com.google.common.base.CharMatcher$And                                          : loaded 5 times (x 108B)
Class com.google.common.collect.PeekingIterator                                       : loaded 5 times (x 66B)
Class com.google.common.base.Joiner$1                                                 : loaded 5 times (x 76B)
Class com.google.common.collect.IndexedImmutableSet                                   : loaded 5 times (x 146B)
Class com.google.common.collect.ImmutableMap$1                                        : loaded 5 times (x 77B)
Class com.google.common.collect.BiMap                                                 : loaded 5 times (x 66B)
Class com.google.common.collect.ImmutableList$1                                       : loaded 5 times (x 93B)
Class com.google.common.collect.RegularImmutableList                                  : loaded 5 times (x 208B)
Class com.google.common.collect.AbstractIterator                                      : loaded 5 times (x 78B)
Class com.google.common.base.Preconditions                                            : loaded 5 times (x 67B)
Class com.google.common.collect.ObjectArrays                                          : loaded 5 times (x 67B)
Class com.google.common.collect.AbstractIndexedListIterator                           : loaded 5 times (x 92B)
Class com.google.common.collect.ImmutableMapEntrySet                                  : loaded 5 times (x 147B)
Class com.google.common.base.CharMatcher$FastMatcher                                  : loaded 5 times (x 107B)
Class com.google.common.base.Function                                                 : loaded 5 times (x 66B)
Class com.google.common.collect.ImmutableMapEntry$NonTerminalImmutableMapEntry        : loaded 5 times (x 81B)
Class com.google.common.base.CharMatcher$Is                                           : loaded 5 times (x 107B)
Class com.google.common.base.CharMatcher$Negated                                      : loaded 5 times (x 109B)
Class com.google.common.collect.ImmutableMap$Builder                                  : loaded 5 times (x 78B)
Class com.google.common.collect.RegularImmutableMap$BucketOverflowException           : loaded 5 times (x 78B)
Class com.google.common.collect.Multimap                                              : loaded 5 times (x 66B)
Class com.google.common.collect.ImmutableMapEntry                                     : loaded 5 times (x 81B)
Class com.google.common.collect.RegularImmutableMap$KeySet                            : loaded 5 times (x 146B)
Class com.google.common.collect.UnmodifiableListIterator                              : loaded 5 times (x 91B)
Class [Lcom.google.common.collect.ImmutableMapEntry;                                  : loaded 5 times (x 65B)
Class com.google.common.collect.SingletonImmutableList                                : loaded 5 times (x 203B)
Class com.google.common.collect.ImmutableList$ReverseImmutableList                    : loaded 5 times (x 204B)
Class com.google.common.collect.ImmutableSet$RegularSetBuilderImpl                    : loaded 5 times (x 73B)
Class com.google.common.collect.ImmutableMap                                          : loaded 5 times (x 116B)
Class com.google.common.base.Predicate                                                : loaded 5 times (x 66B)
Class com.google.common.collect.Iterators$1                                           : loaded 5 times (x 77B)
Class com.google.common.collect.SingletonImmutableSet                                 : loaded 5 times (x 142B)
Class com.google.common.collect.ImmutableMap$IteratorBasedImmutableMap                : loaded 5 times (x 121B)
Class com.google.common.base.CharMatcher$IsNot                                        : loaded 5 times (x 107B)
Class com.google.common.collect.Iterables                                             : loaded 5 times (x 67B)
Class com.google.common.base.CharMatcher$IsEither                                     : loaded 5 times (x 107B)
Class com.google.common.collect.Iterators$4                                           : loaded 5 times (x 78B)
Class com.google.common.collect.ImmutableBiMap                                        : loaded 5 times (x 139B)
Class com.google.common.collect.Iterators$5                                           : loaded 5 times (x 78B)
Class com.google.common.base.CharMatcher$ForPredicate                                 : loaded 5 times (x 108B)
Class com.google.common.collect.ImmutableCollection                                   : loaded 5 times (x 121B)
Class com.google.common.base.CharMatcher$AnyOf                                        : loaded 5 times (x 108B)
Class com.google.common.base.CharMatcher$NegatedFastMatcher                           : loaded 5 times (x 109B)
Class com.google.common.collect.ImmutableSet$CachingAsList                            : loaded 5 times (x 143B)
Class com.google.common.collect.Lists                                                 : loaded 5 times (x 67B)
Class com.google.common.collect.Iterators$9                                           : loaded 5 times (x 77B)
Class [Lcom.google.common.collect.AbstractMapEntry;                                   : loaded 5 times (x 65B)
Class com.google.common.collect.ImmutableEntry                                        : loaded 5 times (x 78B)
Class com.google.common.collect.ImmutableAsList                                       : loaded 5 times (x 205B)
Class com.google.common.base.AbstractIterator$1                                       : loaded 4 times (x 67B)
Class com.google.common.base.CharMatcher$Digit                                        : loaded 4 times (x 108B)
Class com.google.common.cache.CacheLoader$SupplierToCacheLoader                       : loaded 4 times (x 71B)
Class org.objectweb.asm.RecordComponentVisitor                                        : loaded 4 times (x 73B)
Class com.android.ide.common.gradle.Version                                           : loaded 4 times (x 71B)
Class com.google.common.collect.ArrayListMultimap                                     : loaded 4 times (x 168B)
Class com.google.common.collect.AbstractMapBasedMultimap                              : loaded 4 times (x 135B)
Class org.jetbrains.kotlin.cli.common.CompilerSystemProperties$value$1                : loaded 4 times (x 121B)
Class com.google.common.base.FunctionalEquivalence                                    : loaded 4 times (x 79B)
Class com.google.common.util.concurrent.AbstractFuture                                : loaded 4 times (x 102B)
Class com.google.common.collect.CollectPreconditions                                  : loaded 4 times (x 67B)
Class com.google.common.base.CharMatcher$JavaIsoControl                               : loaded 4 times (x 108B)
Class com.google.common.base.CharMatcher$Any                                          : loaded 4 times (x 108B)
Class com.android.ide.common.gradle.Part                                              : loaded 4 times (x 73B)
Class com.google.common.base.Converter                                                : loaded 4 times (x 86B)
Class com.google.common.collect.Maps$EntryTransformer                                 : loaded 4 times (x 66B)
Class com.google.common.cache.ReferenceEntry                                          : loaded 4 times (x 66B)
Class com.google.common.util.concurrent.ListenableFuture                              : loaded 4 times (x 66B)
Class com.google.common.collect.Lists$ReverseList                                     : loaded 4 times (x 196B)
Class [Lcom.google.common.cache.LocalCache$EntryFactory;                              : loaded 4 times (x 65B)
Class com.google.common.collect.SortedMapDifference                                   : loaded 4 times (x 66B)
Class com.google.common.base.CharMatcher$JavaLowerCase                                : loaded 4 times (x 107B)
Class com.google.common.base.CharMatcher$JavaLetter                                   : loaded 4 times (x 107B)
Class com.google.common.cache.LocalCache$LocalManualCache$1                           : loaded 4 times (x 71B)
Class com.google.common.util.concurrent.AbstractFuture$UnsafeAtomicHelper             : loaded 4 times (x 74B)
Class com.google.common.base.Splitter$SplittingIterator                               : loaded 4 times (x 80B)
Class com.google.common.collect.ImmutableSet$JdkBackedSetBuilderImpl                  : loaded 4 times (x 72B)
Class com.google.common.cache.CacheBuilder$2                                          : loaded 4 times (x 68B)
Class com.google.common.util.concurrent.internal.InternalFutureFailureAccess          : loaded 4 times (x 68B)
Class com.google.common.cache.LocalCache$EntryFactory                                 : loaded 4 times (x 79B)
Class com.google.common.collect.AbstractListMultimap                                  : loaded 4 times (x 168B)
Class com.google.common.collect.Lists$RandomAccessReverseList                         : loaded 4 times (x 196B)
Class com.google.common.cache.LocalCache                                              : loaded 4 times (x 183B)
Class com.google.common.cache.CacheLoader                                             : loaded 4 times (x 70B)
Class [Lcom.google.common.base.AbstractIterator$State;                                : loaded 4 times (x 65B)
Class com.google.gson.stream.JsonToken                                                : loaded 4 times (x 75B)
Class [Lorg.objectweb.asm.SymbolTable$Entry;                                          : loaded 4 times (x 65B)
Class [Lcom.android.ide.common.gradle.Separator;                                      : loaded 4 times (x 65B)
Class com.google.common.cache.LocalCache$Segment                                      : loaded 4 times (x 150B)
Class org.jetbrains.kotlin.tooling.core.HasMutableExtras                              : loaded 4 times (x 66B)
Class com.google.common.base.Splitter$Strategy                                        : loaded 4 times (x 66B)
Class com.google.common.cache.LocalCache$AbstractReferenceEntry                       : loaded 4 times (x 103B)
Class com.google.common.cache.LocalCache$LocalManualCache                             : loaded 4 times (x 95B)
Class com.google.common.base.CommonPattern                                            : loaded 4 times (x 70B)
Class com.google.common.collect.AbstractMapBasedMultimap$KeySet                       : loaded 4 times (x 133B)
Class com.google.common.cache.LocalCache$ComputingValueReference                      : loaded 4 times (x 92B)
Class com.google.common.base.Splitter$1$1                                             : loaded 4 times (x 82B)
Class com.google.common.base.CharMatcher$Whitespace                                   : loaded 4 times (x 108B)
Class com.google.common.math.IntMath                                                  : loaded 4 times (x 67B)
Class com.google.common.base.Suppliers$SupplierOfInstance                             : loaded 4 times (x 75B)
Class org.objectweb.asm.Edge                                                          : loaded 4 times (x 68B)
Class com.google.gson.internal.JsonReaderInternalAccess                               : loaded 4 times (x 68B)
Class com.google.common.util.concurrent.AbstractFuture$AtomicHelper                   : loaded 4 times (x 74B)
Class org.objectweb.asm.SymbolTable$Entry                                             : loaded 4 times (x 70B)
Class org.objectweb.asm.SymbolTable                                                   : loaded 4 times (x 68B)
Class com.google.common.cache.CacheLoader$InvalidCacheLoadException                   : loaded 4 times (x 78B)
Class com.google.common.cache.CacheBuilder$1                                          : loaded 4 times (x 81B)
Class com.google.common.base.CharMatcher$SingleWidth                                  : loaded 4 times (x 108B)
Class com.google.common.base.JdkPattern                                               : loaded 4 times (x 71B)
Class [Lcom.google.common.cache.LocalCache$Strength;                                  : loaded 4 times (x 65B)
Class [Lcom.google.common.cache.LocalCache$Segment;                                   : loaded 4 times (x 65B)
Class org.objectweb.asm.commons.InstructionAdapter                                    : loaded 4 times (x 184B)
Class com.google.common.collect.Iterators$10                                          : loaded 4 times (x 77B)
Class com.google.common.cache.LocalCache$StrongEntry                                  : loaded 4 times (x 104B)
Class com.google.common.util.concurrent.AbstractFuture$TrustedFuture                  : loaded 4 times (x 110B)
Class com.google.common.cache.LoadingCache                                            : loaded 4 times (x 66B)
Class com.google.common.base.CharMatcher$JavaDigit                                    : loaded 4 times (x 107B)
Class com.google.common.primitives.IntsMethodsForWeb                                  : loaded 4 times (x 67B)
Class org.objectweb.asm.MethodWriter                                                  : loaded 4 times (x 102B)
Class [Lcom.google.common.cache.Weigher;                                              : loaded 4 times (x 65B)
Class com.google.common.collect.ImmutableMultimap                                     : loaded 4 times (x 143B)
Class org.jetbrains.kotlin.cli.common.CompilerSystemProperties$Companion              : loaded 4 times (x 67B)
Class com.google.common.cache.RemovalListener                                         : loaded 4 times (x 66B)
Class com.android.ide.common.gradle.Version$Companion$ParseState$EMPTY                : loaded 4 times (x 70B)
Class com.google.common.base.NullnessCasts                                            : loaded 4 times (x 67B)
Class com.google.common.base.Equivalence$Identity                                     : loaded 4 times (x 78B)
Class com.google.common.util.concurrent.AbstractFuture$Cancellation                   : loaded 4 times (x 68B)
Class org.objectweb.asm.Symbol                                                        : loaded 4 times (x 69B)
Class com.google.gson.stream.JsonReader$1                                             : loaded 4 times (x 68B)
Class com.google.common.cache.Cache                                                   : loaded 4 times (x 66B)
Class com.google.common.cache.LocalCache$Strength                                     : loaded 4 times (x 77B)
Class com.google.common.base.Stopwatch                                                : loaded 4 times (x 68B)
Class com.google.common.cache.Weigher                                                 : loaded 4 times (x 66B)
Class com.google.common.collect.RegularImmutableBiMap                                 : loaded 4 times (x 144B)
Class com.google.common.cache.LocalCache$ValueReference                               : loaded 4 times (x 66B)
Class com.google.common.base.PairwiseEquivalence                                      : loaded 4 times (x 79B)
Class com.google.common.base.Equivalence                                              : loaded 4 times (x 78B)
Class com.google.common.base.Ticker                                                   : loaded 4 times (x 68B)
Class com.google.common.base.PatternCompiler                                          : loaded 4 times (x 66B)
Class org.objectweb.asm.Handler                                                       : loaded 4 times (x 68B)
Class [Lorg.jetbrains.kotlin.cli.common.CompilerSystemProperties;                     : loaded 4 times (x 65B)
Class com.google.common.collect.ArrayListMultimapGwtSerializationDependencies         : loaded 4 times (x 168B)
Class com.google.common.collect.ImmutableEnumSet                                      : loaded 4 times (x 142B)
Class com.google.common.collect.Multiset                                              : loaded 4 times (x 66B)
Class com.google.common.math.MathPreconditions                                        : loaded 4 times (x 67B)
Class com.google.common.util.concurrent.AbstractFuture$Failure                        : loaded 4 times (x 68B)
Class com.google.common.base.Equivalence$Equals                                       : loaded 4 times (x 78B)
Class com.google.common.util.concurrent.ExecutionError                                : loaded 4 times (x 78B)
Class com.google.common.collect.Hashing                                               : loaded 4 times (x 67B)
Class com.google.common.collect.Sets                                                  : loaded 4 times (x 67B)
Class com.google.common.cache.CacheBuilder$OneWeigher                                 : loaded 4 times (x 78B)
Class com.google.common.collect.ImmutableBiMapFauxverideShim                          : loaded 4 times (x 116B)
Class com.google.common.primitives.Ints                                               : loaded 4 times (x 67B)
Class com.android.builder.model.v2.CustomSourceDirectory                              : loaded 4 times (x 66B)
Class com.android.ide.common.gradle.Version$Companion                                 : loaded 4 times (x 67B)
Class com.google.common.base.Strings                                                  : loaded 4 times (x 67B)
Class com.google.common.util.concurrent.AbstractFuture$Waiter                         : loaded 4 times (x 68B)
Class org.objectweb.asm.FieldVisitor                                                  : loaded 4 times (x 73B)
Class org.jetbrains.kotlin.tooling.core.HasExtras                                     : loaded 4 times (x 66B)
Class org.objectweb.asm.Label                                                         : loaded 4 times (x 69B)
Class org.objectweb.asm.CurrentFrame                                                  : loaded 4 times (x 69B)
Class org.objectweb.asm.ClassTooLargeException                                        : loaded 4 times (x 79B)
Class com.google.gson.stream.JsonReader                                               : loaded 4 times (x 93B)
Class com.google.common.base.Charsets                                                 : loaded 4 times (x 67B)
Class com.google.common.util.concurrent.Uninterruptibles                              : loaded 4 times (x 67B)
Class com.google.common.cache.CacheLoader$UnsupportedLoadingOperationException        : loaded 4 times (x 78B)
Class org.objectweb.asm.ClassWriter                                                   : loaded 4 times (x 102B)
Class com.android.ide.common.gradle.Separator                                         : loaded 4 times (x 75B)
Class com.google.common.collect.AbstractMapBasedMultimap$KeySet$1                     : loaded 4 times (x 78B)
Class com.android.builder.model.v2.ide.ProjectType                                    : loaded 4 times (x 75B)
Class com.android.ide.common.gradle.Version$Companion$ParseState$NUMERIC              : loaded 4 times (x 70B)
Class com.google.common.base.CharMatcher$JavaLetterOrDigit                            : loaded 4 times (x 107B)
Class com.google.common.collect.Maps                                                  : loaded 4 times (x 67B)
Class org.objectweb.asm.Frame                                                         : loaded 4 times (x 69B)
Class com.google.common.base.CharMatcher$JavaUpperCase                                : loaded 4 times (x 107B)
Class com.google.common.util.concurrent.UncheckedExecutionException                   : loaded 4 times (x 78B)
Class org.objectweb.asm.MethodVisitor                                                 : loaded 4 times (x 101B)
Class com.google.common.cache.LocalCache$EntryFactory$1                               : loaded 4 times (x 79B)
Class [Lcom.google.common.cache.RemovalListener;                                      : loaded 4 times (x 65B)
Class com.google.common.base.Supplier                                                 : loaded 4 times (x 66B)
Class org.objectweb.asm.Attribute                                                     : loaded 4 times (x 73B)
Class com.android.ide.common.gradle.Version$Companion$ParseState                      : loaded 4 times (x 66B)
Class com.google.common.base.CharMatcher$RangesMatcher                                : loaded 4 times (x 108B)
Class com.google.common.cache.LocalCache$LoadingValueReference                        : loaded 4 times (x 92B)
Class com.google.common.util.concurrent.AbstractFuture$Trusted                        : loaded 4 times (x 66B)
Class com.google.common.cache.LocalCache$EntryFactory$2                               : loaded 4 times (x 79B)
Class [Lcom.android.builder.model.v2.ide.ProjectType;                                 : loaded 4 times (x 65B)
Class com.google.common.util.concurrent.AbstractFuture$UnsafeAtomicHelper$1           : loaded 4 times (x 72B)
Class com.google.common.base.Platform                                                 : loaded 4 times (x 67B)
Class com.google.common.cache.LocalCache$2                                            : loaded 4 times (x 138B)
Class com.google.common.util.concurrent.AbstractFuture$Listener                       : loaded 4 times (x 68B)
Class com.google.common.collect.Sets$ImprovedAbstractSet                              : loaded 4 times (x 131B)
Class org.objectweb.asm.ModuleWriter                                                  : loaded 4 times (x 78B)
Class com.google.common.cache.LocalCache$EntryFactory$3                               : loaded 4 times (x 79B)
Class com.google.common.base.Ticker$1                                                 : loaded 4 times (x 68B)
Class org.objectweb.asm.RecordComponentWriter                                         : loaded 4 times (x 74B)
Class com.google.common.cache.LocalCache$1                                            : loaded 4 times (x 85B)
Class com.google.gson.stream.MalformedJsonException                                   : loaded 4 times (x 78B)
Class com.google.common.collect.SingletonImmutableBiMap                               : loaded 4 times (x 139B)
Class [Lorg.objectweb.asm.AnnotationWriter;                                           : loaded 4 times (x 65B)
Class com.google.common.primitives.Ints$IntConverter                                  : loaded 4 times (x 86B)
Class com.google.common.base.Ascii                                                    : loaded 4 times (x 67B)
Class com.google.common.collect.Maps$8                                                : loaded 4 times (x 78B)
Class com.google.common.collect.Maps$BiMapConverter                                   : loaded 4 times (x 86B)
Class com.google.common.base.Splitter$5                                               : loaded 4 times (x 76B)
Class com.google.common.cache.CacheStats                                              : loaded 4 times (x 67B)
Class org.objectweb.asm.AnnotationWriter                                              : loaded 4 times (x 75B)
Class [Lorg.objectweb.asm.Type;                                                       : loaded 4 times (x 65B)
Class com.google.common.base.MoreObjects                                              : loaded 4 times (x 67B)
Class com.google.common.collect.Lists$ReverseList$1                                   : loaded 4 times (x 95B)
Class com.google.common.cache.LocalCache$EntryFactory$4                               : loaded 4 times (x 79B)
Class org.jetbrains.kotlin.tooling.core.Extras                                        : loaded 4 times (x 66B)
Class com.google.common.collect.BaseImmutableMultimap                                 : loaded 4 times (x 119B)
Class com.google.common.collect.Sets$SetView                                          : loaded 4 times (x 134B)
Class com.google.common.cache.LocalCache$StrongValueReference                         : loaded 4 times (x 86B)
Class com.google.common.util.concurrent.AbstractFuture$SynchronizedHelper             : loaded 4 times (x 74B)
Class com.google.common.base.CharMatcher$Invisible                                    : loaded 4 times (x 108B)
Class [Lcom.google.gson.stream.JsonToken;                                             : loaded 4 times (x 65B)
Class com.google.common.cache.CacheLoader$FunctionToCacheLoader                       : loaded 4 times (x 71B)
Class com.google.common.cache.CacheBuilder$NullListener                               : loaded 4 times (x 78B)
Class org.objectweb.asm.FieldWriter                                                   : loaded 4 times (x 74B)
Class com.google.common.cache.LocalCache$EntryFactory$5                               : loaded 4 times (x 79B)
Class org.objectweb.asm.Type                                                          : loaded 4 times (x 68B)
Class com.google.common.base.Splitter$1                                               : loaded 4 times (x 73B)
Class com.google.common.collect.MapDifference                                         : loaded 4 times (x 66B)
Class com.google.common.cache.LocalCache$Strength$3                                   : loaded 4 times (x 77B)
Class com.google.common.cache.LocalCache$Strength$2                                   : loaded 4 times (x 77B)
Class com.google.common.util.concurrent.SettableFuture                                : loaded 4 times (x 110B)
Class com.google.common.cache.LocalCache$EntryFactory$6                               : loaded 4 times (x 79B)
Class com.google.common.cache.LocalCache$Strength$1                                   : loaded 4 times (x 77B)
Class org.objectweb.asm.ModuleVisitor                                                 : loaded 4 times (x 77B)
Class com.google.common.collect.Sets$4                                                : loaded 4 times (x 135B)
Class com.google.common.collect.Maps$KeySet                                           : loaded 4 times (x 133B)
Class com.google.common.base.AbstractIterator$State                                   : loaded 4 times (x 75B)
Class com.google.common.cache.LocalCache$LocalLoadingCache                            : loaded 4 times (x 130B)
Class com.google.common.util.concurrent.AbstractFuture$SafeAtomicHelper               : loaded 4 times (x 75B)
Class com.google.common.collect.Sets$3                                                : loaded 4 times (x 135B)
Class [Lorg.objectweb.asm.AnnotationVisitor;                                          : loaded 4 times (x 65B)
Class org.jetbrains.kotlin.cli.common.CompilerSystemProperties                        : loaded 4 times (x 76B)
Class com.google.common.cache.LocalCache$EntryFactory$7                               : loaded 4 times (x 79B)
Class com.google.common.collect.ImmutableSet$EmptySetBuilderImpl                      : loaded 4 times (x 72B)
Class com.google.common.base.CharMatcher$Ascii                                        : loaded 4 times (x 108B)
Class com.google.common.collect.Sets$2                                                : loaded 4 times (x 135B)
Class org.jetbrains.kotlin.util.capitalizeDecapitalize.CapitalizeDecapitalizeKt       : loaded 4 times (x 67B)
Class com.google.common.cache.LocalCache$EntryFactory$8                               : loaded 4 times (x 79B)
Class org.objectweb.asm.ByteVector                                                    : loaded 4 times (x 75B)
Class com.google.common.base.Splitter                                                 : loaded 4 times (x 68B)
Class org.objectweb.asm.AnnotationVisitor                                             : loaded 4 times (x 74B)
Class com.google.common.collect.Sets$1                                                : loaded 4 times (x 135B)
Class com.android.ide.common.gradle.Numeric                                           : loaded 4 times (x 73B)
Class com.google.common.collect.ListMultimap                                          : loaded 4 times (x 66B)
Class com.google.common.collect.ImmutableEnumMap                                      : loaded 4 times (x 121B)
Class com.google.common.cache.CacheLoader$1                                           : loaded 4 times (x 71B)
Class [Lcom.google.common.cache.CacheBuilder$NullListener;                            : loaded 4 times (x 65B)
Class com.google.common.math.IntMath$1                                                : loaded 4 times (x 67B)
Class com.google.common.cache.CacheBuilder                                            : loaded 4 times (x 68B)
Class com.google.common.util.concurrent.AbstractFuture$SetFuture                      : loaded 4 times (x 71B)
Class com.android.utils.StringHelper                                                  : loaded 4 times (x 67B)
Class com.google.common.base.CharMatcher$None                                         : loaded 4 times (x 108B)
Class com.google.common.cache.AbstractCache$StatsCounter                              : loaded 4 times (x 66B)
Class com.android.utils.FileUtils                                                     : loaded 4 times (x 67B)
Class com.google.common.base.Suppliers                                                : loaded 4 times (x 67B)
Class [Lcom.google.common.cache.CacheBuilder$OneWeigher;                              : loaded 4 times (x 65B)
Class [Lorg.objectweb.asm.Symbol;                                                     : loaded 4 times (x 65B)
Class org.objectweb.asm.ClassVisitor                                                  : loaded 4 times (x 84B)
Class org.objectweb.asm.MethodTooLargeException                                       : loaded 4 times (x 79B)
Class com.google.common.base.Platform$JdkPatternCompiler                              : loaded 4 times (x 71B)
Class com.google.common.base.AbstractIterator                                         : loaded 4 times (x 76B)
Class com.android.build.gradle.internal.dsl.SigningConfig                             : loaded 3 times (x 143B)
Class com.android.build.gradle.internal.dsl.InternalBuildType                         : loaded 3 times (x 66B)
Class com.android.utils.NullLogger                                                    : loaded 3 times (x 81B)
Class com.android.utils.ILogger                                                       : loaded 3 times (x 66B)
Class com.google.gson.internal.bind.TypeAdapters$30                                   : loaded 3 times (x 72B)
Class com.google.gson.internal.bind.JsonTreeReader                                    : loaded 3 times (x 94B)
Class com.google.gson.TypeAdapterFactory                                              : loaded 3 times (x 66B)
Class com.android.build.gradle.options.SyncOptions                                    : loaded 3 times (x 67B)
Class com.android.build.gradle.options.Option                                         : loaded 3 times (x 66B)
Class com.android.build.gradle.internal.tasks.factory.TaskManagerConfig               : loaded 3 times (x 66B)
Class com.android.ide.common.signing.KeytoolException                                 : loaded 3 times (x 80B)
Class org.jetbrains.kotlin.gradle.plugin.KotlinGradleBuildServices$Companion$registerIfAbsent$1: loaded 3 times (x 71B)
Class org.jetbrains.kotlin.tooling.core.MutableExtrasImpl$Companion                   : loaded 3 times (x 67B)
Class org.jetbrains.kotlin.gradle.plugin.sources.android.configurator.KotlinAndroidSourceSetConfigurationWithCondition: loaded 3 times (x 72B)
Class org.jetbrains.kotlin.gradle.targets.js.dsl.KotlinJsSubTargetContainerDsl        : loaded 3 times (x 66B)
Class org.jetbrains.kotlin.gradle.plugin.diagnostics.checkers.JsEnvironmentChecker$runChecks$1: loaded 3 times (x 84B)
Class com.android.build.gradle.internal.variant.VariantPathHelper$defaultApkLocation$2: loaded 3 times (x 75B)
Class com.android.build.api.variant.GeneratesTestApk                                  : loaded 3 times (x 66B)
Class com.android.build.api.variant.Instrumentation                                   : loaded 3 times (x 66B)
Class com.android.build.api.variant.impl.VariantOutputImpl                            : loaded 3 times (x 78B)
Class com.google.gson.internal.UnsafeAllocator$2                                      : loaded 3 times (x 69B)
Class com.android.build.gradle.internal.publishing.AndroidArtifacts$ArtifactScope     : loaded 3 times (x 75B)
Class [Lcom.android.build.gradle.internal.publishing.AndroidArtifacts$ConsumedConfigType;: loaded 3 times (x 65B)
Class com.android.build.api.component.impl.features.OptimizationCreationConfigImpl$consumerProguardFiles$2: loaded 3 times (x 75B)
Class com.android.build.gradle.internal.TaskManager$WhenMappings                      : loaded 3 times (x 67B)
Class com.android.build.gradle.internal.scope.InternalArtifactType$DESUGAR_GRAPH      : loaded 3 times (x 70B)
Class com.android.build.gradle.internal.tasks.ApkZipPackagingTask                     : loaded 3 times (x 327B)
Class org.jetbrains.kotlin.gradle.plugin.KotlinPluginLifecycle$ProjectConfigurationResult$Failure: loaded 3 times (x 68B)
Class com.android.build.gradle.internal.scope.ArtifactPublishingUtil$publishArtifactToConfiguration$1$1: loaded 3 times (x 71B)
Class com.android.build.gradle.internal.VariantTaskManager$addBindingDependenciesIfNecessary$dataBindingEnabled$1: loaded 3 times (x 76B)
Class com.android.build.gradle.internal.utils.DesugarLibUtils$getDesugarLibConfigFromTransform$1: loaded 3 times (x 70B)
Class com.android.build.gradle.internal.dependency.ClassesDirToClassesTransform$Inject1: loaded 3 times (x 105B)
Class [Lcom.android.build.gradle.internal.testing.utp.UtpDependency;                  : loaded 3 times (x 65B)
Class com.android.build.api.dsl.TestDefaultConfig                                     : loaded 3 times (x 66B)
Class com.android.build.gradle.internal.scope.InternalArtifactType$VERSION_CONTROL_INFO_FILE: loaded 3 times (x 70B)
Class com.android.build.gradle.internal.scope.InternalArtifactType$EXTRACTED_APKS     : loaded 3 times (x 70B)
Class com.android.build.gradle.internal.scope.InternalArtifactType$MERGED_ART_PROFILE : loaded 3 times (x 70B)
Class com.android.build.gradle.tasks.PackageApplication                               : loaded 3 times (x 361B)
Class com.android.build.gradle.internal.dependency.ShrinkerVersion$Companion          : loaded 3 times (x 67B)
Class com.android.build.gradle.tasks.MapSourceSetPathsTask$CreateAction               : loaded 3 times (x 89B)
Class com.android.build.api.component.impl.ComponentImpl$instrumentationCreationConfig$2: loaded 3 times (x 75B)
Class com.android.build.api.variant.LifecycleTasks                                    : loaded 3 times (x 66B)
Class com.android.build.api.variant.ResValue$Key                                      : loaded 3 times (x 66B)
Class com.android.build.gradle.internal.variant.VariantPathHelper$baseName$2          : loaded 3 times (x 75B)
Class org.jetbrains.kotlin.gradle.plugin.KotlinPluginWrapperKt$setupDiagnosticsChecksAndReporting$1: loaded 3 times (x 71B)
Class org.jetbrains.kotlin.gradle.plugin.sources.DefaultKotlinSourceSet$MetadataDependencyTransformation: loaded 3 times (x 68B)
Class org.jetbrains.kotlin.gradle.plugin.sources.android.KotlinAndroidSourceSetNaming : loaded 3 times (x 66B)
Class org.jetbrains.kotlin.gradle.tasks.DefaultKotlinJavaToolchain$Companion          : loaded 3 times (x 67B)
Class org.jetbrains.kotlin.gradle.tasks.DefaultKotlinJavaToolchain                    : loaded 3 times (x 73B)
Class org.jetbrains.kotlin.gradle.plugin.KotlinGradleBuildServices                    : loaded 3 times (x 76B)
Class [Lorg.jetbrains.kotlin.statistics.ValueAnonymizer;                              : loaded 3 times (x 65B)
Class org.jetbrains.kotlin.gradle.plugin.internal.DefaultKotlinTestReportCompatibilityHelperVariantFactory: loaded 3 times (x 72B)
Class com.android.build.api.artifact.impl.SingleArtifactContainer                     : loaded 3 times (x 71B)
Class com.android.build.api.artifact.impl.ArtifactContainer                           : loaded 3 times (x 71B)
Class com.android.build.gradle.internal.TaskManager$Companion$createTasksBeforeEvaluate$1: loaded 3 times (x 70B)
Class com.android.build.gradle.internal.dsl.decorator.SupportedPropertyType$Var$NullableInt: loaded 3 times (x 70B)
Class com.android.build.api.dsl.JniLibsPackaging                                      : loaded 3 times (x 66B)
Class com.android.build.gradle.internal.dsl.DensitySplitOptions                       : loaded 3 times (x 96B)
Class com.android.build.api.dsl.AssetPackBundleExtension                              : loaded 3 times (x 66B)
Class com.android.build.gradle.internal.dsl.BuildTypeFactory                          : loaded 3 times (x 73B)
Class com.android.build.gradle.internal.dsl.BaselineProfileImpl$AgpDecorated_Decorated: loaded 3 times (x 128B)
Class com.android.build.gradle.internal.core.dsl.features.DeviceTestOptionsDslInfo    : loaded 3 times (x 66B)
Class com.google.protobuf.GeneratedMessageV3$BuilderParent                            : loaded 3 times (x 66B)
Class com.google.protobuf.Internal$IntList                                            : loaded 3 times (x 66B)
Class com.google.gson.internal.bind.TypeAdapters$31                                   : loaded 3 times (x 72B)
Class com.google.gson.JsonSyntaxException                                             : loaded 3 times (x 78B)
Class com.android.build.gradle.options.Option$Status$STABLE                           : loaded 3 times (x 67B)
Class com.android.build.api.variant.HasDeviceTestsBuilder                             : loaded 3 times (x 66B)
Class com.android.build.gradle.internal.dependency.SubtractingArtifactCollection$SubtractingArtifactResult$fileCollection$1: loaded 3 times (x 75B)
Class com.android.build.gradle.internal.cxx.logging.PassThroughRecordingLoggingEnvironment: loaded 3 times (x 79B)
Class com.android.build.gradle.internal.dependency.EnumerateClassesTransform$Inject1  : loaded 3 times (x 105B)
Class com.android.build.gradle.internal.dependency.AgpVersionCompatibilityRule        : loaded 3 times (x 72B)
Class com.android.build.gradle.internal.api.UnitTestVariantImpl                       : loaded 3 times (x 215B)
Class org.jetbrains.kotlin.idea.gradleTooling.model.noarg.NoArgModel                  : loaded 3 times (x 66B)
Class com.android.builder.model.v2.dsl.BuildType                                      : loaded 3 times (x 66B)
Class com.intellij.gradle.toolingExtension.impl.model.utilTurnOffDefaultTasksModel.TurnOffDefaultTasks: loaded 3 times (x 66B)
Class com.android.build.gradle.TestPlugin                                             : loaded 3 times (x 72B)
Class com.google.gson.Gson$2                                                          : loaded 3 times (x 72B)
Class com.android.ide.common.blame.SourceFilePositionJsonSerializer                   : loaded 3 times (x 73B)
Class org.jetbrains.kotlin.config.LanguageVersionSettings                             : loaded 3 times (x 66B)
Class com.android.tools.analytics.Environment$SystemProperty                          : loaded 3 times (x 75B)
Class com.android.tools.analytics.Environment$Companion                               : loaded 3 times (x 67B)
Class com.android.tools.analytics.Environment$Companion$SYSTEM$1                      : loaded 3 times (x 69B)
Class com.android.build.gradle.internal.profile.NoOpAnalyticsConfiguratorService$RegistrationAction: loaded 3 times (x 70B)
Class com.google.protobuf.Message                                                     : loaded 3 times (x 66B)
Class org.jetbrains.kotlin.gradle.dsl.KotlinProjectExtension                          : loaded 3 times (x 87B)
Class com.google.wireless.android.sdk.stats.JavaProcessStats                          : loaded 3 times (x 202B)
Class com.android.build.gradle.internal.services.VariantServicesImpl$fileTreeFactory$1: loaded 3 times (x 75B)
Class org.jetbrains.kotlin.compilerRunner.CompilerSystemPropertiesService$Parameters_Decorated: loaded 3 times (x 130B)
Class com.android.build.FilterData                                                    : loaded 3 times (x 66B)
Class com.android.build.gradle.tasks.ExternalNativeBuildTask                          : loaded 3 times (x 326B)
Class com.android.build.gradle.internal.DependencyConfigurator$configureGeneralTransforms$3: loaded 3 times (x 71B)
Class com.android.build.gradle.internal.tasks.DependencyReportTask                    : loaded 3 times (x 314B)
Class com.android.build.gradle.internal.tasks.FinalizeBundleTask$CreationAction       : loaded 3 times (x 86B)
Class com.android.build.api.artifact.Artifact$Multiple                                : loaded 3 times (x 70B)
Class com.android.build.gradle.internal.scope.InternalArtifactType$EXTERNAL_LIBS_DEX_ARCHIVE: loaded 3 times (x 70B)
Class com.android.build.gradle.internal.tasks.DexArchiveBuilderTask$CreationAction    : loaded 3 times (x 89B)
Class com.android.build.api.artifact.impl.ArtifactTransformationRequestImpl           : loaded 3 times (x 72B)
Class com.android.build.api.artifact.Artifact$Appendable                              : loaded 3 times (x 66B)
Class com.android.tools.build.jetifier.core.pom.DependencyVersionsMap                 : loaded 3 times (x 68B)
Class com.android.build.api.variant.impl.DirectoryEntry                               : loaded 3 times (x 66B)
Class [Lcom.android.build.api.variant.impl.SourceType;                                : loaded 3 times (x 65B)
Class com.android.prefs.PathLocator$WhenMappings                                      : loaded 3 times (x 67B)
Class com.android.build.gradle.internal.core.dsl.impl.VariantDslInfoImpl$namespace$1  : loaded 3 times (x 71B)
Class com.android.build.api.variant.impl.ApplicationAndroidResourcesBuilderImpl       : loaded 3 times (x 71B)
Class org.jetbrains.kotlin.gradle.plugin.KotlinPluginWrapperKt$setupDiagnosticsChecksAndReporting$2: loaded 3 times (x 91B)
Class org.jetbrains.kotlin.gradle.plugin.diagnostics.checkers.JsEnvironmentChecker    : loaded 3 times (x 70B)
Class org.jetbrains.kotlin.gradle.plugin.diagnostics.ToolingDiagnosticRenderingOptions: loaded 3 times (x 68B)
Class org.jetbrains.kotlin.gradle.targets.js.npm.NpmDependencyExtensionKt             : loaded 3 times (x 67B)
Class org.jetbrains.kotlin.gradle.plugin.KotlinTargetWithTests                        : loaded 3 times (x 66B)
Class [Lorg.jetbrains.kotlin.gradle.dsl.KotlinVersion;                                : loaded 3 times (x 65B)
Class org.jetbrains.kotlin.gradle.report.BuildMetricsService                          : loaded 3 times (x 82B)
Class org.jetbrains.kotlin.statistics.metrics.NumberAnonymizationPolicy               : loaded 3 times (x 81B)
Class org.jetbrains.kotlin.statistics.metrics.StringAnonymizationPolicy               : loaded 3 times (x 74B)
Class com.android.build.gradle.internal.TaskManager$Companion$createTasksBeforeEvaluate$2: loaded 3 times (x 70B)
Class com.android.build.gradle.internal.dsl.ShaderOptions                             : loaded 3 times (x 83B)
Class com.android.build.gradle.internal.dsl.SigningConfigFactory                      : loaded 3 times (x 73B)
Class com.android.build.gradle.internal.dsl.BaseFlavor                                : loaded 3 times (x 411B)
Class com.android.utils.EnvironmentProvider$DirectEnvironmentProvider                 : loaded 3 times (x 76B)
Class com.google.wireless.android.sdk.stats.GarbageCollectionStatsOrBuilder           : loaded 3 times (x 66B)
Class com.android.build.gradle.internal.profile.AnalyticsService                      : loaded 3 times (x 106B)
Class com.google.gson.internal.bind.TypeAdapters$32                                   : loaded 3 times (x 72B)
Class [Lcom.android.build.gradle.options.IntegerOption;                               : loaded 3 times (x 65B)
Class com.android.build.gradle.options.BooleanOption                                  : loaded 3 times (x 82B)
Class com.android.build.gradle.internal.plugins.AbstractAppPlugin                     : loaded 3 times (x 89B)
Class org.jetbrains.kotlin.gradle.plugin.VariantImplementationFactories$Companion$getProvider$1: loaded 3 times (x 71B)
Class com.android.build.api.dsl.DependenciesInfo                                      : loaded 3 times (x 66B)
Class org.jetbrains.kotlin.statistics.metrics.StringOverridePolicy$OVERRIDE_VERSION_IF_NOT_SET: loaded 3 times (x 81B)
Class org.jetbrains.kotlin.gradle.plugin.KotlinTargetComponent                        : loaded 3 times (x 66B)
Class com.google.common.base.Converter$IdentityConverter                              : loaded 3 times (x 86B)
Class com.android.resources.ResourceEnum                                              : loaded 3 times (x 66B)
Class com.android.build.gradle.internal.CompileOptions$AgpDecorated_Decorated         : loaded 3 times (x 164B)
Class [Lcom.android.tools.lint.model.LintModelSeverity;                               : loaded 3 times (x 65B)
Class com.android.build.gradle.api.TestVariant                                        : loaded 3 times (x 66B)
Class com.android.build.api.artifact.impl.StorageProviderImpl$directory$1             : loaded 3 times (x 74B)
Class org.jetbrains.kotlin.gradle.plugin.BuildFinishFlowAction$Parameters             : loaded 3 times (x 66B)
Class org.jetbrains.kotlin.gradle.utils.Future                                        : loaded 3 times (x 66B)
Class org.jetbrains.kotlin.gradle.plugin.mpp.AbstractKotlinCompilation                : loaded 3 times (x 189B)
Class org.jetbrains.kotlin.gradle.plugin.diagnostics.checkers.UnusedSourceSetsChecker : loaded 3 times (x 70B)
Class org.jetbrains.kotlin.gradle.dsl.IosSourceSetConventionChecker$runChecks$1       : loaded 3 times (x 84B)
Class com.android.build.gradle.internal.utils.KgpUtils                                : loaded 3 times (x 67B)
Class com.android.build.gradle.internal.variant.DimensionCombinationImpl              : loaded 3 times (x 72B)
Class com.android.build.gradle.internal.dsl.ModulePropertyKey$BooleanWithDefault$Companion: loaded 3 times (x 67B)
Class com.google.gson.internal.UnsafeAllocator$1                                      : loaded 3 times (x 69B)
Class com.android.build.gradle.tasks.ProcessPackagedManifestTask$CreationAction$handleProvider$2: loaded 3 times (x 123B)
Class com.android.build.api.variant.impl.JniLibsPackagingImpl$pickFirsts$1            : loaded 3 times (x 71B)
Class org.jetbrains.kotlin.gradle.plugin.mpp.compilationImpl.KotlinCompilationLanguageSettingsConfigurator: loaded 3 times (x 70B)
Class com.android.build.gradle.internal.api.ApplicationVariantImpl                    : loaded 3 times (x 258B)
Class com.android.build.gradle.internal.tasks.factory.BootClasspathConfigImpl$fullBootClasspathProvider$2$1: loaded 3 times (x 123B)
Class com.android.build.gradle.internal.dependency.DexingOutputSplitTransform         : loaded 3 times (x 74B)
Class com.android.build.gradle.internal.DependencyConfigurator$configureGeneralTransforms$4: loaded 3 times (x 71B)
Class com.android.build.gradle.internal.cxx.configure.ExperimentalPropertyExtensionsKt: loaded 3 times (x 67B)
Class com.android.build.gradle.tasks.AnalyzeDependenciesTask                          : loaded 3 times (x 333B)
Class com.android.build.gradle.tasks.factory.AndroidUnitTest$CreationAction           : loaded 3 times (x 87B)
Class com.android.build.gradle.internal.scope.InternalArtifactType$GLOBAL_SYNTHETICS_DEX: loaded 3 times (x 70B)
Class com.android.build.gradle.internal.tasks.OptimizeResourcesTask$CreateAction      : loaded 3 times (x 89B)
Class com.android.build.gradle.internal.scope.InternalArtifactType$DEX_NUMBER_OF_BUCKETS_FILE: loaded 3 times (x 70B)
Class com.android.build.gradle.internal.tasks.MergeFileTask                           : loaded 3 times (x 326B)
Class com.android.build.api.component.impl.OldVariantApiLegacySupportImpl$outputs$2   : loaded 3 times (x 75B)
Class com.android.build.gradle.internal.instrumentation.AsmClassVisitorsFactoryRegistry: loaded 3 times (x 68B)
Class com.android.build.gradle.internal.core.dsl.features.NativeBuildDslInfo          : loaded 3 times (x 66B)
Class com.android.build.api.variant.UnitTest                                          : loaded 3 times (x 66B)
Class com.android.build.gradle.internal.variant.VariantPathHelper$deploymentApkLocation$2: loaded 3 times (x 75B)
Class org.jetbrains.kotlin.gradle.plugin.KotlinPluginWrapperKt$setupDiagnosticsChecksAndReporting$3: loaded 3 times (x 71B)
Class org.jetbrains.kotlin.gradle.plugin.KotlinPluginLifecycleKt$await$1              : loaded 3 times (x 84B)
Class [Lorg.jetbrains.kotlin.gradle.plugin.KotlinCompilation;                         : loaded 3 times (x 65B)
Class org.jetbrains.kotlin.gradle.dsl.KotlinTargetContainerWithJsPresetFunctions      : loaded 3 times (x 66B)
Class org.jetbrains.kotlin.gradle.plugin.mpp.KotlinAndroidTargetVariantDslImpl        : loaded 3 times (x 71B)
Class org.jetbrains.kotlin.gradle.plugin.mpp.KotlinTargetComponentWithPublication     : loaded 3 times (x 66B)
Class org.jetbrains.kotlin.tooling.core.TypeUtils                                     : loaded 3 times (x 67B)
Class org.jetbrains.kotlin.gradle.plugin.AndroidGradlePluginVersionKt                 : loaded 3 times (x 67B)
Class org.jetbrains.kotlin.gradle.report.ReportingSettings$Companion                  : loaded 3 times (x 67B)
Class org.jetbrains.kotlin.gradle.report.ConfigureReporingKt                          : loaded 3 times (x 67B)
Class org.jetbrains.kotlin.gradle.plugin.internal.DefaultConfigurationCacheStartParameterAccessor$isConfigurationCacheRequested$2: loaded 3 times (x 75B)
Class org.jetbrains.kotlin.gradle.plugin.internal.MppTestReportHelper                 : loaded 3 times (x 66B)
Class org.jetbrains.kotlin.gradle.plugin.statistics.KotlinBuildStatsService$Companion : loaded 3 times (x 67B)
Class com.android.build.gradle.internal.tasks.factory.GlobalTaskCreationAction        : loaded 3 times (x 85B)
Class com.android.build.gradle.internal.TaskManager$Companion$createTasksBeforeEvaluate$3: loaded 3 times (x 70B)
Class com.android.build.gradle.internal.dsl.BundleOptionsStoreArchive$AgpDecorated_Decorated: loaded 3 times (x 125B)
Class com.android.builder.model.LintOptions                                           : loaded 3 times (x 66B)
Class com.android.build.gradle.internal.api.DefaultAndroidSourceSet_Decorated         : loaded 3 times (x 278B)
Class com.google.common.base.Enums$StringConverter                                    : loaded 3 times (x 86B)
Class com.android.build.gradle.internal.dsl.ConfigurableFilesImpl                     : loaded 3 times (x 76B)
Class com.android.build.gradle.internal.dsl.LibraryPublishingImpl                     : loaded 3 times (x 82B)
Class com.android.build.gradle.internal.dsl.SplitOptions                              : loaded 3 times (x 84B)
Class com.android.build.gradle.internal.dsl.decorator.SupportedPropertyType$Collection$Map: loaded 3 times (x 70B)
Class com.android.build.gradle.internal.variant.AbstractVariantInputManager$Companion : loaded 3 times (x 67B)
Class com.google.wireless.android.sdk.stats.GradleBuildProfile$Builder                : loaded 3 times (x 342B)
Class com.google.protobuf.UnknownFieldSet                                             : loaded 3 times (x 83B)
Class com.android.build.gradle.internal.res.Aapt2FromMaven$Companion$Aapt2Version     : loaded 3 times (x 67B)
Class com.google.gson.internal.bind.ObjectTypeAdapter                                 : loaded 3 times (x 70B)
Class com.google.gson.internal.bind.TypeAdapters$33                                   : loaded 3 times (x 72B)
Class com.android.build.gradle.options.SyncOptions$EvaluationMode                     : loaded 3 times (x 75B)
Class org.jetbrains.kotlin.gradle.dsl.KotlinCommonCompilerToolOptionsHelper           : loaded 3 times (x 67B)
Class org.gradle.accessors.dm.LibrariesForLibsInPluginsBlock$PluginAccessors          : loaded 3 times (x 72B)
Class com.android.build.gradle.internal.scope.InternalArtifactType$GENERATED_PROGUARD_FILE: loaded 3 times (x 70B)
Class com.android.build.gradle.internal.tasks.factory.features.DexingTaskCreationActionImpl: loaded 3 times (x 71B)
Class com.android.build.gradle.internal.SdkComponentsBuildService$Environment         : loaded 3 times (x 69B)
Class com.android.build.gradle.internal.DependencyConfigurator$configureGeneralTransforms$8$1: loaded 3 times (x 70B)
Class com.android.build.gradle.internal.DependencyConfigurator$configureGeneralTransforms$14: loaded 3 times (x 74B)
Class org.jetbrains.kotlin.gradle.plugin.mpp.KotlinCompilationFactory                 : loaded 3 times (x 66B)
Class com.google.common.collect.ImmutableRangeSet                                     : loaded 3 times (x 111B)
Class org.jetbrains.kotlin.gradle.plugin.mpp.compilationImpl.factory.KotlinCompilationImplFactory$PreConfigure$Companion: loaded 3 times (x 67B)
Class org.jetbrains.kotlin.gradle.plugin.mpp.InternalKotlinTargetKt$isSourcesPublishableFuture$2: loaded 3 times (x 91B)
Class com.android.build.gradle.internal.utils.KgpUtils$recordKgpPropertiesForAnalytics$1: loaded 3 times (x 74B)
Class com.android.build.gradle.internal.scope.InternalArtifactType$GLOBAL_SYNTHETICS_MERGED: loaded 3 times (x 70B)
Class com.android.build.gradle.internal.scope.InternalArtifactType$LINT_VITAL_PARTIAL_RESULTS: loaded 3 times (x 70B)
Class com.android.build.api.component.impl.OldVariantApiLegacySupportImpl$getJavaClasspathArtifacts$1: loaded 3 times (x 75B)
Class org.jetbrains.kotlin.gradle.plugin.KotlinAndroidPlugin$apply$1$1$kotlinOptions$1: loaded 3 times (x 99B)
Class com.android.build.api.extension.impl.ApplicationAndroidComponentsExtensionImpl  : loaded 3 times (x 103B)
Class com.google.gson.Gson$1                                                          : loaded 3 times (x 72B)
Class org.jetbrains.kotlin.gradle.plugin.KotlinPluginLifecycleImpl$WhenMappings       : loaded 3 times (x 67B)
Class com.android.builder.profile.Recorder$VoidBlock                                  : loaded 3 times (x 66B)
Class org.jetbrains.kotlin.gradle.targets.js.dsl.KotlinJsTargetDsl                    : loaded 3 times (x 66B)
Class com.android.build.gradle.internal.ide.v2.GlobalSyncService$Parameters           : loaded 3 times (x 66B)
Class com.android.build.gradle.internal.services.SymbolTableBuildService              : loaded 3 times (x 75B)
Class com.android.builder.core.AbstractProductFlavor                                  : loaded 3 times (x 191B)
Class com.android.builder.model.v2.models.AndroidDsl                                  : loaded 3 times (x 66B)
Class com.android.build.gradle.internal.scope.ArtifactPublishingUtil$publishArtifactToConfiguration$1: loaded 3 times (x 71B)
Class org.jetbrains.kotlin.gradle.plugin.mpp.compilationImpl.DefaultKotlinCompilationConfigurationsContainer: loaded 3 times (x 80B)
Class com.android.build.gradle.internal.tasks.factory.BootClasspathConfigImpl$fullBootClasspathProvider$2$2: loaded 3 times (x 123B)
Class com.android.build.gradle.internal.DependencyConfigurator$configureGeneralTransforms$5: loaded 3 times (x 71B)
Class com.android.build.gradle.internal.SdkComponentsBuildService$sdkDirectoryProvider$1: loaded 3 times (x 71B)
Class com.android.build.gradle.internal.tasks.FinalizeBundleTask$CreationAction$handleProvider$bundleNameProvider$1: loaded 3 times (x 71B)
Class com.android.build.gradle.internal.scope.InternalArtifactType$APP_METADATA       : loaded 3 times (x 70B)
Class com.android.build.api.variant.impl.SigningConfigImpl$enableV3Signing$1          : loaded 3 times (x 71B)
Class com.android.tools.build.jetifier.core.PackageMap$PackageRule                    : loaded 3 times (x 68B)
Class com.android.tools.build.jetifier.core.rule.RewriteRule$JsonData                 : loaded 3 times (x 68B)
Class com.android.build.gradle.internal.tasks.CheckManifest$CreationAction            : loaded 3 times (x 86B)
Class com.android.build.gradle.internal.scope.UnitTestBuildFeatureValuesImpl          : loaded 3 times (x 83B)
Class com.android.build.api.component.impl.DeviceTestImpl$androidResourcesCreationConfig$2: loaded 3 times (x 75B)
Class com.android.build.api.variant.impl.VariantImpl$optimizationCreationConfig$2     : loaded 3 times (x 75B)
Class com.android.build.api.variant.impl.ApkPackagingImpl                             : loaded 3 times (x 85B)
Class com.android.build.gradle.internal.core.dsl.impl.ApplicationVariantDslInfoImpl$dexingDslInfo$2: loaded 3 times (x 75B)
Class org.jetbrains.kotlin.gradle.tasks.TasksProviderKt                               : loaded 3 times (x 67B)
Class org.jetbrains.kotlin.gradle.plugin.diagnostics.ToolingDiagnostic                : loaded 3 times (x 68B)
Class org.jetbrains.kotlin.gradle.plugin.sources.DefaultKotlinSourceSetFactory        : loaded 3 times (x 76B)
Class org.jetbrains.kotlin.gradle.utils.CompatibilityKt                               : loaded 3 times (x 67B)
Class com.android.build.gradle.internal.TaskManager$Companion$createTasksBeforeEvaluate$4: loaded 3 times (x 71B)
Class com.android.build.gradle.internal.services.TaskCreationServicesImpl             : loaded 3 times (x 99B)
Class com.android.build.gradle.options.SigningOptions                                 : loaded 3 times (x 68B)
Class com.android.build.gradle.internal.dsl.BundleOptions$AgpDecorated                : loaded 3 times (x 127B)
Class com.android.build.api.dsl.ExternalNativeBuildFlags                              : loaded 3 times (x 66B)
Class com.android.build.gradle.internal.dsl.decorator.DslDecorator$Companion$classLoaderDefineClass$2: loaded 3 times (x 74B)
Class com.google.protobuf.Internal                                                    : loaded 3 times (x 67B)
Class com.google.gson.internal.bind.TypeAdapters$34                                   : loaded 3 times (x 72B)
Class org.jetbrains.kotlin.gradle.plugin.diagnostics.checkers.DeprecatedKotlinNativeTargetsChecker$runChecks$1: loaded 3 times (x 84B)
Class org.jetbrains.kotlin.gradle.plugin.KotlinPluginLifecycleImplKt                  : loaded 3 times (x 67B)
Class com.android.build.gradle.internal.plugins.BasePlugin$managedDeviceRegistry$2    : loaded 3 times (x 75B)
Class com.android.build.gradle.internal.plugins.AppPlugin                             : loaded 3 times (x 93B)
Class com.android.build.api.dsl.BundleDeviceTier                                      : loaded 3 times (x 66B)
Class org.gradle.accessors.dm.LibrariesForLibs                                        : loaded 3 times (x 79B)
Class com.android.build.api.dsl.BundleCountrySet                                      : loaded 3 times (x 66B)
Class com.android.build.api.dsl.BundleLanguage                                        : loaded 3 times (x 66B)
Class com.android.build.gradle.internal.dsl.JniLibsPackagingImpl                      : loaded 3 times (x 85B)
Class com.android.build.gradle.internal.dsl.PrivacySandboxSdkExtensionImpl            : loaded 3 times (x 130B)
Class com.android.build.gradle.internal.dsl.ApplicationAndroidResourcesImpl           : loaded 3 times (x 125B)
Class com.android.build.gradle.internal.dsl.LanguageSplitOptions                      : loaded 3 times (x 75B)
Class com.android.build.gradle.internal.tasks.DeviceSerialTestTask                    : loaded 3 times (x 312B)
Class org.jetbrains.kotlin.gradle.plugin.KotlinTargetConfiguratorKt                   : loaded 3 times (x 67B)
Class org.jetbrains.kotlin.tooling.core.Extras$Type$Companion                         : loaded 3 times (x 67B)
Class org.jetbrains.kotlin.gradle.plugin.KotlinCompilation                            : loaded 3 times (x 66B)
Class com.android.build.gradle.internal.services.VariantBuilderServicesImpl$ValueImpl : loaded 3 times (x 72B)
Class com.android.build.gradle.internal.tasks.ExtractNativeDebugMetadataTask$FullCreationAction: loaded 3 times (x 87B)
Class com.google.gson.internal.UnsafeAllocator                                        : loaded 3 times (x 68B)
Class com.android.tools.build.jetifier.core.rule.RewriteRulesMap                      : loaded 3 times (x 68B)
Class com.android.build.gradle.tasks.ProcessPackagedManifestTask$CreationAction$handleProvider$1: loaded 3 times (x 123B)
Class com.android.build.gradle.internal.tasks.factory.features.AndroidResourcesTaskCreationAction: loaded 3 times (x 66B)
Class com.android.build.gradle.internal.scope.InternalArtifactType$COMPILE_AND_RUNTIME_NOT_NAMESPACED_R_CLASS_JAR: loaded 3 times (x 70B)
Class com.android.build.gradle.internal.tasks.R8VersionCheckException                 : loaded 3 times (x 78B)
Class com.android.build.gradle.internal.tasks.featuresplit.PackagedDependenciesWriterTask: loaded 3 times (x 326B)
Class com.android.build.gradle.internal.scope.InternalArtifactType$MERGED_STARTUP_PROFILE: loaded 3 times (x 70B)
Class com.android.ide.common.workers.WorkerExecutorFacade                             : loaded 3 times (x 66B)
Class com.android.build.gradle.internal.DependencyConfigurator$configureGeneralTransforms$13: loaded 3 times (x 71B)
Class org.jetbrains.kotlin.gradle.tasks.configuration.KaptGenerateStubsConfig$Companion$configureUseModuleDetection$1: loaded 3 times (x 75B)
Class com.android.build.gradle.internal.publishing.PublishingSpecsKt                  : loaded 3 times (x 67B)
Class org.jetbrains.kotlin.buildtools.api.jvm.ClassSnapshotGranularity                : loaded 3 times (x 75B)
Class org.jetbrains.kotlin.gradle.ExternalKotlinTargetApi                             : loaded 3 times (x 66B)
Class com.android.build.gradle.internal.tasks.factory.BootClasspathConfigImpl$fullBootClasspathProvider$2$3: loaded 3 times (x 123B)
Class com.android.build.gradle.internal.tasks.factory.BootClasspathConfigImpl$sam$org_gradle_api_Transformer$0: loaded 3 times (x 71B)
Class com.android.build.gradle.internal.DependencyConfigurator$configureGeneralTransforms$6: loaded 3 times (x 71B)
Class com.android.build.gradle.internal.cxx.logging.ThreadLoggingEnvironment$Companion$BottomLoggingEnvironment: loaded 3 times (x 77B)
Class com.android.build.gradle.internal.tasks.SigningConfigWriterTask                 : loaded 3 times (x 328B)
Class com.android.build.gradle.internal.scope.InternalMultipleArtifactType            : loaded 3 times (x 70B)
Class com.android.build.gradle.internal.manifest.LazyManifestParser$manifestData$2    : loaded 3 times (x 71B)
Class com.android.build.api.variant.JniLibsApkPackaging                               : loaded 3 times (x 66B)
Class com.android.build.api.variant.impl.JniLibsPackagingImpl$excludes$1              : loaded 3 times (x 71B)
Class com.android.build.api.artifact.InAndOutDirectoryOperationRequest                : loaded 3 times (x 66B)
Class com.android.build.api.component.impl.DefaultSourcesProviderImpl$getKotlin$1     : loaded 3 times (x 123B)
Class com.android.build.gradle.internal.component.TestComponentCreationConfig         : loaded 3 times (x 66B)
Class com.android.build.api.variant.impl.BundleConfigImpl                             : loaded 3 times (x 72B)
Class com.android.build.gradle.internal.publishing.AndroidArtifacts$PublishedConfigType: loaded 3 times (x 75B)
Class com.android.build.gradle.internal.core.dsl.impl.features.RenderscriptDslInfoImpl: loaded 3 times (x 75B)
Class com.android.build.gradle.internal.core.dsl.impl.ApplicationVariantDslInfoImpl$generateLocaleConfig$2: loaded 3 times (x 75B)
Class org.jetbrains.kotlin.gradle.plugin.diagnostics.checkers.AndroidPluginWithoutAndroidTargetChecker$runChecks$1: loaded 3 times (x 84B)
Class org.jetbrains.kotlin.gradle.plugin.diagnostics.checkers.AndroidSourceSetLayoutV1SourceSetsNotFoundChecker$runChecks$1: loaded 3 times (x 84B)
Class org.jetbrains.kotlin.gradle.plugin.diagnostics.KotlinGradleProjectCheckersRunnerKt$launchKotlinGradleProjectCheckers$1$1: loaded 3 times (x 91B)
Class org.jetbrains.kotlin.gradle.plugin.statistics.BuildFlowService                  : loaded 3 times (x 80B)
Class org.jetbrains.kotlin.gradle.plugin.internal.MavenPluginConfigurator             : loaded 3 times (x 66B)
Class org.jetbrains.kotlin.gradle.plugin.internal.MavenPluginConfigurator$MavenPluginConfiguratorVariantFactory: loaded 3 times (x 66B)
Class org.jetbrains.kotlin.gradle.plugin.VariantImplementationFactoriesConfigurator$Companion$getProvider$1: loaded 3 times (x 70B)
Class com.android.build.gradle.internal.TaskManager$Companion$createTasksBeforeEvaluate$5: loaded 3 times (x 70B)
Class com.android.build.gradle.internal.tasks.factory.GlobalTaskCreationConfigImpl$versionedNdkHandler$2: loaded 3 times (x 75B)
Class com.android.build.api.artifact.impl.InternalScopedArtifacts$InternalScope       : loaded 3 times (x 75B)
Class com.android.build.gradle.internal.tasks.factory.GlobalTaskCreationConfigImpl$kotlinAndroidProjectExtension$2: loaded 3 times (x 75B)
Class com.android.build.gradle.internal.dsl.OptimizationImpl$AgpDecorated_Decorated   : loaded 3 times (x 128B)
Class com.android.build.api.variant.HostTestBuilder                                   : loaded 3 times (x 66B)
Class com.android.build.gradle.internal.variant.VariantPathHelper$coverageReportDir$2 : loaded 3 times (x 75B)
Class com.google.gson.internal.bind.TypeAdapters                                      : loaded 3 times (x 67B)
Class com.google.gson.FieldNamingPolicy                                               : loaded 3 times (x 79B)
Class com.android.build.gradle.internal.services.BaseServicesImpl                     : loaded 3 times (x 80B)
Class com.android.build.gradle.internal.dsl.CommonExtensionImpl                       : loaded 3 times (x 310B)
Class com.android.build.gradle.internal.component.features.OptimizationCreationConfig : loaded 3 times (x 66B)
Class org.jetbrains.kotlin.gradle.plugin.mpp.compilationImpl.factory.KotlinCompilationImplFactory$KotlinCompilerOptionsFactory$Options: loaded 3 times (x 68B)
Class org.jetbrains.kotlin.gradle.plugin.sources.DefaultKotlinSourceSet$special$$inlined$Iterable$1: loaded 3 times (x 75B)
Class com.android.build.gradle.internal.VariantManager                                : loaded 3 times (x 68B)
Class com.android.build.api.dsl.DefaultConfig                                         : loaded 3 times (x 66B)
Class org.jetbrains.kotlin.idea.gradleTooling.model.allopen.AllOpenModel              : loaded 3 times (x 66B)
Class com.android.build.gradle.internal.plugins.AndroidPluginBaseServices$projectServices$2: loaded 3 times (x 75B)
Class com.android.build.gradle.tasks.MergeResources$Flag                              : loaded 3 times (x 75B)
Class com.google.gson.Gson                                                            : loaded 3 times (x 68B)
Class com.google.gson.internal.sql.SqlTypesSupport                                    : loaded 3 times (x 67B)
Class com.android.build.gradle.internal.errors.SyncIssueReporterImpl$GlobalSyncIssueService$Parameters_Decorated: loaded 3 times (x 133B)
Class com.google.protobuf.ProtocolStringList                                          : loaded 3 times (x 66B)
Class com.android.tools.build.jetifier.processor.TimestampsPolicy$Companion$EPOCH$1   : loaded 3 times (x 74B)
Class com.android.builder.profile.AnalyticsProfileWriter$Companion                    : loaded 3 times (x 67B)
Class com.android.build.gradle.internal.CompileOptionsInternal                        : loaded 3 times (x 66B)
Class com.android.build.gradle.internal.api.LazyAndroidSourceSet                      : loaded 3 times (x 68B)
Class com.android.build.api.dsl.JacocoOptions                                         : loaded 3 times (x 66B)
Class com.android.build.api.artifact.impl.StorageProviderImpl$fileStorage$1           : loaded 3 times (x 74B)
Class com.android.build.gradle.internal.tasks.GlobalTask                              : loaded 3 times (x 66B)
Class com.android.build.api.artifact.impl.TypedStorageProvider$getArtifact$1$1        : loaded 3 times (x 75B)
Class org.jetbrains.kotlin.gradle.testing.internal.KotlinTestsRegistry                : loaded 3 times (x 68B)
Class org.jetbrains.kotlin.statistics.metrics.StringAnonymizationPolicy$AllowedListAnonymizer$Companion: loaded 3 times (x 67B)
Class org.jetbrains.kotlin.gradle.plugin.internal.ProjectIsolationStartParameterAccessorKt: loaded 3 times (x 67B)
Class org.jetbrains.kotlin.statistics.metrics.NumberOverridePolicy                    : loaded 3 times (x 81B)
Class com.android.tools.build.jetifier.processor.TimestampsPolicy$Companion$KEEP_PREVIOUS$1: loaded 3 times (x 74B)
Class org.jetbrains.kotlin.gradle.plugin.diagnostics.checkers.AndroidPluginWithoutAndroidTargetChecker: loaded 3 times (x 70B)
Class com.android.builder.model.v2.models.BasicAndroidProject                         : loaded 3 times (x 66B)
Class com.android.build.gradle.internal.profile.ProfilingMode                         : loaded 3 times (x 75B)
Class org.jetbrains.kotlin.gradle.tasks.configuration.KaptGenerateStubsConfig$Companion$wireJavaAndKotlinOutputs$1: loaded 3 times (x 75B)
Class com.android.build.gradle.internal.scope.InternalArtifactType$FEATURE_PUBLISHED_DEX: loaded 3 times (x 70B)
Class com.android.build.gradle.internal.tasks.factory.BootClasspathConfigImpl$fullBootClasspathProvider$2$4: loaded 3 times (x 123B)
Class com.android.build.gradle.internal.tasks.factory.BootClasspathConfigImpl$filteredBootClasspath$2$1: loaded 3 times (x 123B)
Class com.android.build.gradle.internal.DependencyConfigurator$configureGeneralTransforms$7: loaded 3 times (x 75B)
Class com.android.build.gradle.internal.dependency.ExtractAarTransform                : loaded 3 times (x 74B)
Class com.android.build.gradle.internal.cxx.logging.ThreadLoggingEnvironment$Companion$LoggerStack: loaded 3 times (x 68B)
Class com.android.build.gradle.internal.tasks.ParseIntegrityConfigTask$CreationAction : loaded 3 times (x 86B)
Class com.android.build.gradle.internal.tasks.DexMergingTask$CreationAction$handleProvider$1: loaded 3 times (x 123B)
Class com.android.build.gradle.internal.scope.InternalArtifactType$SUB_PROJECT_DEX_ARCHIVE: loaded 3 times (x 70B)
Class com.android.build.api.artifact.OutOperationRequest                              : loaded 3 times (x 66B)
Class com.android.build.gradle.internal.scope.InternalArtifactType$PACKAGED_MANIFESTS : loaded 3 times (x 70B)
Class com.android.build.gradle.tasks.ProcessPackagedManifestTask                      : loaded 3 times (x 327B)
Class com.android.build.gradle.internal.dependency.ProvidedClasspathSubtractor$fileToIds$1: loaded 3 times (x 75B)
Class com.android.tools.build.jetifier.core.pom.DependencyVersions$Companion          : loaded 3 times (x 67B)
Class com.android.build.api.variant.impl.SourceType                                   : loaded 3 times (x 75B)
Class com.android.build.api.variant.impl.VariantImpl$manifestPlaceholdersCreationConfig$2: loaded 3 times (x 75B)
Class com.android.build.api.variant.DeviceSpec                                        : loaded 3 times (x 68B)
Class com.android.build.api.variant.AndroidVersion                                    : loaded 3 times (x 66B)
Class org.jetbrains.kotlin.gradle.dsl.PlatformSourceSetConventionsChecker             : loaded 3 times (x 70B)
Class org.jetbrains.kotlin.gradle.plugin.diagnostics.checkers.KotlinSourceSetTreeDependsOnMismatchChecker: loaded 3 times (x 70B)
Class org.jetbrains.kotlin.gradle.plugin.KotlinPluginLifecycleCoroutineContextElement : loaded 3 times (x 80B)
Class org.jetbrains.kotlin.statistics.metrics.NumericalMetrics                        : loaded 3 times (x 76B)
Class org.jetbrains.kotlin.gradle.plugin.internal.DefaultConfigurationTimePropertiesAccessor: loaded 3 times (x 70B)
Class org.jetbrains.kotlin.gradle.plugin.VariantImplementationFactories$Companion$getProvider$2$1: loaded 3 times (x 75B)
Class org.jetbrains.kotlin.gradle.plugin.statistics.KotlinBuildStatsService$Companion$getOrCreateInstance$1: loaded 3 times (x 75B)
Class com.android.build.gradle.internal.TaskManager$Companion$createTasksBeforeEvaluate$6: loaded 3 times (x 70B)
Class com.android.build.gradle.internal.tasks.factory.TaskFactoryUtils                : loaded 3 times (x 67B)
Class com.android.build.gradle.internal.api.artifact.SourceArtifactType$ASSETS        : loaded 3 times (x 70B)
Class com.android.build.gradle.internal.api.artifact.SourceArtifactType$JAVA_SOURCES  : loaded 3 times (x 70B)
Class com.android.build.gradle.internal.dsl.KeepRulesImpl$AgpDecorated_Decorated      : loaded 3 times (x 133B)
Class com.android.build.gradle.internal.dependency.AdditionalArtifactType             : loaded 3 times (x 75B)
Class com.google.common.base.CaseFormat$1                                             : loaded 3 times (x 79B)
Class com.android.tools.analytics.HostDataKt                                          : loaded 3 times (x 67B)
Class com.google.protobuf.AbstractMessage                                             : loaded 3 times (x 160B)
Class com.android.build.gradle.internal.lint.AndroidLintInputs                        : loaded 3 times (x 67B)
Class com.google.gson.JsonArray                                                       : loaded 3 times (x 96B)
Class com.google.gson.FieldNamingStrategy                                             : loaded 3 times (x 66B)
Class com.android.build.gradle.internal.component.ApplicationCreationConfig           : loaded 3 times (x 66B)
Class com.android.build.gradle.internal.errors.SyncIssueReporterImpl                  : loaded 3 times (x 73B)
Class com.android.build.gradle.internal.dsl.ApplicationExtensionImpl                  : loaded 3 times (x 370B)
Class com.android.build.api.variant.DslLifecycle                                      : loaded 3 times (x 66B)
Class org.gradle.accessors.dm.LibrariesForLibs$BundleAccessors                        : loaded 3 times (x 69B)
Class com.android.build.gradle.internal.variant.ApplicationVariantData                : loaded 3 times (x 72B)
Class com.android.build.api.variant.impl.ApplicationVariantImpl_Decorated             : loaded 3 times (x 667B)
Class com.android.build.api.component.impl.ComponentImpl$sources$2                    : loaded 3 times (x 75B)
Class com.android.build.gradle.internal.tasks.StripDebugSymbolsTask$CreationAction    : loaded 3 times (x 86B)
Class com.android.tools.build.jetifier.core.config.Config$Companion                   : loaded 3 times (x 67B)
Class com.android.build.gradle.internal.scope.InternalArtifactType$COMPILE_MANIFEST_JAR: loaded 3 times (x 70B)
Class com.android.build.gradle.tasks.ProcessApplicationManifest$CreationAction        : loaded 3 times (x 86B)
Class com.android.build.gradle.internal.res.LinkAndroidResForBundleTask$CreationAction$handleProvider$1: loaded 3 times (x 123B)
Class com.android.build.gradle.tasks.JavaPreCompileTask                               : loaded 3 times (x 326B)
Class com.android.build.gradle.internal.tasks.PackageBundleTask$CreationAction        : loaded 3 times (x 86B)
Class com.android.build.gradle.internal.api.BaseVariantImpl                           : loaded 3 times (x 211B)
Class org.jetbrains.kotlin.gradle.plugin.mpp.KotlinJvmAndroidCompilationFactory       : loaded 3 times (x 77B)
Class org.jetbrains.kotlin.gradle.plugin.mpp.compilationImpl.KotlinAndroidCompilationAssociator: loaded 3 times (x 70B)
Class org.jetbrains.kotlin.compilerRunner.CompilerSystemPropertiesService$Companion$registerIfAbsent$1: loaded 3 times (x 71B)
Class com.android.builder.model.v2.ide.BasicArtifact                                  : loaded 3 times (x 66B)
Class com.google.common.collect.ImmutableMultimap$EntryCollection                     : loaded 3 times (x 123B)
Class com.android.tools.r8.internal.vv0                                               : loaded 3 times (x 69B)
Class com.android.build.gradle.internal.plugins.TestPlugin                            : loaded 3 times (x 92B)
Class com.android.build.gradle.internal.utils.GuavaKtxKt                              : loaded 3 times (x 67B)
Class com.android.build.gradle.internal.tasks.AppMetadataTaskKt$configureTaskOutputs$1: loaded 3 times (x 123B)
Class com.android.build.gradle.options.Option$Status$Deprecated                       : loaded 3 times (x 68B)
Class com.google.gson.ToNumberPolicy$4                                                : loaded 3 times (x 79B)
Class com.android.build.gradle.internal.LoggerWrapper                                 : loaded 3 times (x 82B)
Class com.android.build.gradle.internal.tasks.AsarsToCompatSplitsTask$CreationAction  : loaded 3 times (x 86B)
Class com.android.tools.analytics.HostData                                            : loaded 3 times (x 67B)
Class com.android.tools.analytics.HostData$osBean$2                                   : loaded 3 times (x 74B)
Class com.google.protobuf.CodedInputStream$ArrayDecoder                               : loaded 3 times (x 116B)
Class [Lcom.google.protobuf.Internal$EnumLite;                                        : loaded 3 times (x 65B)
Class com.android.build.api.dsl.KeepRules                                             : loaded 3 times (x 66B)
Class com.android.build.gradle.internal.scope.InternalArtifactType$AAR_METADATA       : loaded 3 times (x 70B)
Class com.android.build.gradle.internal.variant.DefaultBuildTypeComparator            : loaded 3 times (x 86B)
Class com.android.build.gradle.internal.dependency.RecalculateStackFramesTransform$Companion$registerRecalculateStackFramesTransform$1: loaded 3 times (x 71B)
Class com.android.build.gradle.internal.tasks.factory.BootClasspathConfigImpl$fullBootClasspathProvider$2$5: loaded 3 times (x 123B)
Class com.android.build.gradle.internal.utils.DesugarLibConfigExtractor               : loaded 3 times (x 74B)
Class com.android.build.gradle.internal.tasks.factory.BootClasspathConfigImpl$filteredBootClasspath$2$2: loaded 3 times (x 123B)
Class com.android.build.gradle.internal.dependency.ExtractJniTransform$Inject1        : loaded 3 times (x 105B)
Class com.android.build.gradle.internal.DependencyConfigurator$configureGeneralTransforms$8: loaded 3 times (x 71B)
Class com.android.build.gradle.internal.cxx.configure.GradleLocalPropertiesKt         : loaded 3 times (x 67B)
Class com.android.build.gradle.tasks.MergeSourceSetFolders$MergeJniLibFoldersCreationAction: loaded 3 times (x 87B)
Class com.android.build.gradle.tasks.ProcessManifestForMetadataFeatureTask$CreationAction: loaded 3 times (x 86B)
Class com.google.gson.internal.LinkedTreeMap$Node                                     : loaded 3 times (x 75B)
Class com.android.build.api.variant.impl.VariantOutputList$Companion                  : loaded 3 times (x 67B)
Class com.android.build.api.variant.impl.VariantBuilderImpl                           : loaded 3 times (x 130B)
Class com.android.build.gradle.tasks.JavaCompileUtils                                 : loaded 3 times (x 67B)
Class com.android.build.gradle.internal.dsl.ExternalNativeBuildOptions                : loaded 3 times (x 89B)
Class org.jetbrains.kotlin.gradle.plugin.diagnostics.checkers.UnusedSourceSetsChecker$runChecks$1: loaded 3 times (x 84B)
Class org.jetbrains.kotlin.gradle.dsl.AndroidMainSourceSetConventionsChecker          : loaded 3 times (x 70B)
Class org.jetbrains.kotlin.gradle.targets.js.npm.PeerNpmDependencyExtension           : loaded 3 times (x 66B)
Class org.jetbrains.kotlin.gradle.plugin.sources.android.KotlinAndroidSourceSetInfo   : loaded 3 times (x 71B)
Class org.jetbrains.kotlin.gradle.plugin.sources.android.checker.MultiplatformLayoutV2AgpRequirementChecker: loaded 3 times (x 71B)
Class org.jetbrains.kotlin.gradle.plugin.sources.android.configurator.GradleConventionAddKotlinSourcesToAndroidSourceSetConfigurator: loaded 3 times (x 71B)
Class org.jetbrains.kotlin.gradle.plugin.KotlinMultiplatformPluginKt$whenEvaluated$2  : loaded 3 times (x 71B)
Class org.jetbrains.kotlin.build.report.metrics.GradleBuildPerformanceMetric          : loaded 3 times (x 88B)
Class org.jetbrains.kotlin.gradle.plugin.statistics.KotlinBuildStatsService$Companion$getOrCreateInstance$1$1: loaded 3 times (x 70B)
Class com.android.build.api.variant.DslExtension                                      : loaded 3 times (x 68B)
Class com.android.build.gradle.internal.dependency.LibrarySymbolTableTransform$Inject1: loaded 3 times (x 105B)
Class com.android.build.gradle.internal.dsl.BundleOptionsTexture$AgpDecorated_Decorated: loaded 3 times (x 130B)
Class com.android.build.api.dsl.ManagedDevices                                        : loaded 3 times (x 66B)
Class [Lcom.android.repository.Revision$Precision;                                    : loaded 3 times (x 65B)
Class com.android.build.gradle.internal.dsl.ApplicationExtensionImpl$AgpDecorated     : loaded 3 times (x 372B)
Class com.android.build.gradle.internal.api.ApkVariantOutputImpl                      : loaded 3 times (x 126B)
Class com.google.common.base.CaseFormat$2                                             : loaded 3 times (x 79B)
Class org.jetbrains.kotlin.gradle.plugin.mpp.compilationImpl.factory.KotlinCompilationImplFactory$PreConfigure: loaded 3 times (x 66B)
Class com.android.build.api.dsl.ConsumerKeepRules                                     : loaded 3 times (x 66B)
Class com.android.build.gradle.internal.dsl.decorator.LockableSet                     : loaded 3 times (x 141B)
Class com.android.builder.model.SigningConfig                                         : loaded 3 times (x 66B)
Class com.android.build.gradle.api.AndroidSourceSet                                   : loaded 3 times (x 66B)
Class [Lcom.android.builder.core.ComponentTypeImpl;                                   : loaded 3 times (x 65B)
Class com.google.wireless.android.sdk.stats.GarbageCollectionStats$1                  : loaded 3 times (x 147B)
Class org.jetbrains.kotlin.gradle.plugin.mpp.KotlinJvmAndroidCompilation_Decorated    : loaded 3 times (x 251B)
Class [Lcom.android.build.gradle.options.StringOption;                                : loaded 3 times (x 65B)
Class com.android.build.gradle.options.ApiStage                                       : loaded 3 times (x 68B)
Class com.android.build.gradle.internal.plugins.AndroidPluginBaseServices$projectServices$2$1: loaded 3 times (x 75B)
Class com.android.build.api.variant.HasUnitTest                                       : loaded 3 times (x 66B)
Class com.android.build.gradle.internal.component.ConsumableCreationConfig            : loaded 3 times (x 66B)
Class org.jetbrains.kotlin.gradle.tasks.configuration.AbstractKotlinCompileConfig$2   : loaded 3 times (x 75B)
Class com.android.build.gradle.internal.services.VariantServicesImpl                  : loaded 3 times (x 112B)
Class com.android.build.api.artifact.impl.SingleArtifactContainer$initArtifactContainer$1: loaded 3 times (x 75B)
Class org.jetbrains.kotlin.gradle.plugin.KotlinPluginWrapperKt                        : loaded 3 times (x 67B)
Class org.jetbrains.kotlin.gradle.plugin.AbstractKotlinJsPluginWrapper                : loaded 3 times (x 83B)
Class org.jetbrains.kotlin.gradle.plugin.mpp.InternalKotlinCompilation                : loaded 3 times (x 66B)
Class org.jetbrains.kotlin.gradle.plugin.mpp.pm20.util.UtilsKt                        : loaded 3 times (x 67B)
Class org.jetbrains.kotlin.gradle.plugin.sources.android.KotlinAndroidSourceSetFactory$getOrCreateKotlinSourceSet$1: loaded 3 times (x 75B)
Class com.android.build.gradle.internal.core.dsl.features.PrivacySandboxDslInfo       : loaded 3 times (x 66B)
Class com.android.build.api.variant.impl.HasHostTestsCreationConfig                   : loaded 3 times (x 66B)
Class com.android.build.gradle.internal.component.features.InstrumentationCreationConfig: loaded 3 times (x 66B)
Class com.android.build.api.variant.impl.ApplicationVariantImpl$renderscript$2        : loaded 3 times (x 75B)
Class org.jetbrains.kotlin.config.JvmDefaultMode                                      : loaded 3 times (x 75B)
Class com.android.build.api.variant.impl.VariantOutputConfigurationImpl               : loaded 3 times (x 72B)
Class com.android.build.api.component.impl.DefaultSourcesProvider                     : loaded 3 times (x 66B)
Class com.android.builder.compiling.BuildConfigType                                   : loaded 3 times (x 75B)
Class com.android.tools.build.jetifier.core.proguard.ProGuardTypesMap                 : loaded 3 times (x 68B)
Class [Lcom.android.build.gradle.internal.publishing.AndroidArtifacts$ArtifactType;   : loaded 3 times (x 65B)
Class com.android.build.gradle.internal.tasks.ApplicationIdWriterTask                 : loaded 3 times (x 326B)
Class com.android.build.api.component.impl.OldVariantApiLegacySupportImpl$JavaCompileOptionsForOldVariantAPI: loaded 3 times (x 71B)
Class com.android.build.gradle.internal.res.LinkAndroidResForBundleTask               : loaded 3 times (x 341B)
Class com.android.build.gradle.internal.scope.InternalArtifactType$GLOBAL_SYNTHETICS_PROJECT: loaded 3 times (x 70B)
Class com.android.build.gradle.internal.test.AbstractTestDataImpl$minSdkVersion$1     : loaded 3 times (x 75B)
Class com.android.build.gradle.internal.publishing.PublishingSpecs                    : loaded 3 times (x 67B)
Class com.android.build.gradle.internal.dependency.AarResourcesCompilerTransform      : loaded 3 times (x 74B)
Class com.android.build.gradle.internal.dependency.ClassesDirToClassesTransform       : loaded 3 times (x 74B)
Class com.android.build.gradle.internal.DependencyConfigurator$configureVariantTransforms$3$2: loaded 3 times (x 71B)
Class [Lcom.android.build.gradle.internal.dependency.DexingOutputSplitTransform$DexOutput;: loaded 3 times (x 65B)
Class org.jetbrains.kotlin.gradle.plugin.BuildFinishedListenerService$Companion$registerIfAbsent$2$1$1: loaded 3 times (x 71B)
Class com.android.build.api.variant.impl.ArtifactMetadataProcessor                    : loaded 3 times (x 67B)
Class com.android.build.gradle.internal.api.ApkVariantOutputImpl_Decorated            : loaded 3 times (x 177B)
Class com.android.build.gradle.internal.tasks.NdkTask                                 : loaded 3 times (x 331B)
Class com.android.build.gradle.internal.dependency.ModelArtifactCompatibilityRule$Companion$setUp$1: loaded 3 times (x 70B)
Class com.android.build.gradle.internal.tasks.factory.BootClasspathConfigImpl$filteredBootClasspath$2$3: loaded 3 times (x 123B)
Class com.android.build.gradle.internal.DependencyConfigurator$configureGeneralTransforms$9: loaded 3 times (x 71B)
Class com.android.build.gradle.internal.scope.InternalArtifactType$DEVICE_PROVIDER_ANDROID_TEST_ADDITIONAL_OUTPUT: loaded 3 times (x 70B)
Class com.android.build.gradle.internal.AndroidTestTaskManager$createTasks$1          : loaded 3 times (x 71B)
Class com.android.build.gradle.internal.tasks.DexMergingTask$CreationAction$handleProvider$3: loaded 3 times (x 123B)
Class com.android.build.gradle.internal.tasks.MergeArtProfileTask$CreationAction      : loaded 3 times (x 86B)
Class com.android.build.gradle.internal.tasks.DexArchiveBuilderTask$CreationAction$handleProvider$1: loaded 3 times (x 74B)
Class com.android.build.gradle.tasks.ProcessMultiApkApplicationManifest               : loaded 3 times (x 332B)
Class com.android.build.gradle.internal.tasks.VariantTask                             : loaded 3 times (x 66B)
Class com.android.tools.build.jetifier.processor.transform.resource.XmlResourcesTransformer$Companion: loaded 3 times (x 67B)
Class android.databinding.tool.writer.JavaFileWriter                                  : loaded 3 times (x 70B)
Class com.android.build.gradle.internal.core.dsl.impl.HostTestComponentDslInfoImpl    : loaded 3 times (x 122B)
Class com.android.build.api.component.impl.ComponentImpl$useBuiltInKotlinSupport$2    : loaded 3 times (x 75B)
Class com.android.build.gradle.internal.dsl.CommonExtensionImpl$sam$org_gradle_api_Action$0: loaded 3 times (x 71B)
Class org.jetbrains.kotlin.gradle.targets.js.npm.DefaultPeerNpmDependencyExtension    : loaded 3 times (x 137B)
Class org.jetbrains.kotlin.gradle.plugin.mpp.ApplyUserDefinedAttributesKt$applyUserDefinedAttributes$1: loaded 3 times (x 91B)
Class org.jetbrains.kotlin.gradle.tooling.IncludeKotlinToolingMetadataInApkKt         : loaded 3 times (x 67B)
Class org.jetbrains.kotlin.gradle.plugin.sources.android.configurator.MultiplatformAndroidResourceDirConfigurator: loaded 3 times (x 71B)
Class org.jetbrains.kotlin.gradle.plugin.KotlinPluginLifecycleKt                      : loaded 3 times (x 67B)
Class org.jetbrains.kotlin.gradle.plugin.mpp.AbstractKotlinTarget                     : loaded 3 times (x 146B)
Class org.jetbrains.kotlin.gradle.utils.SingleAction$run$performedActions$1           : loaded 3 times (x 74B)
Class org.jetbrains.kotlin.gradle.plugin.VariantImplementationFactoriesConfigurator$Inject: loaded 3 times (x 92B)
Class org.jetbrains.kotlin.gradle.dsl.KotlinSingleTargetExtension                     : loaded 3 times (x 88B)
Class com.android.build.gradle.internal.TaskManager$Companion$createTasksBeforeEvaluate$8: loaded 3 times (x 70B)
Class com.android.build.gradle.internal.dsl.decorator.LockableSet$LockableIterator    : loaded 3 times (x 77B)
Class com.android.builder.model.TestOptions$Execution                                 : loaded 3 times (x 75B)
Class com.android.build.api.dsl.AdbOptions                                            : loaded 3 times (x 66B)
Class com.android.build.gradle.internal.api.DefaultAndroidSourceDirectorySet          : loaded 3 times (x 103B)
Class com.android.build.gradle.internal.scope.InternalArtifactType$RES_STATIC_LIBRARY : loaded 3 times (x 70B)
Class com.android.build.gradle.internal.dsl.ExternalNativeNdkBuildOptions_Decorated   : loaded 3 times (x 153B)
Class com.google.common.base.CaseFormat$3                                             : loaded 3 times (x 79B)
Class org.objectweb.asm.commons.GeneratorAdapter                                      : loaded 3 times (x 183B)
Class com.android.build.gradle.internal.scope.InternalArtifactType$RUNTIME_LIBRARY_CLASSES_JAR: loaded 3 times (x 70B)
Class com.android.build.api.dsl.LibraryKeepRules                                      : loaded 3 times (x 66B)
Class com.android.build.api.dsl.Lint                                                  : loaded 3 times (x 66B)
Class com.android.build.gradle.internal.AvdComponentsBuildService$Parameters          : loaded 3 times (x 66B)
Class org.jetbrains.kotlin.gradle.plugin.PropertiesManager$property$1$valueFromGradleAndLocalProperties$1: loaded 3 times (x 71B)
Class com.android.build.gradle.internal.profile.AnalyticsResourceManager              : loaded 3 times (x 68B)
Class com.google.wireless.android.sdk.stats.GradleBuildProjectOrBuilder               : loaded 3 times (x 66B)
Class com.android.tools.analytics.AnalyticsSettingsData                               : loaded 3 times (x 68B)
Class com.android.build.gradle.internal.errors.DeprecationReporterImpl$Companion      : loaded 3 times (x 67B)
Class com.android.ide.common.blame.MessageReceiver                                    : loaded 3 times (x 66B)
Class [Lcom.android.build.gradle.options.Option;                                      : loaded 3 times (x 65B)
Class com.android.builder.model.level2.DependencyGraphs                               : loaded 3 times (x 66B)
Class com.android.build.gradle.internal.variant.LegacyVariantInputManager             : loaded 3 times (x 93B)
Class com.google.common.annotations.VisibleForTesting                                 : loaded 3 times (x 66B)
Class org.jetbrains.kotlin.gradle.tasks.configuration.BaseKotlinCompileConfig$2       : loaded 3 times (x 75B)
Class org.jetbrains.kotlin.idea.gradleTooling.model.kapt.KaptGradleModel              : loaded 3 times (x 66B)
Class org.jetbrains.kotlin.idea.gradleTooling.KotlinDslScriptAdditionalTask           : loaded 3 times (x 66B)
Class org.jetbrains.plugins.gradle.model.ClasspathEntryModel                          : loaded 3 times (x 66B)
Class com.android.build.gradle.internal.scope.InternalArtifactType$UNIT_TEST_LINT_PARTIAL_RESULTS: loaded 3 times (x 70B)
Class com.android.build.gradle.internal.publishing.KotlinMultiplatformVariantSpecBuilder: loaded 3 times (x 86B)
Class com.android.builder.model.v2.ide.LintOptions                                    : loaded 3 times (x 66B)
Class com.google.common.collect.ImmutableMultimap$Builder                             : loaded 3 times (x 79B)
Class org.gradle.accessors.dm.LibrariesForLibsInPluginsBlock$BundleAccessors          : loaded 3 times (x 69B)
Class com.android.build.gradle.internal.dsl.InternalCommonExtension                   : loaded 3 times (x 66B)
Class com.google.gson.ToNumberPolicy$3                                                : loaded 3 times (x 79B)
Class com.android.build.gradle.internal.plugins.AndroidPluginBaseServices$configuratorService$2$1: loaded 3 times (x 75B)
Class org.jetbrains.kotlin.gradle.plugin.internal.ProjectIsolationStartParameterAccessor: loaded 3 times (x 66B)
Class com.android.build.gradle.internal.services.SymbolTableBuildService$RegistrationAction: loaded 3 times (x 70B)
Class com.android.ide.common.signing.KeystoreHelper                                   : loaded 3 times (x 67B)
Class com.android.build.gradle.internal.dsl.SigningConfigImpl                         : loaded 3 times (x 93B)
Class com.google.common.base.Converter$ReverseConverter                               : loaded 3 times (x 86B)
Class com.android.build.gradle.api.UnitTestVariant                                    : loaded 3 times (x 66B)
Class com.android.build.gradle.internal.BuildTypeData                                 : loaded 3 times (x 68B)
Class com.android.build.api.artifact.impl.SingleInitialProviderRequestImpl            : loaded 3 times (x 68B)
Class org.jetbrains.kotlin.gradle.plugin.internal.CustomPropertiesFileValueSource$Parameters: loaded 3 times (x 66B)
Class org.jetbrains.kotlin.gradle.plugin.mpp.compilationImpl.KotlinCompilationTaskNamesContainer: loaded 3 times (x 68B)
Class org.jetbrains.kotlin.gradle.plugin.mpp.compilationImpl.factory.KotlinCompilationImplFactory$KotlinCompilerOptionsFactory: loaded 3 times (x 66B)
Class com.android.build.gradle.api.ApkVariantOutput                                   : loaded 3 times (x 66B)
Class com.android.build.gradle.internal.tasks.factory.BootClasspathConfigImpl$filteredBootClasspath$2$4: loaded 3 times (x 123B)
Class com.android.build.gradle.internal.dependency.IdentityTransform$Parameters       : loaded 3 times (x 66B)
Class com.android.build.gradle.internal.attribution.CheckJetifierBuildService$RegistrationAction: loaded 3 times (x 70B)
Class com.android.ide.common.workers.ExecutorServiceAdapter                           : loaded 3 times (x 83B)
Class com.android.build.gradle.internal.tasks.MergeArtProfileTask                     : loaded 3 times (x 330B)
Class com.android.build.gradle.tasks.PackageApplication$Companion                     : loaded 3 times (x 67B)
Class com.android.build.api.variant.impl.SigningConfigImpl$enableV2Signing$1          : loaded 3 times (x 71B)
Class com.android.build.gradle.internal.tasks.DexArchiveBuilderTask$CreationAction$handleProvider$2: loaded 3 times (x 74B)
Class com.android.build.gradle.internal.dependency.VariantDependencies$Companion$getComponentFilter$3: loaded 3 times (x 70B)
Class com.android.build.gradle.internal.tasks.AndroidVariantTask                      : loaded 3 times (x 323B)
Class com.android.tools.build.jetifier.processor.transform.proguard.ProGuardClassSpecParser$bodyReplacers$1: loaded 3 times (x 75B)
Class com.android.tools.build.jetifier.core.proguard.ProGuardTypesMap$Companion       : loaded 3 times (x 67B)
Class com.android.tools.build.jetifier.core.proguard.ProGuardTypesMap$JsonData        : loaded 3 times (x 68B)
Class com.android.build.gradle.tasks.ExtractDeepLinksTask$CreationAction              : loaded 3 times (x 89B)
Class org.jetbrains.kotlin.gradle.plugin.PropertiesBuildService$Params$Inject         : loaded 3 times (x 102B)
Class com.android.build.gradle.internal.scope.InternalArtifactType$GENERATED_RES      : loaded 3 times (x 70B)
Class com.android.build.gradle.internal.component.features.ShadersCreationConfig      : loaded 3 times (x 66B)
Class com.android.build.gradle.internal.core.dsl.features.DexingDslInfo               : loaded 3 times (x 66B)
Class com.android.build.gradle.internal.core.dsl.impl.ApplicationVariantDslInfoImpl$localeFilters$2: loaded 3 times (x 75B)
Class org.jetbrains.kotlin.gradle.plugin.StatisticsBuildFlowManager$subscribeForBuildResult$1: loaded 3 times (x 71B)
Class org.jetbrains.kotlin.gradle.targets.js.npm.NpmDependencyExtension               : loaded 3 times (x 66B)
Class org.jetbrains.kotlin.gradle.plugin.LanguageSettingsBuilder                      : loaded 3 times (x 66B)
Class [Lorg.jetbrains.kotlin.statistics.metrics.StringMetrics;                        : loaded 3 times (x 65B)
Class org.jetbrains.kotlin.gradle.plugin.BuildEventsListenerRegistryHolder$Companion  : loaded 3 times (x 67B)
Class org.jetbrains.kotlin.statistics.metrics.IStatisticsValuesConsumer               : loaded 3 times (x 66B)
Class com.android.build.gradle.internal.TaskManager$Companion$createTasksBeforeEvaluate$9: loaded 3 times (x 70B)
Class com.android.build.api.extension.impl.VariantSelectorImpl                        : loaded 3 times (x 88B)
Class com.android.build.api.dsl.TestFixtures                                          : loaded 3 times (x 66B)
Class com.android.build.gradle.internal.VariantDimensionData                          : loaded 3 times (x 68B)
Class com.google.common.base.CaseFormat$4                                             : loaded 3 times (x 79B)
Class com.android.build.api.dsl.Shaders                                               : loaded 3 times (x 66B)
Class com.android.build.gradle.internal.tasks.AndroidGlobalTask                       : loaded 3 times (x 317B)
Class com.android.build.gradle.internal.tasks.factory.TaskInformation                 : loaded 3 times (x 66B)
Class com.google.protobuf.ExtensionRegistry                                           : loaded 3 times (x 83B)
Class com.android.build.gradle.internal.profile.AnalyticsConfiguratorService          : loaded 3 times (x 78B)
Class com.android.build.gradle.internal.services.RunOnceBuildServiceImpl              : loaded 3 times (x 78B)
Class org.jetbrains.kotlin.gradle.utils.GradleConfigurationUtilsKt                    : loaded 3 times (x 67B)
Class org.jetbrains.kotlin.gradle.plugin.KotlinMultiplatformPluginKt                  : loaded 3 times (x 67B)
Class org.jetbrains.kotlin.gradle.dsl.KotlinTargetContainerWithPresetFunctions        : loaded 3 times (x 66B)
Class org.jetbrains.kotlin.gradle.plugin.sources.FragmentConsistencyChecks$languageVersionCheck$2: loaded 3 times (x 74B)
Class org.jetbrains.kotlin.gradle.plugin.sources.DefaultLanguageSettingsBuilder       : loaded 3 times (x 96B)
Class org.jetbrains.kotlin.gradle.plugin.KotlinPluginLifecycleImpl$await$2$1          : loaded 3 times (x 75B)
Class org.jetbrains.kotlin.gradle.plugin.diagnostics.checkers.DisabledNativeTargetsChecker$runChecks$1: loaded 3 times (x 84B)
Class org.jetbrains.kotlin.gradle.targets.jvm.KotlinJvmTarget                         : loaded 3 times (x 155B)
Class com.android.build.api.variant.PropertyAccessNotAllowedException                 : loaded 3 times (x 78B)
Class com.android.build.api.variant.Dexing                                            : loaded 3 times (x 66B)
Class com.android.build.gradle.internal.core.dsl.impl.InstrumentedTestDslInfoImpl$handleProfiling$fromFlavor$1: loaded 3 times (x 74B)
Class com.android.build.gradle.internal.scope.InternalArtifactType$MANIFEST_MERGE_BLAME_FILE: loaded 3 times (x 70B)
Class [Lcom.android.build.gradle.internal.TaskManager$MergeType;                      : loaded 3 times (x 65B)
Class com.android.build.gradle.tasks.MergeResources                                   : loaded 3 times (x 345B)
Class com.android.builder.model.v2.ide.AbstractArtifact                               : loaded 3 times (x 66B)
Class com.android.build.gradle.internal.tasks.CompileArtProfileTask                   : loaded 3 times (x 334B)
Class com.android.build.gradle.internal.ndk.NdkHandler                                : loaded 3 times (x 68B)
Class com.android.build.gradle.internal.DependencyConfigurator$configureVariantTransforms$3$1: loaded 3 times (x 71B)
Class org.jetbrains.kotlin.gradle.plugin.mpp.compilationImpl.KotlinCompilationSourceSetInclusion: loaded 3 times (x 68B)
Class org.jetbrains.kotlin.gradle.plugin.mpp.compilationImpl.factory.ConfigurationNaming$Default: loaded 3 times (x 71B)
Class org.jetbrains.kotlin.gradle.targets.js.dsl.KotlinWasmJsTargetDsl                : loaded 3 times (x 66B)
Class org.jetbrains.kotlin.gradle.plugin.UsesBuildFinishedListenerService             : loaded 3 times (x 66B)
Class org.jetbrains.kotlin.gradle.tasks.configuration.BaseKotlinCompileConfig$1       : loaded 3 times (x 75B)
Class com.android.build.gradle.internal.scope.InternalArtifactType$COMPILE_R_CLASS_JAR: loaded 3 times (x 70B)
Class org.jetbrains.kotlin.gradle.plugin.KotlinPluginLifecycle$ProjectConfigurationResult$Success: loaded 3 times (x 67B)
Class [Lcom.android.build.gradle.api.SourceKind;                                      : loaded 3 times (x 65B)
Class com.android.build.gradle.internal.tasks.factory.BootClasspathConfigImpl$filteredBootClasspath$2$5: loaded 3 times (x 123B)
Class com.android.build.gradle.internal.dependency.AarToClassTransform$Params_Decorated: loaded 3 times (x 133B)
Class com.android.build.gradle.internal.dependency.SubtractingArtifactCollection$SubtractingArtifactResult: loaded 3 times (x 68B)
Class com.android.build.gradle.internal.tasks.AppMetadataTask$CreationAction          : loaded 3 times (x 86B)
Class com.android.build.gradle.internal.tasks.DexArchiveBuilderTask$CreationAction$handleProvider$3: loaded 3 times (x 74B)
Class com.android.build.gradle.internal.tasks.MergeJavaResourceTask$CreationAction    : loaded 3 times (x 86B)
Class com.android.build.gradle.tasks.ShaderCompile$CreationAction                     : loaded 3 times (x 87B)
Class com.android.build.gradle.tasks.ProcessManifestForBundleTask$CreationAction$handleProvider$1: loaded 3 times (x 123B)
Class com.android.build.gradle.internal.dependency.VariantDependencies$Companion$getComponentFilter$4: loaded 3 times (x 70B)
Class com.android.tools.build.jetifier.processor.transform.proguard.ProGuardClassSpecParser$bodyReplacers$2: loaded 3 times (x 75B)
Class com.android.build.api.variant.impl.LayeredSourceDirectoriesImpl$static$1        : loaded 3 times (x 70B)
Class com.android.build.api.variant.impl.VariantImpl$minSdk$2                         : loaded 3 times (x 75B)
Class com.android.build.api.component.impl.ComponentImpl$privacySandboxCreationConfig$2: loaded 3 times (x 75B)
Class com.android.build.gradle.internal.component.features.ManifestPlaceholdersCreationConfig: loaded 3 times (x 66B)
Class org.jetbrains.kotlin.gradle.dsl.PlatformSourceSetConventionsChecker$CheckedPlatformInfo: loaded 3 times (x 68B)
Class org.jetbrains.kotlin.gradle.internal.StdlibDependencyManagementKt$configureStdlibVersionAlignment$1: loaded 3 times (x 71B)
Class org.jetbrains.kotlin.gradle.plugin.sources.android.AndroidBaseSourceSetName     : loaded 3 times (x 68B)
Class org.jetbrains.kotlin.gradle.plugin.sources.android.checker.KotlinAndroidSourceSetLayoutCheckerKt: loaded 3 times (x 67B)
Class org.jetbrains.kotlin.gradle.plugin.mpp.KotlinUsages$KotlinCinteropDisambiguation: loaded 3 times (x 72B)
Class org.jetbrains.kotlin.gradle.plugin.KotlinPluginInMultipleProjectsHolder         : loaded 3 times (x 68B)
Class org.jetbrains.kotlin.gradle.report.BuildReportType$Companion                    : loaded 3 times (x 67B)
Class com.android.build.gradle.internal.tasks.factory.TaskConfigurationActions        : loaded 3 times (x 71B)
Class com.android.build.gradle.internal.VariantManager$Companion                      : loaded 3 times (x 67B)
Class com.android.build.gradle.internal.tasks.factory.BootClasspathConfigImpl$mockableJarArtifact$2: loaded 3 times (x 75B)
Class com.android.build.gradle.internal.packaging.PackagingOptionsUtilsKt             : loaded 3 times (x 67B)
Class com.google.common.base.CaseFormat$5                                             : loaded 3 times (x 79B)
Class com.android.builder.model.ClassField                                            : loaded 3 times (x 66B)
Class com.android.build.api.dsl.DataBinding                                           : loaded 3 times (x 66B)
Class com.android.build.gradle.internal.plugins.BasePlugin$sdkComponentsBuildService$2$1: loaded 3 times (x 75B)
Class com.google.protobuf.InvalidProtocolBufferException$InvalidWireTypeException     : loaded 3 times (x 84B)
Class com.android.build.gradle.internal.scope.InternalArtifactType$DEFAULT_PROGUARD_FILES: loaded 3 times (x 70B)
Class com.google.protobuf.Internal$BooleanList                                        : loaded 3 times (x 66B)
Class com.google.protobuf.Internal$FloatList                                          : loaded 3 times (x 66B)
Class com.google.protobuf.MessageLiteOrBuilder                                        : loaded 3 times (x 66B)
Class com.android.build.gradle.internal.dsl.SigningConfigImpl$AgpDecorated_Decorated  : loaded 3 times (x 151B)
Class com.android.build.gradle.internal.dsl.SigningConfigImpl$AgpDecorated            : loaded 3 times (x 97B)
Class com.android.build.gradle.internal.SdkLocator$SdkLocationSource                  : loaded 3 times (x 76B)
Class com.android.builder.model.v2.ide.SourceSetContainer                             : loaded 3 times (x 66B)
Class org.jetbrains.kotlin.config.JVMAssertionsMode$Companion                         : loaded 3 times (x 67B)
Class com.android.build.gradle.internal.dsl.DefaultConfig$AgpDecorated                : loaded 3 times (x 426B)
Class com.android.ide.common.repository.GradleVersion$VersionSegment                  : loaded 3 times (x 71B)
Class com.android.build.api.extension.impl.DslLifecycleComponentsOperationsRegistrar  : loaded 3 times (x 68B)
Class com.google.gson.ToNumberPolicy$2                                                : loaded 3 times (x 79B)
Class com.android.tools.analytics.AnalyticsPaths                                      : loaded 3 times (x 67B)
Class com.android.builder.profile.NameAnonymizer$ProjectCacheLoader                   : loaded 3 times (x 72B)
Class com.google.protobuf.ExtensionRegistryFactory                                    : loaded 3 times (x 67B)
Class com.android.build.gradle.internal.lint.LintFixBuildService$RegistrationAction   : loaded 3 times (x 70B)
Class [Lcom.android.builder.core.ComponentType;                                       : loaded 3 times (x 65B)
Class com.android.build.api.dsl.DynamicFeatureDefaultConfig                           : loaded 3 times (x 66B)
Class com.android.builder.model.PackagingOptions                                      : loaded 3 times (x 66B)
Class com.android.build.gradle.internal.dsl.CommonExtensionImpl$sdkComponents$2       : loaded 3 times (x 75B)
Class com.android.build.gradle.internal.dsl.NdkBuildOptions$AgpDecorated              : loaded 3 times (x 92B)
Class com.android.build.gradle.internal.dsl.NdkBuildOptions$AgpDecorated_Decorated    : loaded 3 times (x 139B)
Class org.jetbrains.kotlin.gradle.plugin.VariantImplementationFactories$Parameters$Inject: loaded 3 times (x 102B)
Class org.jetbrains.kotlin.statistics.metrics.NumberOverridePolicy$AVERAGE            : loaded 3 times (x 81B)
Class com.android.build.gradle.internal.SdkLocator$SdkLocationSource$INJECTED_SDK_HOME: loaded 3 times (x 76B)
Class [Lorg.jetbrains.kotlin.gradle.plugin.KotlinPlatformType;                        : loaded 3 times (x 65B)
Class com.android.build.gradle.internal.scope.InternalArtifactType$EXTRACTED_APKS_FROM_PRIVACY_SANDBOX_SDKs: loaded 3 times (x 70B)
Class org.jetbrains.kotlin.gradle.plugin.mpp.compilationImpl.DefaultKotlinCompilationFriendPathsResolver$CompositeFriendArtifactResolver: loaded 3 times (x 71B)
Class com.android.build.gradle.internal.testing.utp.UtpDependencyUtilsKt              : loaded 3 times (x 67B)
Class com.android.build.gradle.internal.tasks.SdkDependencyDataGeneratorTask          : loaded 3 times (x 327B)
Class com.android.build.gradle.internal.tasks.BundleReportDependenciesTask$CreationAction$handleProvider$1: loaded 3 times (x 123B)
Class com.android.build.gradle.internal.tasks.GlobalSyntheticsMergeTask$CreationAction: loaded 3 times (x 86B)
Class com.android.build.gradle.internal.tasks.BundleIdeModelProducerTask$CreationAction: loaded 3 times (x 86B)
Class com.android.build.gradle.internal.TaskManager$createPackagingTask$configureResourcesAndAssetsDependencies$1: loaded 3 times (x 71B)
Class com.android.build.gradle.internal.tasks.DexArchiveBuilderTask$CreationAction$handleProvider$4: loaded 3 times (x 74B)
Class com.android.build.gradle.internal.tasks.factory.TaskFactoryUtils$dependsOn$7    : loaded 3 times (x 71B)
Class com.android.build.api.artifact.impl.TaskBasedOperationImpl                      : loaded 3 times (x 81B)
Class com.android.build.api.component.impl.MutableMapBackedUpWithMapProperty          : loaded 3 times (x 120B)
Class com.android.tools.build.jetifier.processor.transform.proguard.ProGuardClassSpecParser$bodyReplacers$3: loaded 3 times (x 75B)
Class com.android.tools.build.jetifier.processor.Processor                            : loaded 3 times (x 72B)
Class com.android.build.gradle.internal.component.VariantCreationConfig$Companion     : loaded 3 times (x 67B)
Class com.android.build.api.variant.impl.DependenciesInfoBuilderImpl                  : loaded 3 times (x 86B)
Class com.android.build.gradle.internal.variant.VariantPathHelper$dirName$2           : loaded 3 times (x 75B)
Class com.android.build.gradle.internal.core.dsl.impl.TestedVariantDslInfoImpl        : loaded 3 times (x 145B)
Class com.android.build.gradle.internal.manifest.ManifestDataProvider                 : loaded 3 times (x 66B)
Class org.jetbrains.kotlin.gradle.plugin.AndroidProjectHandler$addAndroidUnitTestTasksAsDependenciesToAllTest$1: loaded 3 times (x 71B)
Class org.jetbrains.kotlin.gradle.plugin.sources.DefaultKotlinSourceSetFactory$setUpSourceSetDefaults$1$1$1: loaded 3 times (x 71B)
Class org.jetbrains.kotlin.gradle.plugin.sources.FragmentConsistencyChecks$optInAnnotationsCheck$1: loaded 3 times (x 75B)
Class org.jetbrains.kotlin.gradle.plugin.mpp.AbstractKotlinCompilationToRunnableFiles : loaded 3 times (x 194B)
Class org.jetbrains.kotlin.gradle.plugin.mpp.KotlinUsages$KotlinMetadataCompatibility : loaded 3 times (x 72B)
Class org.jetbrains.kotlin.tooling.core.Extras$Type                                   : loaded 3 times (x 68B)
Class [Lorg.jetbrains.kotlin.gradle.dsl.JvmTarget;                                    : loaded 3 times (x 65B)
Class org.jetbrains.kotlin.gradle.plugin.StatisticsBuildFlowManager$Companion         : loaded 3 times (x 67B)
Class org.jetbrains.kotlin.statistics.metrics.StringMetrics$Companion                 : loaded 3 times (x 67B)
Class com.android.build.gradle.internal.dsl.LanguageSplitOptions_Decorated            : loaded 3 times (x 124B)
Class com.android.build.gradle.internal.dsl.AaptOptions                               : loaded 3 times (x 116B)
Class com.android.build.gradle.internal.dsl.ComposeOptionsImpl                        : loaded 3 times (x 82B)
Class com.android.build.api.dsl.TestCoverage                                          : loaded 3 times (x 66B)
Class com.google.protobuf.AbstractMessage$Builder                                     : loaded 3 times (x 253B)
Class com.android.build.api.dsl.BaselineProfile                                       : loaded 3 times (x 66B)
Class org.bouncycastle.jcajce.provider.config.ConfigurableProvider                    : loaded 3 times (x 66B)
Class com.android.build.api.dsl.DynamicFeatureBaseFlavor                              : loaded 3 times (x 66B)
Class com.android.builder.core.ComponentTypeImpl                                      : loaded 3 times (x 101B)
Class com.android.build.gradle.internal.plugins.BasePlugin$versionedSdkLoaderService$2$1$1: loaded 3 times (x 75B)
Class com.android.build.gradle.internal.services.Aapt2DaemonBuildService$Parameters_Decorated: loaded 3 times (x 127B)
Class com.google.gson.internal.bind.ReflectiveTypeAdapterFactory$BoundField           : loaded 3 times (x 71B)
Class com.android.build.gradle.internal.res.Aapt2FromMaven$Companion$Aapt2Extractor   : loaded 3 times (x 74B)
Class com.google.gson.LongSerializationPolicy                                         : loaded 3 times (x 76B)
Class com.android.build.gradle.internal.plugins.AndroidPluginBaseServices$syncIssueReporter$2$1: loaded 3 times (x 75B)
Class com.android.build.gradle.internal.plugins.BasePlugin$extensionData$2            : loaded 3 times (x 75B)
Class com.android.build.api.variant.HasAndroidTestBuilder                             : loaded 3 times (x 66B)
Class org.jetbrains.kotlin.gradle.plugin.mpp.DecoratedKotlinCompilation               : loaded 3 times (x 189B)
Class org.jetbrains.kotlin.gradle.plugin.sources.android.KotlinAndroidSourceSetLayout : loaded 3 times (x 68B)
Class org.jetbrains.kotlin.gradle.plugin.sources.FragmentConsistencyChecks$languageVersionCheck$1: loaded 3 times (x 75B)
Class org.jetbrains.kotlin.gradle.plugin.sources.android.configurator.AndroidKaptSourceSetConfigurator$configure$1: loaded 3 times (x 75B)
Class com.android.build.gradle.internal.variant.DimensionCombinator                   : loaded 3 times (x 68B)
Class com.android.build.gradle.internal.variant.DimensionCombinator$Companion         : loaded 3 times (x 67B)
Class com.android.build.gradle.internal.core.dsl.impl.VariantDslInfoImpl$initApplicationId$appIdFromFlavors$1: loaded 3 times (x 74B)
Class com.android.build.gradle.internal.core.dsl.features.RenderscriptDslInfo         : loaded 3 times (x 66B)
Class com.android.build.api.variant.impl.HasDeviceTestsCreationConfig                 : loaded 3 times (x 66B)
Class com.google.common.collect.ImmutableRangeSet$AsSet                               : loaded 3 times (x 295B)
Class com.android.build.api.component.impl.ModelV1LegacySupportImpl                   : loaded 3 times (x 73B)
Class com.google.common.collect.ImmutableListMultimap                                 : loaded 3 times (x 172B)
Class com.android.build.gradle.internal.core.dsl.impl.InstrumentedTestDslInfoImpl$handleProfiling$2: loaded 3 times (x 70B)
Class com.android.build.api.component.impl.DefaultSourcesProviderImpl$getResources$1  : loaded 3 times (x 74B)
Class com.google.gson.internal.ReflectionAccessFilterHelper                           : loaded 3 times (x 67B)
Class com.google.gson.internal.reflect.ReflectionHelper$RecordHelper                  : loaded 3 times (x 71B)
Class com.android.tools.build.jetifier.core.type.TypesMap$JsonData                    : loaded 3 times (x 68B)
Class com.android.tools.build.jetifier.processor.transform.proguard.patterns.ReplacersRunner: loaded 3 times (x 68B)
Class com.android.build.gradle.tasks.GenerateResValues$CreationAction                 : loaded 3 times (x 89B)
Class com.android.build.gradle.internal.scope.InternalArtifactType$FEATURE_RESOURCE_PKG: loaded 3 times (x 70B)
Class com.android.build.gradle.internal.tasks.featuresplit.FeatureSetMetadataWriterTask: loaded 3 times (x 326B)
Class com.android.build.gradle.internal.utils.HasConfigurableValuesKt                 : loaded 3 times (x 67B)
Class com.android.build.gradle.internal.SdkLocator$SdkLocationSource$LOCAL_SDK_DIR    : loaded 3 times (x 76B)
Class com.android.build.gradle.internal.publishing.VariantSpecBuilderImpl             : loaded 3 times (x 86B)
Class org.jetbrains.kotlin.gradle.plugin.BuildFinishedListenerService$Companion       : loaded 3 times (x 67B)
Class org.jetbrains.kotlin.gradle.plugin.BuildFinishedListenerService                 : loaded 3 times (x 76B)
Class com.android.build.gradle.internal.dependency.RecalculateStackFramesTransform$Companion: loaded 3 times (x 67B)
Class com.android.build.gradle.internal.dependency.CollectResourceSymbolsTransform    : loaded 3 times (x 74B)
Class com.android.build.gradle.internal.tasks.SdkDependencyDataGeneratorTask$CreationAction$handleProvider$1: loaded 3 times (x 123B)
Class com.android.build.gradle.internal.tasks.UninstallTask$CreationAction            : loaded 3 times (x 87B)
Class com.android.build.gradle.internal.tasks.InstallVariantTask$CreationAction       : loaded 3 times (x 87B)
Class com.android.build.gradle.internal.scope.InternalArtifactType$NATIVE_DEBUG_METADATA: loaded 3 times (x 70B)
Class com.android.build.gradle.internal.tasks.DexArchiveBuilderTask$CreationAction$handleProvider$5: loaded 3 times (x 74B)
Class com.android.build.api.artifact.Artifact$Transformable                           : loaded 3 times (x 66B)
Class com.android.build.gradle.internal.TaskManager$createCompileAnchorTask$1         : loaded 3 times (x 70B)
Class com.android.tools.build.jetifier.processor.transform.proguard.ProGuardClassSpecParser$bodyReplacers$4: loaded 3 times (x 75B)
Class com.android.build.gradle.internal.TaskManager$AbstractPreBuildCreationAction    : loaded 3 times (x 87B)
Class com.android.build.gradle.internal.component.DeviceTestCreationConfig            : loaded 3 times (x 66B)
Class com.android.buildanalyzer.common.TaskCategory                                   : loaded 3 times (x 76B)
Class org.jetbrains.kotlin.gradle.plugin.AndroidProjectHandler$addAndroidUnitTestTasksAsDependenciesToAllTest$2: loaded 3 times (x 71B)
Class org.jetbrains.kotlin.gradle.plugin.sources.FragmentConsistencyChecks$optInAnnotationsCheck$2: loaded 3 times (x 74B)
Class com.android.build.gradle.internal.tasks.UsesAnalytics                           : loaded 3 times (x 66B)
Class com.android.build.gradle.internal.tasks.SigningConfigUtils                      : loaded 3 times (x 67B)
Class com.android.build.gradle.internal.dsl.BundleOptionsDeviceTier$AgpDecorated      : loaded 3 times (x 81B)
Class com.android.build.gradle.internal.dsl.EmulatorControl$AgpDecorated_Decorated    : loaded 3 times (x 135B)
Class com.android.build.gradle.internal.dsl.BaselineProfileImpl$AgpDecorated          : loaded 3 times (x 80B)
Class com.android.build.gradle.internal.dsl.decorator.DslDecorator$CollectingInfoVisitor: loaded 3 times (x 71B)
Class com.android.build.gradle.internal.dsl.decorator.DslDecorator$Companion          : loaded 3 times (x 67B)
Class com.android.build.api.dsl.AnnotationProcessorOptions                            : loaded 3 times (x 66B)
Class com.android.builder.model.BuildType                                             : loaded 3 times (x 66B)
Class com.android.build.gradle.internal.plugins.BasePlugin$versionedSdkLoaderService$2$1$2: loaded 3 times (x 75B)
Class com.android.build.gradle.internal.AvdComponentsBuildService$Parameters_Decorated: loaded 3 times (x 151B)
Class com.android.build.gradle.internal.plugins.BasePlugin$configureProject$1         : loaded 3 times (x 71B)
Class com.android.build.gradle.internal.services.StringCachingBuildService$RegistrationAction: loaded 3 times (x 70B)
Class com.android.builder.model.v2.ide.AaptOptions$Namespacing                        : loaded 3 times (x 75B)
Class com.google.protobuf.AbstractParser                                              : loaded 3 times (x 146B)
Class com.google.common.collect.AbstractBiMap$Inverse                                 : loaded 3 times (x 158B)
Class com.android.build.gradle.options.IntegerOption                                  : loaded 3 times (x 82B)
Class com.android.ide.common.blame.Message                                            : loaded 3 times (x 68B)
Class com.google.gson.Gson$3                                                          : loaded 3 times (x 71B)
Class com.android.build.gradle.internal.core.dsl.ComponentDslInfo                     : loaded 3 times (x 66B)
Class com.android.build.api.variant.AndroidComponents                                 : loaded 3 times (x 66B)
Class com.android.build.gradle.internal.plugins.BasePlugin                            : loaded 3 times (x 89B)
Class com.android.build.gradle.internal.dependency.AarTransform$Parameters            : loaded 3 times (x 66B)
Class com.android.build.gradle.internal.dependency.BaseDexingTransform$Parameters_Decorated: loaded 3 times (x 156B)
Class org.jetbrains.kotlin.gradle.tasks.K2MultiplatformCompilationTask                : loaded 3 times (x 66B)
Class org.jetbrains.kotlin.gradle.plugin.sources.KotlinDependencyScopeKt$WhenMappings : loaded 3 times (x 67B)
Class com.android.builder.model.v2.models.VariantDependenciesFlatList                 : loaded 3 times (x 66B)
Class com.android.sdklib.AndroidTargetHash                                            : loaded 3 times (x 67B)
Class com.android.builder.model.v2.ide.Edge                                           : loaded 3 times (x 66B)
Class org.jetbrains.kotlin.idea.gradleTooling.PrepareKotlinIdeImportTaskModel         : loaded 3 times (x 66B)
Class org.jetbrains.kotlin.config.ExplicitApiMode$Companion                           : loaded 3 times (x 67B)
Class org.jetbrains.kotlin.config.LanguageFeature                                     : loaded 3 times (x 76B)
Class com.google.common.collect.EmptyImmutableListMultimap                            : loaded 3 times (x 172B)
Class com.google.protobuf.ProtocolMessageEnum                                         : loaded 3 times (x 66B)
Class com.android.build.gradle.internal.plugins.BasePlugin$ExtensionData              : loaded 3 times (x 68B)
Class com.google.gson.internal.Excluder                                               : loaded 3 times (x 71B)
Class [Lcom.google.gson.FieldNamingStrategy;                                          : loaded 3 times (x 65B)
Class com.google.gson.ToNumberPolicy$1                                                : loaded 3 times (x 79B)
Class com.android.ide.common.blame.SourceFilePosition                                 : loaded 3 times (x 68B)
Class com.android.tools.analytics.AnalyticsSettings                                   : loaded 3 times (x 67B)
Class [Lcom.android.tools.analytics.Environment$SystemProperty;                       : loaded 3 times (x 65B)
Class com.google.wireless.android.sdk.stats.InstantRunStatusOrBuilder                 : loaded 3 times (x 66B)
Class com.google.protobuf.Descriptors$Descriptor                                      : loaded 3 times (x 72B)
Class com.android.build.gradle.internal.VariantTaskManager                            : loaded 3 times (x 79B)
Class com.android.build.gradle.internal.api.artifact.SourceArtifactType$ANDROID_RESOURCES: loaded 3 times (x 70B)
Class org.jetbrains.kotlin.gradle.plugin.AndroidProjectHandler$preprocessVariant$2$1  : loaded 3 times (x 74B)
Class org.jetbrains.kotlin.gradle.internal.ClassLoadersCachingBuildService$Companion  : loaded 3 times (x 67B)
Class org.jetbrains.kotlin.gradle.tasks.configuration.TaskConfigAction                : loaded 3 times (x 68B)
Class org.jetbrains.kotlin.gradle.plugin.mpp.compilationImpl.factory.DefaultKotlinCompilationOutputFactory: loaded 3 times (x 70B)
Class com.android.build.gradle.internal.tasks.SdkDependencyDataGeneratorTask$CreationAction$handleProvider$2: loaded 3 times (x 123B)
Class com.android.build.gradle.internal.tasks.BaseTask$CreationAction                 : loaded 3 times (x 86B)
Class com.android.build.api.artifact.impl.MultipleArtifactContainer                   : loaded 3 times (x 71B)
Class com.android.build.gradle.internal.tasks.DexArchiveBuilderTask$CreationAction$handleProvider$6: loaded 3 times (x 123B)
Class com.android.build.api.variant.impl.JniLibsPackagingImpl$keepDebugSymbols$1      : loaded 3 times (x 71B)
Class com.android.build.gradle.internal.dependency.ProvidedClasspathSubtractor$getFileCollection$1: loaded 3 times (x 71B)
Class com.android.tools.build.jetifier.processor.transform.proguard.ProGuardClassSpecParser$bodyReplacers$5: loaded 3 times (x 75B)
Class com.android.tools.build.jetifier.processor.transform.proguard.ProGuardTypesMapper: loaded 3 times (x 68B)
Class com.android.tools.build.jetifier.core.utils.LogConsumer                         : loaded 3 times (x 66B)
Class com.android.build.api.component.impl.DeviceTestImpl$instrumentationRunnerArguments$2: loaded 3 times (x 75B)
Class com.android.build.gradle.internal.core.dsl.impl.ApplicationVariantDslInfoImpl$computeVersionNameSuffix$2: loaded 3 times (x 74B)
Class com.android.build.api.component.impl.ComponentImpl$androidResourcesCreationConfig$2: loaded 3 times (x 75B)
Class com.android.build.gradle.internal.variant.VariantPathHelper$Companion           : loaded 3 times (x 67B)
Class com.android.build.gradle.internal.attributes.VariantAttr$Companion              : loaded 3 times (x 67B)
Class org.jetbrains.kotlin.gradle.plugin.sources.android.checker.MultiplatformLayoutV2MultiplatformLayoutV1StyleSourceDirUsageChecker: loaded 3 times (x 71B)
Class org.jetbrains.kotlin.gradle.plugin.AbstractKotlinPlugin$Companion               : loaded 3 times (x 67B)
Class org.jetbrains.kotlin.gradle.plugin.KotlinSourceSetTree                          : loaded 3 times (x 68B)
Class org.jetbrains.kotlin.gradle.plugin.KotlinPluginLifecycle$Stage                  : loaded 3 times (x 75B)
Class org.jetbrains.kotlin.gradle.plugin.sources.KotlinSourceSetFactory               : loaded 3 times (x 76B)
Class org.jetbrains.kotlin.gradle.plugin.StatisticsBuildFlowManager$subscribeForBuildResult$1$1: loaded 3 times (x 70B)
Class org.jetbrains.kotlin.gradle.plugin.internal.KotlinTestReportCompatibilityHelper$KotlinTestReportCompatibilityHelperVariantFactory: loaded 3 times (x 66B)
Class com.android.build.gradle.internal.services.VariantServices                      : loaded 3 times (x 66B)
Class org.jetbrains.kotlin.config.LanguageFeature$State                               : loaded 3 times (x 78B)
Class com.android.build.gradle.internal.CompileOptions$Companion                      : loaded 3 times (x 67B)
Class com.android.build.gradle.internal.dsl.decorator.ApplicationInstallationImpl$AgpDecorated: loaded 3 times (x 100B)
Class com.android.builder.core.DefaultVectorDrawablesOptions                          : loaded 3 times (x 76B)
Class com.android.build.gradle.internal.dsl.BaselineProfileImpl                       : loaded 3 times (x 75B)
Class com.android.build.gradle.internal.dsl.ExternalNativeBuild                       : loaded 3 times (x 87B)
Class com.android.build.gradle.internal.dsl.decorator.LockableMap                     : loaded 3 times (x 124B)
Class com.android.build.gradle.internal.dsl.BuildType                                 : loaded 3 times (x 367B)
Class com.android.build.gradle.internal.plugins.BasePlugin$configureProject$2         : loaded 3 times (x 71B)
Class com.google.wireless.android.sdk.stats.JavaProcessStats$1                        : loaded 3 times (x 147B)
Class com.android.build.gradle.internal.scope.InternalArtifactType$JAVA_DOC_JAR       : loaded 3 times (x 70B)
Class com.google.protobuf.GeneratedMessage$GeneratedExtension                         : loaded 3 times (x 83B)
Class com.android.build.gradle.internal.profile.AnalyticsConfiguratorService$Params_Decorated: loaded 3 times (x 130B)
Class com.google.gson.internal.bind.DefaultDateTypeAdapter                            : loaded 3 times (x 70B)
Class com.google.gson.JsonSerializer                                                  : loaded 3 times (x 66B)
Class [Lcom.android.ide.common.blame.Message$Kind;                                    : loaded 3 times (x 65B)
Class com.google.gson.GsonBuilder                                                     : loaded 3 times (x 68B)
Class com.android.build.gradle.internal.errors.MessageReceiverImpl                    : loaded 3 times (x 71B)
Class com.android.build.gradle.internal.variant.VariantInputModel                     : loaded 3 times (x 66B)
Class com.android.build.api.AndroidPluginVersion                                      : loaded 3 times (x 71B)
Class org.jetbrains.kotlin.gradle.internal.tasks.TaskWithLocalState                   : loaded 3 times (x 66B)
Class org.jetbrains.kotlin.gradle.plugin.mpp.InternalKotlinTargetComponent            : loaded 3 times (x 89B)
Class org.jetbrains.kotlin.gradle.plugin.mpp.KotlinAndroidTarget$kotlinComponents$2   : loaded 3 times (x 75B)
Class org.jetbrains.kotlin.gradle.plugin.sources.android.KotlinAndroidSourceSets      : loaded 3 times (x 67B)
Class org.jetbrains.kotlin.gradle.plugin.sources.android.AndroidBaseSourceSetName$Companion: loaded 3 times (x 67B)
Class org.jetbrains.kotlin.gradle.plugin.sources.FragmentConsistencyChecks            : loaded 3 times (x 68B)
Class org.jetbrains.kotlin.gradle.plugin.AndroidProjectHandler$configureTarget$2      : loaded 3 times (x 75B)
Class org.jetbrains.kotlin.gradle.dsl.AndroidMainSourceSetConventionsChecker$runChecks$1: loaded 3 times (x 84B)
Class org.jetbrains.kotlin.config.LanguageOrApiVersion                                : loaded 3 times (x 66B)
Class com.android.build.gradle.internal.utils.PrivacySandboxApkSources                : loaded 3 times (x 68B)
Class com.android.build.api.component.impl.AnnotationProcessorImpl$finalListOfClassNames$1: loaded 3 times (x 71B)
Class com.android.builder.model.v2.ide.TestInfo$Execution                             : loaded 3 times (x 75B)
Class com.android.build.api.variant.impl.VariantOutputConfigurationImplKt             : loaded 3 times (x 67B)
Class com.android.build.gradle.internal.core.dsl.impl.DslInfoCommonKt$initTestApplicationId$testAppIdFromFlavors$1: loaded 3 times (x 74B)
Class com.android.build.api.component.impl.DeviceTestImpl$shadersCreationConfig$2     : loaded 3 times (x 75B)
Class com.android.build.api.variant.impl.SourcesImpl$extras$2                         : loaded 3 times (x 75B)
Class com.android.build.gradle.internal.scope.InternalArtifactType$LINT_PUBLISH_JAR   : loaded 3 times (x 70B)
Class com.android.build.gradle.internal.scope.InternalArtifactType$INSTANT_APP_MANIFEST: loaded 3 times (x 70B)
Class com.android.build.gradle.internal.scope.InternalArtifactType$EXTRACTED_SDK_APKS : loaded 3 times (x 70B)
Class com.android.build.gradle.internal.scope.InternalArtifactType$SIGNING_CONFIG_DATA: loaded 3 times (x 70B)
Class com.android.build.gradle.internal.publishing.VariantPublishingSpecImpl          : loaded 3 times (x 73B)
Class org.jetbrains.kotlin.gradle.plugin.mpp.InternalKotlinCompilationKt              : loaded 3 times (x 67B)
Class org.jetbrains.kotlin.gradle.tasks.configuration.AbstractKotlinCompileConfig     : loaded 3 times (x 68B)
Class org.jetbrains.kotlin.gradle.plugin.mpp.compilationImpl.KotlinCompilationImpl$attributes$2: loaded 3 times (x 75B)
Class com.android.build.gradle.internal.tasks.BundleToStandaloneApkTask$CreationAction$handleProvider$1: loaded 3 times (x 123B)
Class com.android.build.gradle.internal.tasks.MergeArtProfileTask$CreationAction$handleProvider$1: loaded 3 times (x 123B)
Class com.android.build.gradle.tasks.PackageAndroidArtifact$Companion                 : loaded 3 times (x 67B)
Class com.android.build.api.variant.impl.SigningConfigImpl$enableV1Signing$1          : loaded 3 times (x 71B)
Class com.android.build.gradle.internal.tasks.DexArchiveBuilderTask$CreationAction$handleProvider$7: loaded 3 times (x 123B)
Class com.android.build.api.artifact.impl.InternalScopedArtifact$FINAL_TRANSFORMED_CLASSES: loaded 3 times (x 70B)
Class com.android.build.gradle.internal.scope.InternalArtifactType$RUNTIME_APP_CLASSES_JAR: loaded 3 times (x 70B)
Class com.android.build.api.variant.impl.ResourcesPackagingImpl$pickFirsts$1          : loaded 3 times (x 71B)
Class com.android.build.gradle.tasks.ProcessAndroidResources                          : loaded 3 times (x 326B)
Class com.android.build.gradle.tasks.MergeSourceSetFolders$CreationAction             : loaded 3 times (x 87B)
Class com.android.build.gradle.tasks.ProcessManifestForMetadataFeatureTask            : loaded 3 times (x 328B)
Class com.android.build.gradle.internal.scope.InternalArtifactType$COMPATIBLE_SCREEN_MANIFEST: loaded 3 times (x 70B)
Class com.android.tools.build.jetifier.processor.transform.proguard.ProGuardClassSpecParser$bodyReplacers$6: loaded 3 times (x 75B)
Class com.android.tools.build.jetifier.core.pom.DependencyVersionsMap$Companion       : loaded 3 times (x 67B)
Class com.android.tools.build.jetifier.core.PackageMap$Companion                      : loaded 3 times (x 67B)
Class com.google.gson.internal.Primitives                                             : loaded 3 times (x 67B)
Class com.android.build.api.variant.SourceDirectories$Flat                            : loaded 3 times (x 66B)
Class com.android.build.gradle.internal.variant.BaseVariantData$DiscoverableFilterType$ABI: loaded 3 times (x 76B)
Class com.android.build.gradle.internal.core.PostProcessingOptions                    : loaded 3 times (x 66B)
Class com.android.build.gradle.internal.core.MergedJavaCompileOptions                 : loaded 3 times (x 79B)
Class com.android.build.gradle.internal.core.dsl.impl.ApplicationVariantDslInfoImpl   : loaded 3 times (x 192B)
Class org.jetbrains.kotlin.build.report.metrics.GradleBuildTime                       : loaded 3 times (x 82B)
Class org.jetbrains.kotlin.gradle.utils.IsolatedKotlinClasspathClassCastException     : loaded 3 times (x 78B)
Class com.android.build.gradle.internal.dsl.decorator.DslDecorator$Companion$lookupDefineClassMethod$2: loaded 3 times (x 74B)
Class org.jetbrains.kotlin.gradle.plugin.mpp.compilationImpl.factory.KotlinCompilationImplFactory$create$1: loaded 3 times (x 71B)
Class com.android.build.gradle.internal.plugins.BasePlugin$configureProject$3         : loaded 3 times (x 73B)
Class com.android.build.gradle.internal.ide.dependencies.MavenCoordinatesCacheBuildService: loaded 3 times (x 76B)
Class com.android.builder.profile.AnalyticsProfileWriter                              : loaded 3 times (x 68B)
Class com.android.build.gradle.internal.utils.AnalyticsEnabledValueSource             : loaded 3 times (x 74B)
Class com.google.gson.stream.JsonWriter                                               : loaded 3 times (x 94B)
Class org.jetbrains.plugins.gradle.model.AnnotationProcessingModel                    : loaded 3 times (x 66B)
Class com.android.build.gradle.internal.plugins.BasePlugin$buildOutputs$2             : loaded 3 times (x 75B)
Class com.android.build.gradle.internal.component.ApkCreationConfig                   : loaded 3 times (x 66B)
Class com.android.build.gradle.internal.services.RunOnceBuildServiceImpl$RegistrationAction: loaded 3 times (x 69B)
Class org.jetbrains.plugins.gradle.model.GradleExtensions                             : loaded 3 times (x 66B)
Class org.jetbrains.kotlin.gradle.plugin.mpp.compilationImpl.KotlinCompilationK2MultiplatformConfigurator$configure$1: loaded 3 times (x 71B)
Class org.jetbrains.plugins.gradle.model.IntelliJSettings                             : loaded 3 times (x 66B)
Class org.jetbrains.kotlin.idea.gradleTooling.KotlinSourceSetContainer                : loaded 3 times (x 66B)
Class com.android.build.gradle.internal.lint.AndroidLintTextOutputTask$SingleVariantCreationAction: loaded 3 times (x 88B)
Class com.android.build.gradle.internal.dependency.RecalculateStackFramesTransform$Parameters: loaded 3 times (x 66B)
Class org.jetbrains.kotlin.gradle.plugin.AndroidProjectHandlerKt                      : loaded 3 times (x 67B)
Class com.android.build.gradle.internal.scope.InternalArtifactType$PREFAB_PACKAGE     : loaded 3 times (x 70B)
Class org.jetbrains.kotlin.compilerRunner.GradleCompilerRunner                        : loaded 3 times (x 69B)
Class com.android.builder.model.v2.ide.VectorDrawablesOptions                         : loaded 3 times (x 66B)
Class org.jetbrains.kotlin.statistics.metrics.BooleanMetrics                          : loaded 3 times (x 76B)
Class com.google.common.collect.SetMultimap                                           : loaded 3 times (x 66B)
Class com.intellij.gradle.toolingExtension.impl.model.dependencyDownloadPolicyModel.GradleDependencyDownloadPolicy: loaded 3 times (x 66B)
Class org.jetbrains.kotlin.idea.gradleTooling.KotlinMPPGradleModel                    : loaded 3 times (x 66B)
Class com.android.build.api.variant.ApplicationAndroidComponentsExtension             : loaded 3 times (x 66B)
Class com.android.build.api.extension.impl.VariantApiOperationsRegistrar              : loaded 3 times (x 68B)
Class com.android.build.gradle.internal.api.InstallableVariantImpl                    : loaded 3 times (x 237B)
Class com.android.build.gradle.internal.SdkHandler                                    : loaded 3 times (x 77B)
Class [Lcom.android.build.gradle.options.SyncOptions$EvaluationMode;                  : loaded 3 times (x 65B)
Class org.jetbrains.kotlin.gradle.plugin.diagnostics.RenderReportedDiagnosticsKt      : loaded 3 times (x 67B)
Class com.google.gson.internal.bind.NumberTypeAdapter                                 : loaded 3 times (x 70B)
Class com.android.build.gradle.internal.scope.InternalArtifactType$RENDERSCRIPT_HEADERS: loaded 3 times (x 70B)
Class com.android.build.gradle.internal.dsl.VariantOutputFactory                      : loaded 3 times (x 69B)
Class com.android.build.gradle.tasks.RenderscriptCompile                              : loaded 3 times (x 342B)
Class com.android.build.gradle.internal.test.AbstractTestDataImpl$testDirectories$1$1 : loaded 3 times (x 75B)
Class com.android.build.gradle.internal.tasks.MergeNativeDebugMetadataTask$CreationAction$handleProvider$1: loaded 3 times (x 123B)
Class com.android.build.gradle.internal.tasks.BundleToStandaloneApkTask$CreationAction$handleProvider$2: loaded 3 times (x 71B)
Class com.android.build.gradle.internal.tasks.ParseIntegrityConfigTask                : loaded 3 times (x 326B)
Class com.android.build.gradle.internal.tasks.StripDebugSymbolsTask                   : loaded 3 times (x 330B)
Class com.android.build.gradle.internal.tasks.DexArchiveBuilderTask$CreationAction$handleProvider$8: loaded 3 times (x 123B)
Class com.android.build.gradle.tasks.JavaPreCompileTask$CreationAction$handleProvider$1: loaded 3 times (x 74B)
Class com.android.build.gradle.tasks.ShaderCompile                                    : loaded 3 times (x 335B)
Class com.android.build.gradle.internal.scope.InternalArtifactType$DATA_BINDING_LAYOUT_INFO_TYPE_MERGE: loaded 3 times (x 70B)
Class com.android.build.api.component.impl.features.InstrumentationCreationConfigImpl$instrumentation$2: loaded 3 times (x 75B)
Class com.android.tools.build.jetifier.processor.transform.proguard.ProGuardClassSpecParser$bodyReplacers$7: loaded 3 times (x 75B)
Class com.android.build.api.variant.impl.SourcesImpl$aidl$2                           : loaded 3 times (x 75B)
Class com.android.build.api.variant.impl.FileBasedFileEntry$asFile$1                  : loaded 3 times (x 71B)
Class com.android.build.gradle.internal.variant.BaseVariantData$Companion             : loaded 3 times (x 67B)
Class com.android.build.gradle.internal.dependency.ResolutionResultProvider           : loaded 3 times (x 66B)
Class org.jetbrains.kotlin.gradle.plugin.diagnostics.checkers.WasmSourceSetsNotFoundChecker: loaded 3 times (x 70B)
Class org.jetbrains.kotlin.gradle.plugin.diagnostics.checkers.AndroidSourceSetLayoutV1SourceSetsNotFoundChecker$androidSourceSetRegex$2: loaded 3 times (x 74B)
Class org.jetbrains.kotlin.build.report.metrics.GradleBuildTime$Companion$children$2  : loaded 3 times (x 74B)
Class org.jetbrains.kotlin.gradle.plugin.internal.IdeaSyncDetector$IdeaSyncDetectorVariantFactory: loaded 3 times (x 66B)
Class com.android.build.api.artifact.impl.ArtifactNamingContext                       : loaded 3 times (x 68B)
Class com.android.build.gradle.internal.services.GlobalServiceRegistrationAction$execute$globalService$1: loaded 3 times (x 71B)
Class com.android.build.api.dsl.ExternalNativeBuild                                   : loaded 3 times (x 66B)
Class com.android.build.gradle.internal.dsl.BundleOptionsDensity                      : loaded 3 times (x 73B)
Class com.android.build.api.dsl.Bundle                                                : loaded 3 times (x 66B)
Class com.android.build.gradle.internal.dsl.decorator.SupportedPropertyType$Collection$List: loaded 3 times (x 70B)
Class com.android.build.api.dsl.LibraryProductFlavor                                  : loaded 3 times (x 66B)
Class com.android.build.gradle.internal.plugins.BasePlugin$configureProject$4         : loaded 3 times (x 70B)
Class com.android.build.gradle.options.FeatureStage$Enforced                          : loaded 3 times (x 68B)
Class com.android.repository.Revision                                                 : loaded 3 times (x 83B)
Class com.android.build.gradle.internal.res.Aapt2FromMaven                            : loaded 3 times (x 68B)
Class com.android.build.gradle.internal.res.Aapt2FromMaven$Companion$create$aapt2Directory$1: loaded 3 times (x 70B)
Class com.google.gson.internal.bind.TypeAdapterRuntimeTypeWrapper                     : loaded 3 times (x 70B)
Class com.android.ide.common.blame.Message$Kind$Companion                             : loaded 3 times (x 67B)
Class com.android.build.gradle.internal.res.Aapt2FromMaven$Companion                  : loaded 3 times (x 67B)
Class com.android.build.gradle.internal.core.dsl.ConsumableComponentDslInfo           : loaded 3 times (x 66B)
Class com.android.build.gradle.internal.variant.AbstractVariantInputManager           : loaded 3 times (x 93B)
Class com.android.build.gradle.internal.tasks.factory.GlobalTaskCreationConfigImpl    : loaded 3 times (x 135B)
Class com.android.build.gradle.AbstractAppExtension                                   : loaded 3 times (x 215B)
Class com.android.build.gradle.BasePlugin                                             : loaded 3 times (x 72B)
Class com.google.wireless.android.sdk.stats.GradleBuildMemorySample$Builder           : loaded 3 times (x 297B)
Class com.android.tools.analytics.HostData$threadBean$2                               : loaded 3 times (x 74B)
Class com.android.prefs.Global                                                        : loaded 3 times (x 76B)
Class com.android.build.api.dsl.TestBuildType                                         : loaded 3 times (x 66B)
Class org.jetbrains.kotlin.android.synthetic.idea.AndroidExtensionsGradleModel        : loaded 3 times (x 66B)
Class com.intellij.gradle.toolingExtension.util.GradleVersionUtil                     : loaded 3 times (x 67B)
Class com.android.build.api.dsl.DexPackaging                                          : loaded 3 times (x 66B)
Class [Lcom.android.build.gradle.internal.core.Abi;                                   : loaded 3 times (x 65B)
Class com.android.build.gradle.internal.dsl.SigningConfig$AgpDecorated_Decorated      : loaded 3 times (x 201B)
Class org.jetbrains.kotlin.gradle.plugin.PropertiesBuildService$property$1            : loaded 3 times (x 75B)
Class org.jetbrains.kotlin.gradle.plugin.statistics.BuildFlowService$Parameters       : loaded 3 times (x 66B)
Class org.jetbrains.kotlin.gradle.internal.CompilerArgumentAware                      : loaded 3 times (x 66B)
Class org.jetbrains.kotlin.gradle.plugin.sources.android.configurator.MultiplatformLayoutV2DefaultManifestLocationConfigurator: loaded 3 times (x 71B)
Class com.android.builder.model.v2.ide.BytecodeTransformation                         : loaded 3 times (x 75B)
Class org.jetbrains.kotlin.gradle.plugin.AndroidProjectHandler$configureTarget$1      : loaded 3 times (x 75B)
Class org.jetbrains.kotlin.gradle.plugin.diagnostics.checkers.DisabledNativeTargetsChecker: loaded 3 times (x 70B)
Class com.android.build.gradle.internal.profile.AnalyticsUtil                         : loaded 3 times (x 67B)
Class com.android.build.gradle.internal.core.dsl.impl.ConsumableComponentDslInfoImpl  : loaded 3 times (x 126B)
Class com.android.build.api.component.impl.ComponentImpl$resValuesCreationConfig$2    : loaded 3 times (x 75B)
Class com.android.build.api.variant.impl.ArtifactMetadataProcessor$Companion          : loaded 3 times (x 67B)
Class org.jetbrains.kotlin.gradle.plugin.KotlinCompilationWithResources               : loaded 3 times (x 66B)
Class com.android.build.gradle.internal.dependency.DexingNoClasspathTransform         : loaded 3 times (x 77B)
Class com.android.build.gradle.internal.dependency.MockableJarTransform$Parameters_Decorated: loaded 3 times (x 135B)
Class org.jetbrains.kotlin.gradle.plugin.internal.DefaultMppTestReportHelperVariantFactory: loaded 3 times (x 72B)
Class com.android.build.gradle.internal.testing.utp.UtpDependency$10                  : loaded 3 times (x 123B)
Class com.android.build.gradle.internal.test.AbstractTestDataImpl$testDirectories$1$2 : loaded 3 times (x 75B)
Class com.android.build.gradle.internal.tasks.DexArchiveBuilderTask$CreationAction$handleProvider$9: loaded 3 times (x 74B)
Class com.android.build.api.variant.impl.SigningConfigImpl$keyAlias$1                 : loaded 3 times (x 71B)
Class com.android.build.gradle.internal.scope.InternalArtifactType$MERGED_RES         : loaded 3 times (x 70B)
Class com.android.build.api.artifact.SingleArtifact$MERGED_MANIFEST                   : loaded 3 times (x 70B)
Class com.android.build.api.component.impl.OldVariantApiLegacySupportImpl$JavaCompileOptionsForOldVariantAPI$_annotationProcessorOptions$1: loaded 3 times (x 73B)
Class com.android.build.gradle.tasks.ExtractDeepLinksTask                             : loaded 3 times (x 328B)
Class com.android.build.gradle.internal.tasks.NonIncrementalTask                      : loaded 3 times (x 324B)
Class com.android.tools.build.jetifier.processor.transform.proguard.ProGuardClassSpecParser$bodyReplacers$8: loaded 3 times (x 75B)
Class com.android.tools.build.jetifier.processor.transform.proguard.ProGuardTransformer: loaded 3 times (x 73B)
Class com.android.tools.build.jetifier.core.TypeRewriter$Companion                    : loaded 3 times (x 67B)
Class com.android.build.api.component.impl.DefaultSourcesProviderImpl$defaultAssetsSources$1: loaded 3 times (x 74B)
Class com.android.build.gradle.internal.core.dsl.impl.AndroidTestComponentDslInfoImpl$namespace$2: loaded 3 times (x 75B)
Class com.android.build.gradle.internal.core.MergedExternalNativeCmakeOptions         : loaded 3 times (x 82B)
Class com.android.build.api.component.impl.features.NativeBuildCreationConfigImpl     : loaded 3 times (x 76B)
Class com.android.build.api.variant.JavaCompilation                                   : loaded 3 times (x 66B)
Class com.android.build.api.variant.impl.VariantImpl                                  : loaded 3 times (x 352B)
Class com.android.build.api.variant.impl.InternalVariantBuilder                       : loaded 3 times (x 66B)
Class org.jetbrains.kotlin.gradle.plugin.mpp.KotlinUsages$KotlinMetadataDisambiguation: loaded 3 times (x 72B)
Class org.jetbrains.kotlin.gradle.plugin.diagnostics.checkers.KotlinTargetAlreadyDeclaredChecker: loaded 3 times (x 70B)
Class org.jetbrains.kotlin.gradle.plugin.KotlinTargetPreset                           : loaded 3 times (x 66B)
Class org.jetbrains.kotlin.gradle.plugin.mpp.KotlinUsages$KotlinJavaRuntimeJarsCompatibility: loaded 3 times (x 72B)
Class com.android.build.api.variant.impl.VariantImpl$shadersCreationConfig$2          : loaded 3 times (x 75B)
Class org.jetbrains.kotlin.gradle.utils.FileUtilsKt$localProperties$1                 : loaded 3 times (x 71B)
Class [Lcom.android.build.gradle.ProguardFiles$ProguardFile;                          : loaded 3 times (x 65B)
Class com.android.build.gradle.internal.ide.v2.NativeModelBuilder$scopes$2            : loaded 3 times (x 75B)
Class com.android.build.api.dsl.SingleVariant                                         : loaded 3 times (x 66B)
Class com.android.build.gradle.internal.dsl.BundleOptionsLanguage$AgpDecorated        : loaded 3 times (x 77B)
Class com.android.build.gradle.internal.plugins.BasePlugin$configureProject$5         : loaded 3 times (x 70B)
Class com.android.build.gradle.internal.lint.LintFixBuildService                      : loaded 3 times (x 71B)
Class org.jetbrains.kotlin.gradle.plugin.mpp.KotlinAndroidTargetVariantDsl            : loaded 3 times (x 66B)
Class com.google.wireless.android.sdk.stats.GradleBuildProject                        : loaded 3 times (x 255B)
Class com.google.wireless.android.sdk.stats.GradleBuildProfileSpan$ExecutionType      : loaded 3 times (x 83B)
Class com.android.build.gradle.internal.errors.SyncIssueReporterImpl$GlobalSyncIssueService: loaded 3 times (x 78B)
Class com.android.build.gradle.internal.errors.DeprecationReporterImpl                : loaded 3 times (x 78B)
Class com.android.build.gradle.options.ProjectOptions                                 : loaded 3 times (x 68B)
Class com.android.build.gradle.options.ProjectOptionService$Params                    : loaded 3 times (x 66B)
Class org.jetbrains.kotlin.gradle.plugin.sources.android.AndroidBaseSourceSetName$AndroidTest: loaded 3 times (x 68B)
Class com.android.build.gradle.internal.services.RunOnceBuildServiceImpl$ActionName   : loaded 3 times (x 68B)
Class com.android.build.api.variant.impl.TaskProviderBasedDirectoryEntryImpl          : loaded 3 times (x 79B)
Class com.android.tools.build.jetifier.core.utils.LogLevel                            : loaded 3 times (x 75B)
Class [Lcom.android.tools.build.jetifier.core.utils.LogLevel;                         : loaded 3 times (x 65B)
Class com.google.gson.internal.$Gson$Types$ParameterizedTypeImpl                      : loaded 3 times (x 77B)
Class com.android.tools.build.jetifier.processor.transform.proguard.ProGuardClassFilterParser$replacer$1: loaded 3 times (x 75B)
Class com.android.build.api.artifact.impl.ScopedArtifactsImpl$ScopedArtifactsContainer: loaded 3 times (x 68B)
Class com.android.build.gradle.tasks.ProcessManifestForInstantAppTask$CreationAction$handleProvider$2: loaded 3 times (x 123B)
Class com.google.common.collect.ImmutableRangeSet$1                                   : loaded 3 times (x 205B)
Class com.android.build.gradle.internal.tasks.factory.features.ResValuesTaskCreationActionImpl: loaded 3 times (x 71B)
Class com.android.build.api.variant.JniLibsPackaging                                  : loaded 3 times (x 66B)
Class com.android.build.api.variant.JniLibsTestedComponentPackaging                   : loaded 3 times (x 66B)
Class com.android.build.gradle.internal.cxx.configure.GradleLocalPropertiesKt$gradleLocalProperties$propertiesContent$1: loaded 3 times (x 71B)
Class com.android.builder.model.v2.ide.CodeShrinker                                   : loaded 3 times (x 75B)
Class com.android.build.gradle.internal.DependencyConfigurator$configureVariantTransforms$3$1$1: loaded 3 times (x 71B)
Class org.jetbrains.kotlin.gradle.targets.js.dsl.KotlinWasmWasiTargetDsl              : loaded 3 times (x 66B)
Class org.jetbrains.kotlin.tooling.core.Extras$Entry$Companion                        : loaded 3 times (x 67B)
Class org.jetbrains.plugins.gradle.model.DependencyAccessorsModel                     : loaded 3 times (x 66B)
Class org.gradle.accessors.dm.LibrariesForLibsInPluginsBlock$AndroidxLibraryAccessors : loaded 3 times (x 78B)
Class com.android.build.gradle.internal.plugins.AppPlugin$ApplicationAndroidComponentsExtensionImplCompat: loaded 3 times (x 103B)
Class com.android.build.api.dsl.ApplicationBuildFeatures                              : loaded 3 times (x 66B)
Class com.android.build.api.dsl.ApplicationVariantDimension                           : loaded 3 times (x 66B)
Class com.android.build.gradle.internal.plugins.BasePlugin$taskManagerConfig$2        : loaded 3 times (x 75B)
Class com.google.gson.internal.bind.JsonAdapterAnnotationTypeAdapterFactory           : loaded 3 times (x 71B)
Class com.android.build.gradle.internal.dependency.GenericTransformParameters         : loaded 3 times (x 66B)
Class com.android.build.gradle.internal.utils.AnalyticsEnabledValueSource$Params_Decorated: loaded 3 times (x 130B)
Class org.jetbrains.kotlin.gradle.plugin.KotlinCompilationInfo$TCS                    : loaded 3 times (x 85B)
Class org.jetbrains.kotlin.gradle.plugin.mpp.DefaultKotlinCompilationOutput$allOutputs$1$1: loaded 3 times (x 71B)
Class com.android.build.gradle.internal.AndroidTestTaskManager$createConnectedTestForVariant$1: loaded 3 times (x 71B)
Class com.android.build.gradle.internal.testing.utp.UtpDependency$11                  : loaded 3 times (x 123B)
Class com.android.build.gradle.internal.tasks.CompileArtProfileTask$CreationAction$handleProvider$1: loaded 3 times (x 123B)
Class com.android.build.gradle.internal.tasks.SigningConfigVersionsWriterTask$CreationAction$handleProvider$1: loaded 3 times (x 123B)
Class com.android.build.gradle.internal.res.LinkApplicationAndroidResourcesTask$BaseCreationAction$handleProvider$1: loaded 3 times (x 123B)
Class com.android.build.gradle.internal.dependency.VariantDependencies$computeLocalFileDependencies$1: loaded 3 times (x 76B)
Class com.android.builder.dexing.DexingType                                           : loaded 3 times (x 75B)
Class com.android.tools.build.jetifier.processor.transform.proguard.ProGuardClassSpecParser$bodyReplacers$9: loaded 3 times (x 75B)
Class com.android.build.gradle.internal.tasks.factory.VariantTaskCreationAction       : loaded 3 times (x 86B)
Class com.android.build.api.variant.impl.FileBasedDirectoryEntryImpl$asFiles$1        : loaded 3 times (x 71B)
Class com.android.build.api.component.impl.DeviceTestImpl$resValues$2                 : loaded 3 times (x 75B)
Class com.android.build.api.variant.impl.TestedApkPackagingImpl                       : loaded 3 times (x 91B)
Class org.jetbrains.kotlin.gradle.plugin.mpp.HasBinaries                              : loaded 3 times (x 66B)
Class org.jetbrains.kotlin.gradle.dsl.KotlinCommonOptions                             : loaded 3 times (x 66B)
Class org.jetbrains.kotlin.gradle.plugin.KotlinCompilerArgumentsProducer              : loaded 3 times (x 66B)
Class org.jetbrains.kotlin.build.report.metrics.ValueType                             : loaded 3 times (x 75B)
Class com.android.build.gradle.internal.profile.AnalyticsService$Params               : loaded 3 times (x 66B)
Class com.android.build.gradle.internal.tasks.factory.TaskProviderCallback            : loaded 3 times (x 66B)
Class com.android.build.gradle.internal.services.FakeDependencyJarBuildService$FakeDependencyJarCreator$Params_Decorated: loaded 3 times (x 132B)
Class com.android.build.gradle.internal.services.FakeDependencyJarBuildService$FakeDependencyJarCreator: loaded 3 times (x 76B)
Class com.android.build.gradle.internal.tasks.factory.BootClasspathConfigImpl$filteredBootClasspath$2: loaded 3 times (x 75B)
Class com.android.build.gradle.internal.dsl.BundleOptionsAiModelVersion$AgpDecorated  : loaded 3 times (x 81B)
Class com.android.build.gradle.internal.dsl.decorator.ApplicationInstallationImpl$AgpDecorated_Decorated: loaded 3 times (x 149B)
Class [Lcom.android.resources.Density;                                                : loaded 3 times (x 65B)
Class com.android.build.gradle.internal.dsl.ExternalNativeBuildOptions_Decorated      : loaded 3 times (x 139B)
Class org.jetbrains.kotlin.gradle.plugin.KotlinAndroidPlugin$Companion$dynamicallyApplyWhenAndroidPluginIsApplied$3: loaded 3 times (x 71B)
Class com.android.build.gradle.internal.dsl.DependencyVariantSelectionImpl            : loaded 3 times (x 74B)
Class com.android.build.gradle.internal.variant.BaseVariantFactory$Companion          : loaded 3 times (x 67B)
Class com.android.build.gradle.internal.ide.dependencies.LibraryDependencyCacheBuildService$RegistrationAction: loaded 3 times (x 70B)
Class com.android.utils.DateProvider$1                                                : loaded 3 times (x 71B)
Class com.google.gson.internal.bind.MapTypeAdapterFactory$Adapter                     : loaded 3 times (x 70B)
Class com.google.gson.internal.sql.SqlTimeTypeAdapter$1                               : loaded 3 times (x 71B)
Class com.android.build.gradle.internal.variant.BaseVariantFactory                    : loaded 3 times (x 102B)
Class com.android.build.gradle.internal.ExtraModelInfo                                : loaded 3 times (x 78B)
Class com.android.build.gradle.internal.manifest.LazyManifestParser$manifestData$1    : loaded 3 times (x 71B)
Class com.android.build.api.component.impl.ComponentBuilderImpl                       : loaded 3 times (x 88B)
Class com.android.build.gradle.internal.ide.dependencies.MavenCoordinatesCacheBuildService$Parameters_Decorated: loaded 3 times (x 130B)
Class com.android.build.gradle.internal.services.BaseServicesImpl$kotlinServices$2    : loaded 3 times (x 75B)
Class com.android.build.api.dsl.TestVariantDimension                                  : loaded 3 times (x 66B)
Class com.android.build.gradle.internal.dsl.ProductFlavorFactory                      : loaded 3 times (x 73B)
Class com.android.build.gradle.internal.dsl.Splits                                    : loaded 3 times (x 86B)
Class com.android.build.api.artifact.impl.ArtifactsImpl$1                             : loaded 3 times (x 74B)
Class com.android.build.gradle.internal.dsl.BuildType$AgpDecorated_Decorated          : loaded 3 times (x 449B)
Class com.google.common.collect.Range                                                 : loaded 3 times (x 83B)
Class com.android.build.gradle.internal.tasks.BaseTask                                : loaded 3 times (x 317B)
Class com.android.build.gradle.internal.plugins.BasePlugin$createTasks$2              : loaded 3 times (x 73B)
Class org.jetbrains.kotlin.gradle.plugin.VariantImplementationFactories               : loaded 3 times (x 71B)
Class org.jetbrains.kotlin.tooling.core.ExtrasProperty                                : loaded 3 times (x 66B)
Class org.jetbrains.kotlin.gradle.utils.WhenPluginEnabledKt                           : loaded 3 times (x 67B)
Class org.jetbrains.kotlin.gradle.plugin.mpp.KotlinVariant                            : loaded 3 times (x 97B)
Class org.jetbrains.kotlin.gradle.plugin.mpp.KotlinTargetSoftwareComponent            : loaded 3 times (x 85B)
Class org.jetbrains.kotlin.gradle.plugin.sources.android.AndroidVariantType           : loaded 3 times (x 75B)
Class [Lorg.jetbrains.kotlin.gradle.plugin.sources.android.AndroidVariantType;        : loaded 3 times (x 65B)
Class org.jetbrains.kotlin.gradle.plugin.sources.android.configurator.SingleTargetSourceDirConfigurator$configure$1: loaded 3 times (x 71B)
Class org.jetbrains.kotlin.gradle.plugin.diagnostics.checkers.MissingNativeStdlibChecker$runChecks$1: loaded 3 times (x 84B)
Class com.android.build.gradle.internal.core.dsl.impl.ConsumableComponentDslInfoImpl$buildConfigDslInfo$2: loaded 3 times (x 75B)
Class com.android.build.api.variant.impl.ApplicationVariantBuilderImpl$dependenciesInfo$2: loaded 3 times (x 75B)
Class com.android.build.api.variant.impl.ApplicationVariantBuilderImpl$androidTest$2  : loaded 3 times (x 75B)
Class com.android.build.api.component.impl.ComponentImpl$providedOnlyClasspath$2      : loaded 3 times (x 75B)
Class com.android.build.gradle.tasks.ExtractDeepLinksTask$BaseCreationAction$handleProvider$1: loaded 3 times (x 123B)
Class [Lcom.android.build.api.artifact.Artifact;                                      : loaded 3 times (x 65B)
Class com.android.build.gradle.internal.scope.ArtifactPublishingUtil$publishArtifactToConfiguration$1$1$1: loaded 3 times (x 71B)
Class com.android.build.gradle.internal.scope.InternalArtifactType$DATA_BINDING_BASE_CLASS_LOG_ARTIFACT: loaded 3 times (x 70B)
Class org.jetbrains.kotlin.gradle.tasks.configuration.BaseKotlinCompileConfig$1$classpathConfiguration$1: loaded 3 times (x 71B)
Class com.android.build.gradle.internal.testing.utp.UtpDependency$12                  : loaded 3 times (x 123B)
Class com.android.build.gradle.internal.dependency.SubtractingArtifactCollection$SubtractingArtifactResult$removedFiles$1: loaded 3 times (x 75B)
Class com.android.build.gradle.internal.tasks.PerModuleBundleTask                     : loaded 3 times (x 339B)
Class com.android.build.gradle.internal.tasks.CompileArtProfileTask$CreationAction$handleProvider$2: loaded 3 times (x 123B)
Class com.android.build.gradle.internal.scope.InternalArtifactType$MERGED_SHADERS     : loaded 3 times (x 70B)
Class com.android.build.gradle.tasks.GenerateResValues                                : loaded 3 times (x 326B)
Class com.android.build.gradle.internal.tasks.PrepareLintJarForPublish$CreationAction$handleProvider$1: loaded 3 times (x 123B)
Class com.android.tools.build.jetifier.processor.transform.proguard.ProGuardClassFilterParser$Companion: loaded 3 times (x 67B)
Class com.android.tools.build.jetifier.processor.TimestampsPolicy                     : loaded 3 times (x 68B)
Class com.android.build.gradle.internal.tasks.featuresplit.PackagedDependenciesWriterTask$CreationAction: loaded 3 times (x 86B)
Class com.android.build.gradle.internal.core.dsl.impl.features.NativeBuildDslInfoImpl$mergeOptions$1: loaded 3 times (x 74B)
Class com.android.build.api.attributes.BuildTypeAttr$Impl                             : loaded 3 times (x 84B)
Class [Lcom.android.build.gradle.internal.dsl.ModulePropertyKey$BooleanWithDefault;   : loaded 3 times (x 65B)
Class com.android.build.gradle.internal.profile.ProfilingMode$Companion               : loaded 3 times (x 67B)
Class org.jetbrains.kotlin.gradle.targets.js.npm.NpmDependencyExtensionDelegate       : loaded 3 times (x 163B)
Class org.jetbrains.kotlin.gradle.plugin.sources.FragmentConsistencyChecker           : loaded 3 times (x 68B)
Class org.jetbrains.kotlin.gradle.dsl.DefaultToolchainSupport_Decorated               : loaded 3 times (x 120B)
Class org.jetbrains.kotlin.gradle.plugin.HasProject                                   : loaded 3 times (x 66B)
Class org.jetbrains.kotlin.gradle.report.BuildMetricsService$Companion                : loaded 3 times (x 67B)
Class org.jetbrains.kotlin.gradle.tasks.KotlinCompileTool                             : loaded 3 times (x 66B)
Class org.jetbrains.kotlin.gradle.plugin.PropertiesProvider$PropertyNames             : loaded 3 times (x 67B)
Class org.jetbrains.kotlin.gradle.utils.GradleUtilsKt                                 : loaded 3 times (x 67B)
Class org.jetbrains.kotlin.gradle.plugin.VariantImplementationFactories$Parameters_Decorated: loaded 3 times (x 130B)
Class org.jetbrains.kotlin.gradle.plugin.internal.MavenPluginConfigurator$DefaultMavenPluginConfiguratorVariantFactory: loaded 3 times (x 72B)
Class com.android.build.gradle.internal.services.VariantBuilderServices               : loaded 3 times (x 66B)
Class com.android.build.api.extension.impl.OperationsRegistrar                        : loaded 3 times (x 68B)
Class com.android.tools.lint.model.LintModelSeverity                                  : loaded 3 times (x 75B)
Class com.android.build.gradle.internal.dsl.BundleOptionsAbi$AgpDecorated             : loaded 3 times (x 77B)
Class com.android.build.gradle.internal.dsl.ApplicationAndroidResourcesImpl$AgpDecorated: loaded 3 times (x 131B)
Class com.android.builder.core.AbstractProductFlavor$DimensionRequest                 : loaded 3 times (x 68B)
Class com.android.build.gradle.internal.variant.BaseVariantData                       : loaded 3 times (x 68B)
Class com.android.build.gradle.internal.dsl.LintImpl                                  : loaded 3 times (x 204B)
Class com.android.build.api.dsl.SigningConfig                                         : loaded 3 times (x 66B)
Class com.android.io.CancellableFileIo                                                : loaded 3 times (x 67B)
Class com.google.protobuf.Descriptors$FieldDescriptor                                 : loaded 3 times (x 84B)
Class com.android.build.gradle.internal.errors.SyncIssueReporterImpl$GlobalSyncIssueService$Parameters: loaded 3 times (x 66B)
Class com.android.build.api.variant.ExternalNativeBuild                               : loaded 3 times (x 66B)
Class com.android.build.api.variant.ComponentIdentity                                 : loaded 3 times (x 66B)
Class com.android.build.gradle.internal.testing.ManagedDeviceRegistry                 : loaded 3 times (x 71B)
Class com.android.build.gradle.internal.dsl.BaseAppModuleExtension                    : loaded 3 times (x 439B)
Class com.android.build.gradle.AndroidConfig                                          : loaded 3 times (x 66B)
Class com.android.build.gradle.internal.tasks.ApplicationTaskManager                  : loaded 3 times (x 80B)
Class com.android.build.gradle.internal.core.dsl.impl.InstrumentedTestDslInfoImpl     : loaded 3 times (x 76B)
Class com.android.build.gradle.tasks.CompatibleScreensManifest$CreationAction$handleProvider$1: loaded 3 times (x 123B)
Class com.android.build.gradle.tasks.ProcessManifestForInstantAppTask$CreationAction$handleProvider$1: loaded 3 times (x 123B)
Class com.android.build.api.artifact.SingleArtifact$RUNTIME_SYMBOL_LIST               : loaded 3 times (x 70B)
Class com.android.build.gradle.internal.scope.InternalArtifactType$EXTERNAL_LIBS_DEX_ARCHIVE_WITH_ARTIFACT_TRANSFORMS: loaded 3 times (x 70B)
Class com.android.build.gradle.internal.scope.InternalArtifactType$APK_IDE_REDIRECT_FILE: loaded 3 times (x 70B)
Class com.android.build.gradle.internal.scope.InternalArtifactType$BUNDLE_IDE_REDIRECT_FILE: loaded 3 times (x 70B)
Class com.android.build.gradle.internal.testing.utp.UtpDependency$9                   : loaded 3 times (x 123B)
Class org.jetbrains.kotlin.gradle.plugin.mpp.compilationImpl.KotlinCompilationSourceSetInclusion$Companion: loaded 3 times (x 67B)
Class org.jetbrains.kotlin.compilerRunner.UsesCompilerSystemPropertiesService         : loaded 3 times (x 66B)
Class com.android.build.gradle.internal.VariantTaskManager$createAnchorAssembleTasks$4: loaded 3 times (x 71B)
Class com.android.build.gradle.internal.publishing.PublishingSpecs$VariantSpec        : loaded 3 times (x 66B)
Class com.android.build.api.artifact.SingleArtifact$AAR                               : loaded 3 times (x 70B)
Class com.android.build.api.component.impl.DeviceTestImpl$renderscriptCreationConfig$2: loaded 3 times (x 75B)
Class [Lcom.android.build.api.artifact.Artifact$Single;                               : loaded 3 times (x 65B)
Class com.google.common.collect.RangeSet                                              : loaded 3 times (x 66B)
Class com.android.build.api.variant.impl.ManifestFilesImpl                            : loaded 3 times (x 76B)
Class [Lcom.android.builder.model.v2.ide.LibraryType;                                 : loaded 3 times (x 65B)
Class com.android.builder.model.v2.ide.LibraryType                                    : loaded 3 times (x 75B)
Class com.android.build.gradle.internal.tasks.AppPreBuildTask$Companion               : loaded 3 times (x 67B)
Class com.android.build.gradle.internal.dsl.BaseAppModuleExtensionInternal            : loaded 3 times (x 439B)
Class com.android.build.gradle.internal.component.PublishableCreationConfig           : loaded 3 times (x 66B)
Class com.android.build.gradle.internal.plugins.BasePlugin$variantFactory$2           : loaded 3 times (x 75B)
Class com.android.build.gradle.options.FeatureStage                                   : loaded 3 times (x 68B)
Class com.android.build.gradle.tasks.MergeSourceSetFolders$MergeJniLibFoldersCreationAction$handleProvider$1: loaded 3 times (x 123B)
Class com.android.build.api.variant.impl.SigningConfigImpl$enableV4Signing$1          : loaded 3 times (x 71B)
Class com.android.tools.analytics.CommonMetricsData                                   : loaded 3 times (x 67B)
Class com.android.build.gradle.internal.dsl.MultiDexConfigImpl                        : loaded 3 times (x 76B)
Class com.android.build.gradle.tasks.ProcessTestManifest$CreationAction$handleProvider$2: loaded 3 times (x 123B)
Class org.jetbrains.kotlin.gradle.tasks.configuration.BaseKotlinCompileConfig         : loaded 3 times (x 68B)
Class org.jetbrains.kotlin.gradle.plugin.mpp.compilationImpl.factory.KotlinCompilationImplFactory$KotlinCompilationTaskNamesContainerFactory: loaded 3 times (x 66B)
Class com.android.build.gradle.internal.testing.utp.UtpDependency$13                  : loaded 3 times (x 123B)
Class com.android.build.gradle.internal.services.TaskCreationServicesImpl$sam$java_util_concurrent_Callable$0: loaded 3 times (x 71B)
Class com.android.build.gradle.internal.tasks.CompileArtProfileTask$CreationAction$handleProvider$3: loaded 3 times (x 123B)
Class com.android.build.gradle.internal.tasks.OptimizeResourcesTask$CreateAction$handleProvider$operationRequest$1: loaded 3 times (x 123B)
Class com.android.build.gradle.internal.tasks.BundleIdeModelProducerTask$CreationAction$handleProvider$1: loaded 3 times (x 123B)
Class com.android.tools.r8.Version                                                    : loaded 3 times (x 67B)
Class com.android.build.gradle.internal.scope.InternalArtifactType$AP_GENERATED_SOURCES: loaded 3 times (x 70B)
Class com.android.build.api.variant.impl.ResourcesPackagingImpl                       : loaded 3 times (x 76B)
Class com.android.build.gradle.tasks.ProcessPackagedManifestTask$CreationAction       : loaded 3 times (x 86B)
Class com.android.build.api.artifact.impl.InAndOutDirectoryOperationRequestImpl$Companion: loaded 3 times (x 67B)
Class com.android.build.gradle.tasks.ProcessManifestForMetadataFeatureTask$CreationAction$handleProvider$1: loaded 3 times (x 123B)
Class com.android.build.api.variant.impl.TaskProviderBasedDirectoryEntryImpl$asFiles$1: loaded 3 times (x 70B)
Class [Lcom.android.builder.compiling.BuildConfigType;                                : loaded 3 times (x 65B)
Class com.android.build.gradle.internal.core.dsl.impl.InstrumentedTestDslInfoImpl$functionalTest$fromFlavor$1: loaded 3 times (x 74B)
Class com.android.build.gradle.internal.core.dsl.impl.AndroidTestComponentDslInfoImpl : loaded 3 times (x 147B)
Class com.android.build.gradle.internal.core.dsl.impl.ApplicationVariantDslInfoImpl$versionCode$2$2: loaded 3 times (x 71B)
Class com.android.build.gradle.internal.core.dsl.impl.features.NativeBuildDslInfoImpl$mergeOptions$2: loaded 3 times (x 74B)
Class com.android.build.api.variant.AndroidResources                                  : loaded 3 times (x 66B)
Class com.android.build.api.variant.HostTest                                          : loaded 3 times (x 66B)
Class [Lcom.android.build.gradle.internal.publishing.AndroidArtifacts$PublishedConfigType;: loaded 3 times (x 65B)
Class com.android.build.gradle.internal.attributes.VariantAttr$Impl                   : loaded 3 times (x 84B)
Class com.android.build.gradle.internal.core.dsl.impl.features.DexingDslInfoImpl      : loaded 3 times (x 73B)
Class org.jetbrains.kotlin.gradle.plugin.internal.DefaultIdeaSyncDetector$isInIdeaSync$1: loaded 3 times (x 71B)
Class org.jetbrains.kotlin.gradle.plugin.KotlinAndroidPlugin$apply$2$1                : loaded 3 times (x 75B)
Class org.jetbrains.kotlin.gradle.plugin.sources.android.configurator.MultiplatformLayoutV1SourceDirConfigurator: loaded 3 times (x 71B)
Class [Lorg.jetbrains.kotlin.gradle.plugin.sources.android.configurator.KotlinAndroidSourceSetConfigurator;: loaded 3 times (x 65B)
Class org.jetbrains.kotlin.gradle.plugin.mpp.KotlinAndroidTarget_Decorated            : loaded 3 times (x 207B)
Class org.jetbrains.kotlin.gradle.plugin.KotlinAndroidPlugin$Companion$dynamicallyApplyWhenAndroidPluginIsApplied$2$1: loaded 3 times (x 71B)
Class org.jetbrains.kotlin.gradle.ExperimentalKotlinGradlePluginApi                   : loaded 3 times (x 66B)
Class org.jetbrains.kotlin.statistics.metrics.NumberAnonymizationPolicy$SAFE          : loaded 3 times (x 81B)
Class [Lorg.jetbrains.kotlin.build.report.metrics.BuildTime;                          : loaded 3 times (x 65B)
Class org.jetbrains.kotlin.gradle.dsl.KotlinAndroidProjectExtension                   : loaded 3 times (x 91B)
Class com.android.build.gradle.internal.lint.AndroidLintGlobalTask$GlobalCreationAction$Companion: loaded 3 times (x 67B)
Class com.android.build.gradle.internal.tasks.LintCompile$CreationAction              : loaded 3 times (x 87B)
Class com.android.build.gradle.internal.dsl.AndroidTestImpl$AgpDecorated              : loaded 3 times (x 76B)
Class com.android.build.gradle.internal.dsl.PostProcessingBlock                       : loaded 3 times (x 116B)
Class com.android.build.gradle.internal.tasks.factory.GlobalTaskCreationConfigImpl$testOptionExecutionEnum$2: loaded 3 times (x 75B)
Class com.android.build.gradle.internal.dsl.BundleOptionsCodeTransparency$AgpDecorated_Decorated: loaded 3 times (x 125B)
Class com.android.build.gradle.internal.dsl.ManagedDevices$localDevices$1$1           : loaded 3 times (x 71B)
Class com.android.build.gradle.internal.dsl.AarMetadataImpl$AgpDecorated              : loaded 3 times (x 87B)
Class com.android.build.gradle.internal.dsl.AnnotationProcessorOptions$AgpDecorated_Decorated: loaded 3 times (x 149B)
Class com.android.resources.Density                                                   : loaded 3 times (x 88B)
Class com.android.build.gradle.internal.dsl.decorator.SupportedPropertyType           : loaded 3 times (x 69B)
Class com.android.build.gradle.internal.dsl.InternalSigningConfig                     : loaded 3 times (x 66B)
Class com.android.build.gradle.internal.dependency.JacocoInstrumentationService       : loaded 3 times (x 77B)
Class com.android.build.gradle.internal.ide.v2.GlobalSyncService$Parameters_Decorated : loaded 3 times (x 130B)
Class com.android.tools.analytics.StubbableLazy                                       : loaded 3 times (x 72B)
Class com.android.build.gradle.internal.tasks.Workers$ProfileAwareExecutorServiceAdapter: loaded 3 times (x 83B)
Class com.android.build.gradle.internal.profile.TaskMetadata                          : loaded 3 times (x 68B)
Class com.android.build.gradle.internal.scope.ProjectInfo$Companion                   : loaded 3 times (x 67B)
Class com.google.gson.internal.bind.DefaultDateTypeAdapter$DateType                   : loaded 3 times (x 69B)
Class com.google.protobuf.Internal$EnumLite                                           : loaded 3 times (x 66B)
Class com.android.build.gradle.internal.AbstractAppTaskManager                        : loaded 3 times (x 80B)
Class com.android.build.gradle.internal.scope.BootClasspathBuilder$computeClasspath$1 : loaded 3 times (x 71B)
Class com.android.build.gradle.internal.plugins.VersionCheckPlugin                    : loaded 3 times (x 70B)
Class com.android.build.gradle.internal.api.ApkVariantImpl                            : loaded 3 times (x 245B)
Class com.android.build.gradle.internal.dsl.AnnotationProcessorOptions$AgpDecorated   : loaded 3 times (x 102B)
Class com.android.build.gradle.internal.plugins.BasePlugin$buildOutputs$2$1           : loaded 3 times (x 74B)
Class org.jetbrains.kotlin.gradle.plugin.mpp.compilationImpl.KotlinCompilationFriendPathsResolver: loaded 3 times (x 66B)
Class com.android.build.gradle.internal.plugins.BasePlugin$createTasks$1              : loaded 3 times (x 71B)
Class com.android.build.gradle.internal.tasks.NonIncrementalGlobalTask                : loaded 3 times (x 318B)
Class org.jetbrains.kotlin.gradle.plugin.internal.CustomPropertiesFileValueSource$Inject: loaded 3 times (x 109B)
Class org.jetbrains.kotlin.gradle.plugin.DefaultKotlinBasePlugin$setupAttributeMatchingStrategy$1$2: loaded 3 times (x 75B)
Class org.jetbrains.kotlin.gradle.utils.ForEachAndroidVariantKt$sam$org_gradle_api_Action$0: loaded 3 times (x 71B)
Class org.jetbrains.kotlin.gradle.internal.KotlinDependenciesManagementKt             : loaded 3 times (x 67B)
Class com.android.build.gradle.internal.core.dsl.impl.DslInfoUtilsKt                  : loaded 3 times (x 67B)
Class com.android.build.api.variant.AndroidTestBuilder                                : loaded 3 times (x 66B)
Class com.android.build.gradle.internal.utils.ApkSources                              : loaded 3 times (x 68B)
Class com.android.build.gradle.internal.component.features.BuildConfigCreationConfig  : loaded 3 times (x 66B)
Class com.android.build.api.variant.BuildConfigField                                  : loaded 3 times (x 68B)
Class com.android.build.gradle.internal.core.dsl.NestedComponentDslInfo               : loaded 3 times (x 66B)
Class com.android.build.api.component.impl.DefaultSourcesProviderImpl$getBaselineProfiles$1: loaded 3 times (x 123B)
Class com.google.gson.internal.reflect.ReflectionHelper$RecordSupportedHelper         : loaded 3 times (x 74B)
Class [Lcom.android.builder.dexing.DexingType;                                        : loaded 3 times (x 65B)
Class com.android.build.api.component.impl.ComponentImpl$computeLocalPackagedJars$1   : loaded 3 times (x 76B)
Class com.android.build.gradle.internal.scope.InternalArtifactType$METADATA_APPLICATION_ID: loaded 3 times (x 70B)
Class com.android.build.gradle.internal.tasks.factory.features.AndroidResourcesTaskCreationActionImpl: loaded 3 times (x 71B)
Class com.android.build.gradle.internal.tasks.ProcessJavaResTask$CreationAction$handleProvider$1: loaded 3 times (x 123B)
Class com.android.build.api.variant.impl.ResourcesApkPackagingImpl                    : loaded 3 times (x 76B)
Class org.jetbrains.kotlin.gradle.tasks.configuration.KaptGenerateStubsConfig$Companion: loaded 3 times (x 67B)
Class com.android.build.gradle.internal.publishing.PublishingSpecs$Companion          : loaded 3 times (x 67B)
Class org.jetbrains.kotlin.gradle.internal.KotlinTestDependencyManagementKt$maybeAddTestDependencyCapability$1: loaded 3 times (x 71B)
Class org.jetbrains.kotlin.gradle.plugin.mpp.compilationImpl.factory.DefaultKotlinCompilationDependencyConfigurationsFactory$WithRuntime: loaded 3 times (x 71B)
Class com.android.build.gradle.internal.testing.utp.UtpDependency$14                  : loaded 3 times (x 123B)
Class com.android.build.gradle.internal.tasks.OptimizeResourcesTask$CreateAction$handleProvider$operationRequest$2: loaded 3 times (x 123B)
Class com.android.build.gradle.internal.scope.InternalArtifactType$APK_FROM_BUNDLE_IDE_REDIRECT_FILE: loaded 3 times (x 70B)
Class com.android.build.gradle.internal.tasks.CompileArtProfileTask$CreationAction$handleProvider$4: loaded 3 times (x 123B)
Class com.android.build.gradle.internal.res.LinkApplicationAndroidResourcesTask$BaseCreationAction$handleProvider$4: loaded 3 times (x 123B)
Class com.android.build.api.variant.impl.SourcesImpl$renderscript$2                   : loaded 3 times (x 75B)
Class com.android.build.gradle.internal.core.dsl.impl.features.NativeBuildDslInfoImpl$mergeOptions$3: loaded 3 times (x 74B)
Class com.android.build.gradle.internal.variant.BaseVariantData$WhenMappings          : loaded 3 times (x 67B)
Class com.android.build.api.component.impl.JavaCompilationImpl                        : loaded 3 times (x 71B)
Class com.android.build.api.variant.impl.HostTestBuilderImpl$Companion                : loaded 3 times (x 67B)
Class org.jetbrains.kotlin.gradle.plugin.diagnostics.CheckKotlinGradlePluginConfigurationErrorsKt: loaded 3 times (x 67B)
Class org.jetbrains.kotlin.gradle.plugin.mpp.ApplyUserDefinedAttributesKt             : loaded 3 times (x 67B)
Class org.jetbrains.kotlin.gradle.plugin.sources.android.KotlinAndroidSourceSetLayoutKt$singleTargetAndroidSourceSetLayout$1: loaded 3 times (x 74B)
Class org.jetbrains.kotlin.gradle.plugin.mpp.KotlinJvmAndroidCompilation              : loaded 3 times (x 196B)
Class org.jetbrains.kotlin.gradle.utils.FutureImpl                                    : loaded 3 times (x 76B)
Class org.jetbrains.kotlin.tooling.core.TypeUtils$WhenMappings                        : loaded 3 times (x 67B)
Class [Lorg.jetbrains.kotlin.statistics.metrics.NumericalMetrics;                     : loaded 3 times (x 65B)
Class com.android.build.gradle.internal.dsl.VcsInfoImpl$AgpDecorated_Decorated        : loaded 3 times (x 125B)
Class com.android.build.gradle.internal.dsl.BuildType$AgpDecorated                    : loaded 3 times (x 371B)
Class com.android.build.gradle.internal.services.FakeDependencyJarBuildService$FakeDependencyJarCreator$Inject: loaded 3 times (x 107B)
Class com.android.build.gradle.internal.dsl.DensitySplitOptions$AgpDecorated          : loaded 3 times (x 101B)
Class com.android.build.gradle.internal.dsl.ManagedDevices$localDevices$1$2           : loaded 3 times (x 71B)
Class com.android.build.gradle.internal.dsl.decorator.DslDecorator$ClassInfoVisitor   : loaded 3 times (x 66B)
Class com.android.build.gradle.api.JavaCompileOptions                                 : loaded 3 times (x 66B)
Class org.bouncycastle.jce.provider.BouncyCastleProvider                              : loaded 3 times (x 165B)
Class com.android.build.api.dsl.DynamicFeatureBuildType                               : loaded 3 times (x 66B)
Class com.google.wireless.android.sdk.stats.GradleBuildMemorySampleOrBuilder          : loaded 3 times (x 66B)
Class com.google.gson.internal.bind.ReflectiveTypeAdapterFactory$1                    : loaded 3 times (x 75B)
Class org.jetbrains.kotlin.gradle.tasks.configuration.AbstractKotlinCompileConfig$1   : loaded 3 times (x 75B)
Class org.gradle.accessors.dm.LibrariesForLibs_Decorated                              : loaded 3 times (x 127B)
Class com.android.build.gradle.internal.scope.InternalArtifactType$MERGED_JAVA_RES    : loaded 3 times (x 70B)
Class org.jetbrains.kotlin.gradle.plugin.sources.KotlinDependencyScope                : loaded 3 times (x 75B)
Class com.android.build.gradle.tasks.PackageAndroidArtifact$Companion$MANIFEST_DATA_ISSUE_REPORTER$1: loaded 3 times (x 69B)
Class com.android.build.gradle.internal.testing.utp.UtpDependency$8                   : loaded 3 times (x 123B)
Class com.android.build.gradle.internal.variant.BuildAuthorSpecifiedDefaultBuildTypeComparator: loaded 3 times (x 86B)
Class com.android.build.gradle.internal.lint.VariantWithTests                         : loaded 3 times (x 68B)
Class org.jetbrains.kotlin.gradle.plugin.mpp.compilationImpl.factory.KotlinCompilationImplFactory$ProcessResourcesTaskNameFactory: loaded 3 times (x 66B)
Class org.jetbrains.kotlin.gradle.tasks.KotlinCompilationTask                         : loaded 3 times (x 66B)
Class com.android.build.gradle.internal.VariantTaskManager$createAnchorAssembleTasks$3: loaded 3 times (x 71B)
Class com.android.builder.model.v2.ide.AndroidGradlePluginProjectFlags$BooleanFlag    : loaded 3 times (x 75B)
Class com.android.build.gradle.internal.scope.InternalArtifactType$ANDROID_TEST_LINT_MODEL: loaded 3 times (x 70B)
Class com.android.build.gradle.internal.scope.BuildArtifactSpec                       : loaded 3 times (x 68B)
Class com.android.builder.model.v2.models.ProjectGraph                                : loaded 3 times (x 66B)
Class com.google.common.collect.RangeGwtSerializationDependencies                     : loaded 3 times (x 67B)
Class org.gradle.accessors.dm.LibrariesForLibsInPluginsBlock_Decorated                : loaded 3 times (x 127B)
Class com.android.build.api.component.impl.OldVariantApiLegacySupportImpl$getJavaClasspathArtifacts$1$testedAllClasses$1: loaded 3 times (x 75B)
Class com.android.build.gradle.internal.plugins.BasePlugin$variantManager$2           : loaded 3 times (x 75B)
Class com.android.build.gradle.internal.dependency.AndroidAttributes$toAttributeMapString$$inlined$sortedBy$1: loaded 3 times (x 85B)
Class org.jetbrains.kotlin.gradle.tasks.CompileUsingKotlinDaemonWithNormalization     : loaded 3 times (x 66B)
Class org.jetbrains.kotlin.gradle.plugin.mpp.compilationImpl.factory.KotlinCompilationImplFactory$PostConfigure$Companion: loaded 3 times (x 67B)
Class com.android.build.gradle.internal.cxx.configure.Ninja                           : loaded 3 times (x 68B)
Class com.android.build.gradle.internal.tasks.ExtractApksTask$CreationAction          : loaded 3 times (x 86B)
Class com.android.build.gradle.internal.AndroidTestTaskManager$createConnectedTestForVariant$connectedCheckSerials$1: loaded 3 times (x 70B)
Class com.android.build.api.variant.impl.SigningConfigImpl$keyPassword$1              : loaded 3 times (x 71B)
Class com.android.build.gradle.internal.scope.InternalArtifactType$BUNDLE_IDE_MODEL   : loaded 3 times (x 70B)
Class com.android.build.api.artifact.ScopedArtifact$JAVA_RES                          : loaded 3 times (x 70B)
Class com.android.build.gradle.tasks.GenerateManifestJarTask                          : loaded 3 times (x 327B)
Class com.android.tools.build.jetifier.processor.com.android.tools.build.jetifier.processor.transform.java.JavaTransformer: loaded 3 times (x 73B)
Class com.android.build.api.variant.impl.ManifestFilesImpl$all$1                      : loaded 3 times (x 70B)
Class com.android.build.api.component.impl.DeviceTestImpl$instrumentationRunner$2     : loaded 3 times (x 75B)
Class com.android.build.api.component.impl.DeviceTestImpl_Decorated                   : loaded 3 times (x 752B)
Class com.android.build.api.component.impl.DeviceTestImpl                             : loaded 3 times (x 692B)
Class com.android.build.gradle.internal.core.dsl.impl.features.NativeBuildDslInfoImpl$mergeOptions$4: loaded 3 times (x 74B)
Class com.android.build.api.variant.BundleConfig                                      : loaded 3 times (x 66B)
Class [Lcom.android.build.gradle.internal.dsl.ModulePropertyKey;                      : loaded 3 times (x 65B)
Class com.android.build.api.dsl.LibraryBuildFeatures                                  : loaded 3 times (x 66B)
Class org.jetbrains.kotlin.gradle.targets.js.npm.DefaultDevNpmDependencyExtension     : loaded 3 times (x 141B)
Class [Lorg.jetbrains.kotlin.gradle.plugin.HasKotlinDependencies;                     : loaded 3 times (x 65B)
Class org.jetbrains.kotlin.gradle.tasks.DefaultKotlinJavaToolchain$Companion$wireJvmTargetToToolchain$1: loaded 3 times (x 71B)
Class org.jetbrains.kotlin.gradle.plugin.KotlinPlatformType                           : loaded 3 times (x 78B)
Class org.jetbrains.kotlin.gradle.targets.metadata.KotlinMetadataTargetConfiguratorKt$special$$inlined$futureExtension$1: loaded 3 times (x 75B)
Class org.jetbrains.kotlin.gradle.plugin.KotlinGradleBuildServices$Companion          : loaded 3 times (x 67B)
Class com.android.build.gradle.internal.services.FakeDependencyJarBuildService$Inject : loaded 3 times (x 98B)
Class com.android.build.gradle.internal.dsl.Splits$AgpDecorated                       : loaded 3 times (x 90B)
Class com.android.build.gradle.internal.dsl.decorator.DslDecorator$findAbstractProperties$1$2: loaded 3 times (x 74B)
Class com.android.build.gradle.internal.scope.InternalArtifactType$COMBINED_ART_PROFILE: loaded 3 times (x 70B)
Class com.android.build.api.dsl.BundleDensity                                         : loaded 3 times (x 66B)
Class com.android.builder.internal.BaseConfigImpl                                     : loaded 3 times (x 111B)
Class com.android.build.api.dsl.AndroidSourceSet                                      : loaded 3 times (x 66B)
Class com.android.build.gradle.internal.SdkComponentsBuildService                     : loaded 3 times (x 76B)
Class [Lcom.android.prefs.VariableValue;                                              : loaded 3 times (x 65B)
Class com.android.build.gradle.internal.utils.EnvironmentProviderImpl                 : loaded 3 times (x 74B)
Class com.android.build.gradle.internal.services.Aapt2ThreadPoolBuildService          : loaded 3 times (x 76B)
Class com.google.wireless.android.sdk.stats.GradleBuildProfileSpan$ExecutionType$1    : loaded 3 times (x 72B)
Class com.android.build.gradle.internal.tasks.ListingFileRedirectTask$CreationAction  : loaded 3 times (x 88B)
Class com.google.protobuf.Extension$ExtensionType                                     : loaded 3 times (x 75B)
Class com.google.protobuf.AbstractMessageLite$Builder$LimitedInputStream              : loaded 3 times (x 88B)
Class com.android.build.gradle.options.StringOption                                   : loaded 3 times (x 82B)
Class com.android.builder.model.Dependencies                                          : loaded 3 times (x 66B)
Class com.google.common.util.concurrent.ListeningExecutorService                      : loaded 3 times (x 66B)
Class com.android.build.gradle.tasks.CompatibleScreensManifest$CreationAction         : loaded 3 times (x 86B)
Class com.android.build.gradle.api.FusedLibraryPlugin                                 : loaded 3 times (x 70B)
Class com.google.gson.internal.UnsafeAllocator$3                                      : loaded 3 times (x 69B)
Class com.android.build.gradle.options.FeatureStage$SoftlyEnforced                    : loaded 3 times (x 68B)
Class com.android.tools.build.jetifier.core.utils.StdOutLogConsumer                   : loaded 3 times (x 73B)
Class com.android.build.gradle.internal.plugins.AndroidPluginBaseServices$projectServices$2$1$3: loaded 3 times (x 75B)
Class com.android.build.gradle.internal.profile.AnalyticsConfiguratorService$State    : loaded 3 times (x 75B)
Class com.google.wireless.android.sdk.stats.InstantRunStatus                          : loaded 3 times (x 200B)
Class com.google.protobuf.PrimitiveNonBoxingCollection                                : loaded 3 times (x 66B)
Class com.android.build.gradle.internal.ManagedDeviceUtilsKt$getManagedDeviceAvdFolder$1: loaded 3 times (x 71B)
Class com.android.build.gradle.internal.dsl.AndroidTestImpl                           : loaded 3 times (x 73B)
Class com.android.build.api.dsl.FusedLibraryExtension                                 : loaded 3 times (x 66B)
Class com.android.build.gradle.internal.SdkComponentsKt                               : loaded 3 times (x 67B)
Class com.android.builder.model.v2.ide.AndroidArtifact                                : loaded 3 times (x 66B)
Class com.android.build.api.variant.ResValue                                          : loaded 3 times (x 68B)
Class com.android.build.api.artifact.Artifact$Companion                               : loaded 3 times (x 67B)
Class com.android.build.gradle.internal.dsl.BundleOptionsAbi$AgpDecorated_Decorated   : loaded 3 times (x 125B)
Class com.android.builder.signing.DefaultSigningConfig$Companion                      : loaded 3 times (x 67B)
Class com.android.build.api.variant.impl.SigningConfigImpl                            : loaded 3 times (x 75B)
Class com.android.build.gradle.internal.lint.AndroidLintGlobalTask$UpdateBaselineCreationAction$Companion: loaded 3 times (x 67B)
Class org.jetbrains.kotlin.gradle.plugin.statistics.BuildFlowService$Companion$registerIfAbsent$2: loaded 3 times (x 71B)
Class com.android.build.gradle.internal.dependency.AndroidAttributes$toAttributeMapString$$inlined$sortedBy$2: loaded 3 times (x 85B)
Class org.jetbrains.kotlin.gradle.plugin.BuildFinishedListenerService$Companion$registerIfAbsent$1: loaded 3 times (x 70B)
Class org.jetbrains.kotlin.gradle.plugin.mpp.DefaultKotlinCompilationOutput           : loaded 3 times (x 78B)
Class com.android.build.gradle.internal.variant.DefaultFlavorComparator               : loaded 3 times (x 85B)
Class com.android.build.gradle.internal.tasks.PerModuleReportDependenciesTask$CreationAction$handleProvider$1: loaded 3 times (x 123B)
Class com.android.build.gradle.tasks.PackageApplication$CreationAction$handleProvider$1: loaded 3 times (x 121B)
Class com.android.build.gradle.internal.scope.InternalArtifactType$MODULE_BUNDLE      : loaded 3 times (x 70B)
Class com.android.build.gradle.internal.tasks.featuresplit.FeatureSetMetadataWriterTask$CreationAction: loaded 3 times (x 86B)
Class com.android.build.gradle.internal.tasks.ProcessJavaResTask                      : loaded 3 times (x 578B)
Class com.android.build.gradle.tasks.GenerateManifestJarTask$CreationAction$handleProvider$1: loaded 3 times (x 123B)
Class com.android.build.api.component.impl.features.InstrumentationCreationConfigImpl$projectClassesPostInstrumentation$2: loaded 3 times (x 75B)
Class com.android.build.gradle.internal.AndroidTestTaskManager$createMockableJarTask$1: loaded 3 times (x 71B)
Class com.android.build.gradle.internal.variant.BaseVariantData$DiscoverableFilterType: loaded 3 times (x 76B)
Class com.android.build.api.variant.impl.BundleConfigImpl$metadataFiles$1             : loaded 3 times (x 74B)
Class com.android.build.gradle.internal.component.features.PrivacySandboxCreationConfig: loaded 3 times (x 66B)
Class com.android.build.api.variant.DeviceTestBuilder                                 : loaded 3 times (x 66B)
Class com.android.build.gradle.internal.core.dsl.impl.VariantDslInfoImpl              : loaded 3 times (x 139B)
Class org.jetbrains.kotlin.gradle.plugin.diagnostics.ToolingDiagnosticRenderingOptions$Companion: loaded 3 times (x 67B)
Class org.jetbrains.kotlin.gradle.dsl.KotlinJvmCompilerOptionsHelper                  : loaded 3 times (x 67B)
Class org.jetbrains.kotlin.gradle.tasks.DefaultKotlinJavaToolchain$Companion$wireJvmTargetToToolchain$2: loaded 3 times (x 71B)
Class org.jetbrains.kotlin.gradle.plugin.ProjectLocalConfigurations$ProjectLocalDisambiguation: loaded 3 times (x 72B)
Class org.jetbrains.kotlin.gradle.utils.ExperimentalConifgurationKt$configureExperimentalTryK2$1$1: loaded 3 times (x 70B)
Class org.jetbrains.kotlin.gradle.plugin.KotlinGradleBuildServices$detectKotlinPluginLoadedInMultipleProjects$onRegister$1$1: loaded 3 times (x 71B)
Class org.jetbrains.kotlin.gradle.plugin.internal.IdeaSyncDetector                    : loaded 3 times (x 66B)
Class org.jetbrains.kotlin.gradle.plugin.internal.ConfigurationCacheStartParameterAccessor$Factory: loaded 3 times (x 66B)
Class com.android.build.gradle.internal.dsl.decorator.DslDecorator$findAbstractProperties$1$3: loaded 3 times (x 74B)
Class com.android.build.api.variant.impl.ApplicationVariantImpl                       : loaded 3 times (x 610B)
Class com.android.build.gradle.api.AnnotationProcessorOptions                         : loaded 3 times (x 66B)
Class com.android.build.gradle.internal.dsl.CoreBuildType                             : loaded 3 times (x 66B)
Class com.android.build.gradle.internal.services.FakeDependencyJarBuildService$Params_Decorated: loaded 3 times (x 130B)
Class com.google.gson.ToNumberStrategy                                                : loaded 3 times (x 66B)
Class com.google.gson.TypeAdapter                                                     : loaded 3 times (x 69B)
Class com.android.build.api.attributes.AgpVersionAttr$Impl                            : loaded 3 times (x 84B)
Class com.android.build.gradle.internal.core.dsl.impl.ComponentDslInfoImpl$mergedFlavor$2: loaded 3 times (x 75B)
Class com.android.build.gradle.api.KotlinMultiplatformAndroidPlugin                   : loaded 3 times (x 72B)
Class org.jetbrains.kotlin.gradle.plugin.sources.android.SingleTargetKotlinAndroidSourceSetNaming: loaded 3 times (x 71B)
Class com.android.build.api.variant.HasDeviceTests                                    : loaded 3 times (x 66B)
Class com.android.build.api.dsl.ApplicationBaseFlavor                                 : loaded 3 times (x 66B)
Class org.jetbrains.kotlin.statistics.metrics.NumberOverridePolicy$OVERRIDE           : loaded 3 times (x 81B)
Class [Lorg.jetbrains.kotlin.statistics.metrics.NumberAnonymizationPolicy;            : loaded 3 times (x 65B)
Class org.jetbrains.kotlin.statistics.metrics.NumericalMetrics$Companion              : loaded 3 times (x 67B)
Class org.jetbrains.kotlin.gradle.plugin.DefaultKotlinBasePlugin$setupAttributeMatchingStrategy$1$1: loaded 3 times (x 75B)
Class org.jetbrains.kotlin.gradle.dsl.KotlinTargetContainerWithNativeShortcuts        : loaded 3 times (x 66B)
Class org.jetbrains.kotlin.gradle.plugin.sources.android.configurator.MultiplatformLayoutV2DependsOnConfigurator: loaded 3 times (x 71B)
Class org.jetbrains.kotlin.gradle.plugin.diagnostics.checkers.DuplicateSourceSetChecker: loaded 3 times (x 70B)
Class org.jetbrains.kotlin.gradle.plugin.diagnostics.KotlinGradleProjectCheckerContext: loaded 3 times (x 68B)
Class [Lorg.jetbrains.kotlin.gradle.dsl.PlatformSourceSetConventionsChecker$CheckedPlatformInfo;: loaded 3 times (x 65B)
Class com.android.build.api.instrumentation.InstrumentationScope                      : loaded 3 times (x 75B)
Class com.android.build.gradle.internal.core.dsl.impl.DslInfoCommonKt$initTestApplicationId$2: loaded 3 times (x 70B)
Class com.android.build.gradle.internal.TestFixturesTaskManager                       : loaded 3 times (x 77B)
Class com.android.build.gradle.internal.dependency.VariantDependencies$computeArtifactCollection$2: loaded 3 times (x 71B)
Class com.android.build.gradle.internal.tasks.CheckManifest$CreationAction$handleProvider$1: loaded 3 times (x 123B)
Class com.android.build.gradle.internal.tasks.DexFileDependenciesTask$CreationAction  : loaded 3 times (x 89B)
Class com.android.build.gradle.internal.tasks.factory.AndroidVariantTaskCreationAction: loaded 3 times (x 88B)
Class com.android.build.gradle.internal.testing.utp.UtpDependency$7                   : loaded 3 times (x 123B)
Class com.android.build.gradle.internal.PropertiesValueSource$Params$Inject           : loaded 3 times (x 102B)
Class com.android.build.gradle.internal.cxx.logging.ThreadLoggingEnvironment$Companion: loaded 3 times (x 67B)
Class com.android.build.gradle.internal.dependency.ExtractAarTransform$Inject1        : loaded 3 times (x 105B)
Class org.jetbrains.kotlin.gradle.plugin.mpp.compilationImpl.factory.KotlinJvmCompilerOptionsFactory$create$kotlinOptions$1: loaded 3 times (x 99B)
Class [Lcom.android.build.gradle.internal.dependency.ArtifactCollectionWithExtraArtifact$ExtraArtifactType;: loaded 3 times (x 65B)
Class com.android.build.gradle.internal.scope.InternalArtifactType$SUPPORTED_LOCALE_LIST: loaded 3 times (x 70B)
Class com.android.build.gradle.internal.scope.ArtifactPublishingUtil                  : loaded 3 times (x 67B)
Class org.jetbrains.kotlin.gradle.plugin.AndroidProjectHandler$preprocessVariant$1    : loaded 3 times (x 75B)
Class org.jetbrains.kotlin.gradle.plugin.mpp.compilationImpl.KotlinCompilationSourceSetInclusion$DefaultAddSourcesToCompileTask$addSources$1: loaded 3 times (x 75B)
Class com.android.build.gradle.internal.dependency.BaseDexingTransform                : loaded 3 times (x 76B)
Class com.android.build.gradle.internal.cxx.logging.ThreadLoggingEnvironment$Companion$loggerStack$1: loaded 3 times (x 70B)
Class com.android.build.gradle.internal.PropertiesValueSource                         : loaded 3 times (x 74B)
Class com.android.build.gradle.internal.tasks.MergeStartupProfileTask                 : loaded 3 times (x 327B)
Class com.android.build.gradle.internal.tasks.ExtractNativeDebugMetadataTask$FullCreationAction$handleProvider$1: loaded 3 times (x 123B)
Class com.android.build.api.component.impl.DeviceTestImpl$pseudoLocalesEnabled$2      : loaded 3 times (x 75B)
Class com.android.build.gradle.internal.core.dsl.impl.DslInfoCommonKt                 : loaded 3 times (x 67B)
Class com.android.build.api.variant.impl.ApplicationVariantImpl$signingConfig$2       : loaded 3 times (x 75B)
Class com.android.build.api.variant.impl.VariantOutputList                            : loaded 3 times (x 169B)
Class com.android.build.gradle.internal.services.VariantBuilderServices$Value         : loaded 3 times (x 66B)
Class com.android.build.gradle.internal.variant.VariantPathHelper$renderscriptObjOutputDir$2: loaded 3 times (x 75B)
Class org.jetbrains.kotlin.gradle.plugin.diagnostics.checkers.WasmSourceSetsNotFoundChecker$wasmSourceSetRegex$2: loaded 3 times (x 74B)
Class org.jetbrains.kotlin.gradle.plugin.internal.IdeaPropertiesEvaluator             : loaded 3 times (x 68B)
Class org.jetbrains.kotlin.tooling.core.ExtrasUtilsKt                                 : loaded 3 times (x 67B)
Class org.jetbrains.kotlin.buildtools.api.ExperimentalBuildToolsApi                   : loaded 3 times (x 66B)
Class org.jetbrains.kotlin.gradle.utils.ResourceUtilsKt                               : loaded 3 times (x 67B)
Class org.jetbrains.kotlin.gradle.plugin.KotlinPluginWrapperKt$kotlinPluginVersionFromResources$1: loaded 3 times (x 74B)
Class com.android.build.gradle.internal.dsl.PrivacySandboxImpl$AgpDecorated           : loaded 3 times (x 77B)
Class com.android.build.gradle.internal.core.Abi                                      : loaded 3 times (x 75B)
Class com.android.build.gradle.internal.dsl.DataBindingOptions$AgpDecorated_Decorated : loaded 3 times (x 163B)
Class com.android.build.gradle.internal.api.artifact.SourceArtifactType$ML_MODELS     : loaded 3 times (x 70B)
Class org.jetbrains.kotlin.gradle.tasks.KotlinJavaToolchain                           : loaded 3 times (x 66B)
Class org.jetbrains.kotlin.gradle.plugin.AndroidGradlePluginVersion                   : loaded 3 times (x 71B)
Class com.android.build.gradle.internal.dsl.BundleOptionsAbi                          : loaded 3 times (x 73B)
Class com.android.build.gradle.internal.services.VersionedSdkLoaderService$versionedSdkLoader$2: loaded 3 times (x 75B)
Class com.android.build.gradle.internal.services.ClassesHierarchyBuildService$RegistrationAction: loaded 3 times (x 70B)
Class com.android.build.gradle.internal.services.AndroidLocationsBuildService$AndroidLocations: loaded 3 times (x 78B)
Class com.google.protobuf.CodedInputStream$IterableDirectByteBufferDecoder            : loaded 3 times (x 116B)
Class com.google.protobuf.Internal$DoubleList                                         : loaded 3 times (x 66B)
Class com.android.builder.errors.EvalIssueException                                   : loaded 3 times (x 78B)
Class com.android.build.gradle.api.PrivacySandboxSdkPlugin                            : loaded 3 times (x 70B)
Class com.android.build.gradle.internal.plugins.BasePlugin$globalConfig$2             : loaded 3 times (x 75B)
Class com.android.build.gradle.internal.plugins.BasePlugin$variantApiOperations$2     : loaded 3 times (x 75B)
Class com.android.build.gradle.internal.plugins.AndroidPluginBaseServices$configuratorService$2: loaded 3 times (x 75B)
Class com.android.build.api.variant.GeneratesApk                                      : loaded 3 times (x 66B)
Class com.android.build.gradle.internal.dsl.TestedExtensionImpl                       : loaded 3 times (x 324B)
Class com.android.build.gradle.LibraryPlugin                                          : loaded 3 times (x 72B)
Class com.android.build.gradle.internal.services.BuildServicesKt                      : loaded 3 times (x 67B)
Class org.gradle.accessors.dm.LibrariesForLibsInPluginsBlock$AndroidxCoreLibraryAccessors: loaded 3 times (x 73B)
Class com.android.build.gradle.internal.scope.InternalArtifactType$UNIT_TEST_LINT_MODEL: loaded 3 times (x 70B)
Class org.jetbrains.kotlin.idea.gradleTooling.model.lombok.LombokModel                : loaded 3 times (x 66B)
Class com.android.build.gradle.internal.scope.InternalArtifactType$RUNTIME_LIBRARY_CLASSES_DIR: loaded 3 times (x 70B)
Class org.jetbrains.kotlin.compilerRunner.GradleCompilerRunner$Companion              : loaded 3 times (x 67B)
Class com.android.builder.model.v2.dsl.DependenciesInfo                               : loaded 3 times (x 66B)
Class com.google.common.collect.ImmutableSetMultimap                                  : loaded 3 times (x 176B)
Class com.android.build.gradle.AppPlugin                                              : loaded 3 times (x 72B)
Class org.jetbrains.kotlin.gradle.plugin.KotlinAndroidPluginWrapper                   : loaded 3 times (x 83B)
Class com.google.gson.JsonObject                                                      : loaded 3 times (x 89B)
Class com.android.build.gradle.DynamicFeaturePlugin                                   : loaded 3 times (x 72B)
Class com.android.build.gradle.AppExtension                                           : loaded 3 times (x 215B)
Class com.android.build.gradle.internal.plugins.DslContainerProvider                  : loaded 3 times (x 66B)
Class com.android.build.gradle.internal.plugins.BasePlugin$extension$2                : loaded 3 times (x 75B)
Class com.android.ide.common.blame.SourcePosition                                     : loaded 3 times (x 67B)
Class com.google.gson.internal.LazilyParsedNumber                                     : loaded 3 times (x 74B)
Class com.android.build.gradle.internal.plugins.AndroidPluginBaseServices$projectServices$2$1$2: loaded 3 times (x 75B)
Class com.google.protobuf.CodedInputStream$StreamDecoder                              : loaded 3 times (x 116B)
Class com.android.build.gradle.internal.ide.dependencies.MavenCoordinatesCacheBuildService$RegistrationAction: loaded 3 times (x 70B)
Class com.android.build.gradle.internal.AvdComponentsBuildService$RegistrationAction  : loaded 3 times (x 70B)
Class com.android.build.gradle.internal.services.Aapt2ThreadPoolBuildService$RegistrationAction: loaded 3 times (x 70B)
Class com.android.build.gradle.internal.api.AndroidSourceSetName$Companion            : loaded 3 times (x 67B)
Class com.android.build.gradle.internal.dsl.CommonExtensionImpl$dataBinding$1         : loaded 3 times (x 71B)
Class com.android.builder.model.v2.models.ProjectSyncIssues                           : loaded 3 times (x 66B)
Class org.jetbrains.kotlin.gradle.tasks.configuration.KaptGenerateStubsConfig$Companion$configureLibraries$1: loaded 3 times (x 75B)
Class org.jetbrains.kotlin.gradle.plugin.AndroidProjectHandler$postprocessVariant$2$1 : loaded 3 times (x 71B)
Class org.jetbrains.kotlin.gradle.plugin.AndroidProjectHandler$preprocessVariant$2    : loaded 3 times (x 71B)
Class org.jetbrains.kotlin.gradle.plugin.mpp.compilationImpl.KotlinCompilationSourceSetInclusion$DefaultAddSourcesToCompileTask$addSources$2: loaded 3 times (x 75B)
Class org.jetbrains.kotlin.gradle.tasks.AbstractKotlinCompile                         : loaded 3 times (x 442B)
Class org.jetbrains.kotlin.gradle.plugin.KotlinCompilationOutput                      : loaded 3 times (x 66B)
Class com.android.build.gradle.internal.dependency.AsmClassesTransform$Companion      : loaded 3 times (x 67B)
Class com.android.build.gradle.internal.dependency.AarToClassTransform$Inject1        : loaded 3 times (x 105B)
Class [Lcom.android.build.gradle.internal.cxx.gradle.generator.NativeProjectPath;     : loaded 3 times (x 65B)
Class com.android.build.gradle.tasks.PackageApplication$CreationAction$handleProvider$3: loaded 3 times (x 121B)
Class com.android.build.api.artifact.impl.MultiplePropertyAdapter                     : loaded 3 times (x 75B)
Class com.android.tools.build.jetifier.processor.transform.proguard.patterns.GroupsReplacer: loaded 3 times (x 68B)
Class com.android.tools.build.jetifier.core.type.JavaType$Companion                   : loaded 3 times (x 67B)
Class com.android.tools.build.jetifier.core.config.Config$JsonData                    : loaded 3 times (x 68B)
Class com.android.build.gradle.internal.variant.ComponentInfo                         : loaded 3 times (x 68B)
Class com.android.build.gradle.internal.core.ProductFlavor                            : loaded 3 times (x 68B)
Class com.android.build.gradle.internal.variant.VariantPathHelper$directorySegments$2 : loaded 3 times (x 75B)
Class com.android.build.api.attributes.AgpVersionAttr$ImplFactory                     : loaded 3 times (x 71B)
Class com.android.build.gradle.internal.manifest.ManifestValueSource                  : loaded 3 times (x 75B)
Class org.jetbrains.kotlin.gradle.plugin.diagnostics.CheckKotlinGradlePluginConfigurationErrorsKt$addDependsOnFromTasksThatShouldFailWhenErrorsReported$1: loaded 3 times (x 71B)
Class org.jetbrains.kotlin.gradle.plugin.sources.android.configurator.Agp7AddKotlinSourcesToAndroidSourceSetConfigurator: loaded 3 times (x 71B)
Class org.jetbrains.kotlin.gradle.plugin.KotlinGradleBuildServices$Parameters$Inject  : loaded 3 times (x 104B)
Class org.jetbrains.kotlin.gradle.plugin.KotlinPluginWrapperKt$kotlinPluginVersionFromResources$1$1: loaded 3 times (x 67B)
Class com.android.build.gradle.internal.tasks.factory.TaskCreationAction              : loaded 3 times (x 85B)
Class com.android.build.gradle.internal.core.ExecutionProfileOptions                  : loaded 3 times (x 68B)
Class com.android.build.gradle.internal.dsl.BundleOptionsDeviceTier$AgpDecorated_Decorated: loaded 3 times (x 130B)
Class com.android.build.gradle.internal.dsl.decorator.ApplicationInstallationImpl     : loaded 3 times (x 95B)
Class com.android.build.gradle.internal.dsl.decorator.DslDecorator                    : loaded 3 times (x 68B)
Class com.android.build.api.dsl.PrivacySandbox                                        : loaded 3 times (x 66B)
Class com.android.build.api.dsl.AndroidTest                                           : loaded 3 times (x 66B)
Class com.android.builder.model.DimensionAware                                        : loaded 3 times (x 66B)
Class com.google.gson.internal.bind.DateTypeAdapter                                   : loaded 3 times (x 70B)
Class com.android.build.gradle.internal.AvdComponentsBuildService                     : loaded 3 times (x 72B)
Class com.android.build.gradle.internal.services.FakeDependencyJarBuildService$Params : loaded 3 times (x 66B)
Class com.android.build.gradle.internal.dsl.ApplicationBuildFeaturesImpl_Decorated    : loaded 3 times (x 170B)
Class com.android.build.gradle.internal.dsl.JniLibsPackagingImpl$AgpDecorated_Decorated: loaded 3 times (x 138B)
Class com.android.build.gradle.internal.dsl.DexOptions                                : loaded 3 times (x 99B)
Class com.android.build.gradle.internal.dsl.ManagedDevices_Decorated                  : loaded 3 times (x 126B)
Class com.android.build.gradle.internal.dsl.ApplicationPublishingImpl$AgpDecorated    : loaded 3 times (x 82B)
Class com.android.build.gradle.internal.tasks.factory.BootClasspathConfigImpl$2       : loaded 3 times (x 75B)
Class com.android.build.gradle.internal.dsl.SdkComponentsImpl                         : loaded 3 times (x 80B)
Class com.android.build.gradle.internal.dsl.SigningConfig$AgpDecorated                : loaded 3 times (x 146B)
Class org.jetbrains.kotlin.gradle.logging.GradleLoggingUtilsKt                        : loaded 3 times (x 67B)
Class org.jetbrains.kotlin.gradle.plugin.statistics.KotlinBuildStatHandler            : loaded 3 times (x 67B)
Class org.jetbrains.kotlin.gradle.plugin.statistics.BuildFlowService$Parameters_Decorated: loaded 3 times (x 133B)
Class org.jetbrains.kotlin.gradle.utils.FutureKt                                      : loaded 3 times (x 67B)
Class [Lorg.jetbrains.kotlin.gradle.plugin.sources.android.checker.KotlinAndroidSourceSetLayoutChecker;: loaded 3 times (x 65B)
Class org.jetbrains.kotlin.gradle.plugin.sources.android.KotlinAndroidSourceSetInfo$Mutable: loaded 3 times (x 72B)
Class org.jetbrains.kotlin.gradle.plugin.internal.DefaultIdeaSyncDetector$createIdeaPropertiesEvaluator$1: loaded 3 times (x 68B)
Class com.android.build.gradle.internal.core.dsl.impl.features.OptimizationDslInfoImpl: loaded 3 times (x 77B)
Class com.android.build.api.component.impl.TestFixturesImpl                           : loaded 3 times (x 356B)
Class com.android.build.api.component.impl.LifecycleTasksImpl                         : loaded 3 times (x 71B)
Class com.android.tools.build.jetifier.processor.transform.proguard.ProGuardClassSpecParser: loaded 3 times (x 68B)
Class com.android.build.gradle.internal.dependency.VariantDependencies$computeArtifactCollection$1: loaded 3 times (x 74B)
Class com.android.build.gradle.internal.tasks.ModuleMetadataWriterTask                : loaded 3 times (x 333B)
Class com.android.build.api.component.impl.OldVariantApiLegacySupportImpl$manifestPlaceholdersDslInfo$2: loaded 3 times (x 75B)
Class com.android.build.gradle.tasks.MapSourceSetPathsTask                            : loaded 3 times (x 335B)
Class com.android.build.gradle.internal.tasks.DexMergingTask                          : loaded 3 times (x 333B)
Class com.android.build.gradle.internal.tasks.SigningConfigVersionsWriterTask$CreationAction: loaded 3 times (x 86B)
Class com.android.build.gradle.internal.tasks.ExtractApksTask$CreationAction$handleProvider$2: loaded 3 times (x 123B)
Class com.android.build.gradle.internal.tasks.ClasspathComparisonTask                 : loaded 3 times (x 327B)
Class com.android.build.api.artifact.impl.StorageProviderImpl                         : loaded 3 times (x 68B)
Class com.android.build.gradle.api.LibraryVariant                                     : loaded 3 times (x 66B)
Class org.jetbrains.kotlin.tooling.core.Extras$Entry                                  : loaded 3 times (x 68B)
Class org.jetbrains.kotlin.gradle.plugin.sources.InternalKotlinSourceSetKt            : loaded 3 times (x 67B)
Class com.android.build.gradle.internal.dependency.ExtractProGuardRulesTransform$Inject1: loaded 3 times (x 105B)
Class com.android.build.gradle.internal.scope.InternalArtifactType$APP_INTEGRITY_CONFIG: loaded 3 times (x 70B)
Class com.android.build.gradle.internal.scope.InternalArtifactType$SDK_SPLITS_APKS    : loaded 3 times (x 70B)
Class com.android.build.gradle.internal.tasks.InstallVariantTask                      : loaded 3 times (x 335B)
Class com.android.build.gradle.internal.component.LibraryCreationConfig               : loaded 3 times (x 66B)
Class com.android.build.api.variant.impl.LayeredSourceDirectoriesImpl                 : loaded 3 times (x 88B)
Class com.android.build.api.component.impl.DefaultSourcesProviderImpl                 : loaded 3 times (x 85B)
Class com.android.build.api.variant.VariantOutput                                     : loaded 3 times (x 66B)
Class com.android.build.gradle.internal.variant.VariantPathHelper$kaptKotlinSourceOutputDir$2: loaded 3 times (x 75B)
Class com.android.build.gradle.internal.variant.VariantPathHelper                     : loaded 3 times (x 68B)
Class com.android.build.gradle.internal.dependency.VariantDependencies$Companion      : loaded 3 times (x 67B)
Class com.android.build.gradle.internal.core.MergedOptions                            : loaded 3 times (x 66B)
Class org.jetbrains.kotlin.gradle.internal.Kapt3GradleSubplugin$Kapt3SubpluginContext : loaded 3 times (x 68B)
Class org.jetbrains.kotlin.gradle.plugin.mpp.pm20.KotlinPm20ProjectExtension          : loaded 3 times (x 87B)
Class org.jetbrains.kotlin.gradle.dsl.KotlinJvmCompilerOptionsDefault_Decorated       : loaded 3 times (x 161B)
Class org.jetbrains.kotlin.gradle.plugin.HasKotlinDependencies                        : loaded 3 times (x 66B)
Class org.jetbrains.kotlin.gradle.plugin.statistics.MetricContainer                   : loaded 3 times (x 68B)
Class org.jetbrains.kotlin.gradle.plugin.BuildEventsListenerRegistryHolder_Decorated  : loaded 3 times (x 115B)
Class org.jetbrains.kotlin.gradle.plugin.statistics.KotlinBuildStatsServicesRegistry  : loaded 3 times (x 74B)
Class org.jetbrains.kotlin.gradle.plugin.internal.DefaultJavaSourceSetsAccessorVariantFactory: loaded 3 times (x 72B)
Class org.jetbrains.kotlin.gradle.plugin.VariantImplementationFactoriesConfigurator   : loaded 3 times (x 72B)
Class com.android.build.api.dsl.EmulatorSnapshots                                     : loaded 3 times (x 66B)
Class com.android.build.api.dsl.AaptOptions                                           : loaded 3 times (x 66B)
Class com.android.build.gradle.internal.api.artifact.SourceArtifactType$BASELINE_PROFILES: loaded 3 times (x 70B)
Class com.android.build.api.dsl.PrivacySandboxSdkExtension                            : loaded 3 times (x 66B)
Class com.android.build.api.dsl.LibraryBaseFlavor                                     : loaded 3 times (x 66B)
Class com.android.build.gradle.internal.services.Aapt2ThreadPoolBuildService$Params   : loaded 3 times (x 66B)
Class com.google.protobuf.Internal$ProtobufList                                       : loaded 3 times (x 66B)
Class com.android.build.gradle.internal.lint.LintFromMaven$Companion                  : loaded 3 times (x 67B)
Class com.google.gson.internal.ObjectConstructor                                      : loaded 3 times (x 66B)
Class com.android.ide.common.blame.SourceFile                                         : loaded 3 times (x 68B)
Class com.android.build.gradle.internal.tasks.LintCompile                             : loaded 3 times (x 319B)
Class com.android.build.gradle.internal.plugins.BasePlugin$newExtension$2             : loaded 3 times (x 75B)
Class com.android.build.api.dsl.ApplicationAndroidResources                           : loaded 3 times (x 66B)
Class com.android.build.gradle.internal.services.VersionedSdkLoaderService            : loaded 3 times (x 68B)
Class org.gradle.accessors.dm.LibrariesForLibs$PluginAccessors                        : loaded 3 times (x 72B)
Class com.android.build.gradle.internal.testing.utp.UtpDependencies                   : loaded 3 times (x 82B)
Class com.android.build.gradle.internal.testing.utp.UtpDependency$6                   : loaded 3 times (x 123B)
Class com.android.build.gradle.internal.dependency.IdentityTransform                  : loaded 3 times (x 74B)
Class com.android.builder.model.v2.ide.ProjectInfo                                    : loaded 3 times (x 66B)
Class org.jetbrains.plugins.gradle.model.tests.ExternalTestsModel                     : loaded 3 times (x 66B)
Class org.jetbrains.plugins.gradle.model.GradleTaskModel                              : loaded 3 times (x 66B)
Class org.gradle.accessors.dm.LibrariesForLibs$KotlinPluginAccessors                  : loaded 3 times (x 70B)
Class org.jetbrains.kotlin.gradle.plugin.KotlinBasePlugin                             : loaded 3 times (x 66B)
Class org.jetbrains.kotlin.statistics.metrics.StringAnonymizationPolicy$AllowedListAnonymizer: loaded 3 times (x 75B)
Class org.jetbrains.kotlin.gradle.report.BuildReportType                              : loaded 3 times (x 75B)
Class com.android.build.gradle.internal.plugins.BasePlugin$Companion                  : loaded 3 times (x 67B)
Class [Lcom.android.build.gradle.options.ReplacedOption;                              : loaded 3 times (x 65B)
Class com.google.gson.internal.bind.DefaultDateTypeAdapter$DateType$1                 : loaded 3 times (x 69B)
Class com.android.build.gradle.internal.plugins.AndroidPluginBaseServices$projectServices$2$1$1: loaded 3 times (x 121B)
Class org.jetbrains.kotlin.gradle.targets.metadata.KotlinMetadataTargetConfiguratorKt$isNativeSourceSet$2: loaded 3 times (x 91B)
Class com.android.build.gradle.internal.dependency.JacocoInstrumentationService$RegistrationAction: loaded 3 times (x 70B)
Class com.android.build.gradle.internal.services.FakeDependencyJarBuildService        : loaded 3 times (x 78B)
Class org.jetbrains.kotlin.gradle.dsl.KotlinHierarchyDsl                              : loaded 3 times (x 66B)
Class com.android.build.api.dsl.ApkSigningConfig                                      : loaded 3 times (x 66B)
Class com.android.build.api.dsl.BundleTexture                                         : loaded 3 times (x 66B)
Class com.android.build.gradle.internal.dsl.KmpOptimizationImpl                       : loaded 3 times (x 79B)
Class com.android.build.gradle.internal.api.DefaultAndroidSourceSet$AndroidSourceDirectorySetFactory: loaded 3 times (x 71B)
Class com.android.build.gradle.internal.tasks.factory.BootClasspathConfigImpl$1       : loaded 3 times (x 75B)
Class org.jetbrains.kotlin.gradle.plugin.mpp.KotlinUsages$setupAttributesMatchingStrategy$1: loaded 3 times (x 70B)
Class org.jetbrains.kotlin.gradle.utils.AndroidPluginIdsKt                            : loaded 3 times (x 67B)
Class org.jetbrains.kotlin.gradle.plugin.mpp.AbstractKotlinTarget$components$2        : loaded 3 times (x 75B)
Class org.jetbrains.kotlin.gradle.plugin.KotlinCompilerPluginSupportPlugin            : loaded 3 times (x 66B)
Class org.jetbrains.kotlin.gradle.plugin.mpp.pm20.util.TargetsKt                      : loaded 3 times (x 67B)
Class com.android.build.gradle.internal.scope.InternalArtifactType$LIBRARY_ART_PROFILE: loaded 3 times (x 70B)
Class org.jetbrains.kotlin.tooling.core.ExtrasPropertyKt$extrasFactoryProperty$1      : loaded 3 times (x 90B)
Class org.jetbrains.kotlin.gradle.plugin.mpp.compilationImpl.KotlinCompilationSourceSetInclusion$Companion$includedSourceSets$2: loaded 3 times (x 74B)
Class com.android.build.gradle.internal.dependency.DexingRegistration$ComponentAgnosticParameters: loaded 3 times (x 68B)
Class com.android.build.gradle.internal.utils.DesugarLibUtils$getDesugarLibConfigFromTransform$1$1: loaded 3 times (x 70B)
Class com.android.build.gradle.internal.services.Aapt2Input_Decorated                 : loaded 3 times (x 155B)
Class com.android.build.gradle.internal.scope.InternalArtifactType$APK_FROM_BUNDLE_IDE_MODEL: loaded 3 times (x 70B)
Class com.android.build.gradle.internal.tasks.ValidateSigningTask                     : loaded 3 times (x 327B)
Class com.android.build.gradle.tasks.PackageApplication$CreationAction$handleProvider$5: loaded 3 times (x 123B)
Class com.android.build.gradle.internal.tasks.ExtractNativeDebugMetadataTask$SymbolTableCreationAction$handleProvider$1: loaded 3 times (x 123B)
Class com.android.builder.dexing.R8Version                                            : loaded 3 times (x 67B)
Class com.android.build.gradle.internal.scope.InternalArtifactType$SHADER_ASSETS      : loaded 3 times (x 70B)
Class com.android.build.gradle.internal.dependency.VariantDependencies$Companion$computeLocalFileDependencies$dependencies$1: loaded 3 times (x 71B)
Class com.android.tools.build.jetifier.core.rule.RewriteRule$Companion                : loaded 3 times (x 67B)
Class com.android.tools.build.jetifier.core.rule.RewriteRule                          : loaded 3 times (x 68B)
Class com.android.build.gradle.internal.core.dsl.features.AndroidResourcesDslInfo     : loaded 3 times (x 66B)
Class com.android.build.api.variant.VariantOutputConfiguration$OutputType             : loaded 3 times (x 75B)
Class com.android.build.api.variant.TestComponent                                     : loaded 3 times (x 66B)
Class com.android.build.api.attributes.BuildTypeAttr$Companion                        : loaded 3 times (x 67B)
Class org.jetbrains.kotlin.gradle.targets.js.npm.NpmDirectoryDependencyWithExternalsExtension: loaded 3 times (x 66B)
Class org.jetbrains.kotlin.gradle.plugin.sources.android.configurator.MultiplatformLayoutV2SourceDirConfigurator: loaded 3 times (x 71B)
Class org.jetbrains.kotlin.gradle.plugin.KotlinGradleFinishBuildHandler$Companion     : loaded 3 times (x 67B)
Class com.android.build.gradle.internal.crash.CrashReporting$afterEvaluate$1          : loaded 3 times (x 71B)
Class com.android.build.api.dsl.Packaging                                             : loaded 3 times (x 66B)
Class com.android.build.gradle.internal.dsl.ProductFlavor                             : loaded 3 times (x 453B)
Class com.android.build.gradle.internal.SdkComponentsBuildService$RegistrationAction  : loaded 3 times (x 70B)
Class com.android.build.gradle.internal.ide.dependencies.LibraryDependencyCacheBuildService: loaded 3 times (x 76B)
Class com.google.wireless.android.sdk.stats.GarbageCollectionStats                    : loaded 3 times (x 196B)
Class org.jetbrains.kotlin.gradle.utils.MutableObservableSet                          : loaded 3 times (x 66B)
Class com.google.protobuf.ExtensionRegistry$ExtensionInfo                             : loaded 3 times (x 68B)
Class com.android.build.gradle.options.Option$Status$Removed                          : loaded 3 times (x 68B)
Class com.android.build.gradle.internal.plugins.AndroidPluginBaseServices$syncIssueReporter$2: loaded 3 times (x 75B)
Class com.android.build.api.variant.CanMinifyCode                                     : loaded 3 times (x 66B)
Class com.android.build.gradle.options.ProjectOptionService                           : loaded 3 times (x 73B)
Class org.gradle.accessors.dm.LibrariesForLibsInPluginsBlock$VersionAccessors         : loaded 3 times (x 82B)
Class [Lorg.jetbrains.kotlin.gradle.targets.js.npm.NpmDependency$Scope;               : loaded 3 times (x 65B)
Class com.android.build.gradle.internal.core.dsl.impl.AndroidTestComponentDslInfoImpl$instrumentedTestDelegate$2: loaded 3 times (x 75B)
Class com.android.build.api.component.impl.DeviceTestImpl$buildConfigFields$2         : loaded 3 times (x 75B)
Class com.android.tools.build.jetifier.processor.transform.resource.XmlResourcesTransformer: loaded 3 times (x 73B)
Class [Lcom.android.build.gradle.internal.dependency.AdditionalArtifactType;          : loaded 3 times (x 65B)
Class com.android.build.gradle.internal.dependency.ProvidedClasspathSubtractor        : loaded 3 times (x 68B)
Class com.android.build.gradle.internal.res.LinkApplicationAndroidResourcesTask$CreationAction$handleProvider$3: loaded 3 times (x 123B)
Class com.android.build.gradle.tasks.PackageApplication$CreationAction                : loaded 3 times (x 88B)
Class org.jetbrains.kotlin.config.ApiVersion                                          : loaded 3 times (x 82B)
Class com.android.build.gradle.internal.scope.InternalArtifactType$BINARY_ART_PROFILE_METADATA: loaded 3 times (x 70B)
Class com.android.build.gradle.internal.tasks.ParseIntegrityConfigTask$CreationAction$handleProvider$1: loaded 3 times (x 123B)
Class com.android.build.gradle.internal.tasks.ExtractApksTask$CreationAction$handleProvider$1: loaded 3 times (x 123B)
Class com.android.build.gradle.tasks.ProcessTestManifest$CreationAction               : loaded 3 times (x 86B)
Class com.android.build.gradle.internal.core.dsl.impl.InstrumentedTestDslInfoImpl$getInstrumentationRunner$fromFlavor$1: loaded 3 times (x 74B)
Class com.android.build.gradle.internal.testing.utp.UtpDependency$5                   : loaded 3 times (x 123B)
Class org.jetbrains.kotlin.gradle.plugin.mpp.compilationImpl.DefaultKotlinCompilationFriendPathsResolver$FriendArtifactResolver$Companion: loaded 3 times (x 67B)
Class org.jetbrains.kotlin.tooling.core.ExtrasFactoryProperty                         : loaded 3 times (x 66B)
Class org.jetbrains.kotlin.gradle.plugin.KotlinPluginLifecycleImpl$executeCurrentStageAndScheduleNext$3: loaded 3 times (x 71B)
Class org.jetbrains.kotlin.gradle.plugin.mpp.compilationImpl.KotlinCompilationRegisterInSourceSetsConfigurator$configure$1: loaded 3 times (x 75B)
Class com.android.build.gradle.internal.api.ReadOnlyBaseConfig                        : loaded 3 times (x 112B)
Class com.android.build.gradle.internal.dependency.CollectClassesTransform$Inject1    : loaded 3 times (x 105B)
Class com.android.build.gradle.internal.services.UsesAapt2DaemonBuildService          : loaded 3 times (x 66B)
Class com.android.build.gradle.internal.tasks.ExtractApksTask                         : loaded 3 times (x 331B)
Class com.android.build.gradle.internal.scope.InternalArtifactType$SIGNING_CONFIG_VERSIONS: loaded 3 times (x 70B)
Class com.android.build.gradle.internal.scope.InternalArtifactType$PACKAGED_DEPENDENCIES: loaded 3 times (x 70B)
Class com.android.build.gradle.internal.TaskManager$createPackagingTask$1             : loaded 3 times (x 71B)
Class com.android.build.gradle.tasks.PackageAndroidArtifact$CreationAction$Companion  : loaded 3 times (x 67B)
Class com.android.build.gradle.internal.tasks.DexFileDependenciesTask                 : loaded 3 times (x 333B)
Class com.android.build.gradle.internal.tasks.DexArchiveBuilderTask                   : loaded 3 times (x 340B)
Class com.android.build.api.artifact.impl.InAndOutDirectoryOperationRequestImpl       : loaded 3 times (x 78B)
Class com.android.build.gradle.internal.TaskManager$addAndroidJarDependency$1         : loaded 3 times (x 71B)
Class com.android.tools.build.jetifier.core.type.TypesMap$Companion                   : loaded 3 times (x 67B)
Class com.google.gson.internal.LinkedTreeMap                                          : loaded 3 times (x 119B)
Class com.android.build.gradle.internal.core.dsl.impl.features.OptimizationDslInfoImpl$postProcessingOptions$2$1: loaded 3 times (x 78B)
Class org.jetbrains.kotlin.gradle.targets.js.npm.NpmDependencyWithExternalsExtension  : loaded 3 times (x 66B)
Class org.jetbrains.kotlin.gradle.plugin.sources.android.configurator.KotlinAndroidSourceSetConfigurator: loaded 3 times (x 66B)
Class org.jetbrains.kotlin.gradle.plugin.KotlinTargetsContainer                       : loaded 3 times (x 66B)
Class org.jetbrains.kotlin.gradle.plugin.mpp.KotlinUsageContext                       : loaded 3 times (x 66B)
Class org.jetbrains.kotlin.compilerRunner.GradleCliCommonizerKt                       : loaded 3 times (x 67B)
Class org.jetbrains.kotlin.gradle.utils.ConfigurationsKt                              : loaded 3 times (x 67B)
Class org.jetbrains.kotlin.gradle.plugin.StatisticsBuildFlowManager                   : loaded 3 times (x 68B)
Class org.jetbrains.kotlin.gradle.plugin.PluginWrappersKt                             : loaded 3 times (x 67B)
Class com.android.build.gradle.internal.dsl.LintImpl$SeverityOverrideSet              : loaded 3 times (x 139B)
Class com.android.builder.model.AdbOptions                                            : loaded 3 times (x 66B)
Class org.jetbrains.kotlin.gradle.plugin.diagnostics.checkers.ExperimentalK2UsageChecker: loaded 3 times (x 70B)
Class com.android.builder.model.DataBindingOptions                                    : loaded 3 times (x 66B)
Class com.android.prefs.VariableValue                                                 : loaded 3 times (x 80B)
Class com.android.prefs.AbstractAndroidLocations$Companion                            : loaded 3 times (x 67B)
Class com.android.build.gradle.internal.scope.BuildFeatureValues                      : loaded 3 times (x 66B)
Class com.android.build.gradle.internal.manifest.ManifestValueSource$Params_Decorated : loaded 3 times (x 130B)
Class com.android.build.gradle.internal.dependency.VariantDependenciesBuilder         : loaded 3 times (x 78B)
Class com.android.ide.common.blame.SourcePositionJsonTypeAdapter                      : loaded 3 times (x 71B)
Class com.android.build.gradle.options.FeatureStage$Removed                           : loaded 3 times (x 68B)
Class com.android.build.gradle.options.Stage                                          : loaded 3 times (x 68B)
Class org.jetbrains.kotlin.gradle.plugin.mpp.compilationImpl.factory.DefaultKotlinCompilationTaskNamesContainerFactory: loaded 3 times (x 70B)
Class org.jetbrains.kotlin.gradle.plugin.mpp.compilationImpl.KotlinCompilationRegisterInSourceSetsConfigurator: loaded 3 times (x 70B)
Class com.intellij.openapi.externalSystem.model.project.dependencies.ProjectDependencies: loaded 3 times (x 66B)
Class com.android.build.gradle.internal.api.ReadOnlyBuildType                         : loaded 3 times (x 134B)
Class com.android.build.gradle.internal.scope.InternalArtifactType$LINT_MODEL         : loaded 3 times (x 70B)
Class [Lcom.android.build.gradle.internal.SdkLocator$PropertyLocation;                : loaded 3 times (x 65B)
Class com.google.common.collect.ImmutableMultimap$2                                   : loaded 3 times (x 77B)
Class [Lorg.jetbrains.kotlin.config.ExplicitApiMode;                                  : loaded 3 times (x 65B)
Class com.android.build.api.dsl.BuildType                                             : loaded 3 times (x 66B)
Class com.android.tools.analytics.Environment$EnvironmentVariable                     : loaded 3 times (x 75B)
Class com.google.protobuf.Message$Builder                                             : loaded 3 times (x 66B)
Class com.android.tools.analytics.HostData$graphicsEnvironment$2                      : loaded 3 times (x 74B)
Class com.android.build.gradle.internal.dsl.CoreProductFlavor                         : loaded 3 times (x 66B)
Class com.android.build.gradle.internal.dsl.PackagingOptions$AgpDecorated_Decorated   : loaded 3 times (x 162B)
Class com.android.build.gradle.internal.dsl.LintImpl$AgpDecorated_Decorated           : loaded 3 times (x 299B)
Class com.android.build.gradle.api.InstallableVariant                                 : loaded 3 times (x 66B)
Class com.android.build.api.variant.VariantSelector                                   : loaded 3 times (x 66B)
Class com.android.build.gradle.internal.variant.VariantModelImpl                      : loaded 3 times (x 82B)
Class org.jetbrains.kotlin.gradle.plugin.internal.ProjectIsolationStartParameterAccessor$Factory: loaded 3 times (x 66B)
Class com.android.build.gradle.internal.SdkLocator$PropertyLocation                   : loaded 3 times (x 75B)
Class com.android.build.gradle.internal.scope.InternalArtifactType$METADATA_FEATURE_DECLARATION: loaded 3 times (x 70B)
Class org.jetbrains.kotlin.gradle.plugin.mpp.InternalKotlinTargetKt                   : loaded 3 times (x 67B)
Class org.jetbrains.kotlin.build.report.metrics.BuildMetricsReporter                  : loaded 3 times (x 66B)
Class org.jetbrains.kotlin.gradle.plugin.mpp.compilationImpl.factory.AndroidCompilationSourceSetsContainerFactory: loaded 3 times (x 71B)
Class com.android.build.gradle.internal.VariantTaskManager$createReportTasks$1        : loaded 3 times (x 71B)
Class com.android.build.gradle.internal.lint.AndroidLintTextOutputTask                : loaded 3 times (x 331B)
Class com.android.build.gradle.internal.tasks.SigningConfigWriterTask$CreationAction  : loaded 3 times (x 86B)
Class com.android.build.gradle.internal.TaskManager$createPackagingTask$2             : loaded 3 times (x 71B)
Class com.android.build.gradle.internal.scope.InternalArtifactType$AAR_METADATA_CHECK : loaded 3 times (x 70B)
Class com.android.build.api.artifact.impl.OutOperationRequestImpl                     : loaded 3 times (x 87B)
Class com.android.build.api.artifact.impl.ArtifactOperationRequest                    : loaded 3 times (x 66B)
Class com.android.build.gradle.internal.tasks.ValidateResourcesTask$CreateAction      : loaded 3 times (x 86B)
Class com.google.gson.internal.LinkedTreeMap$1                                        : loaded 3 times (x 87B)
Class com.android.build.gradle.internal.tasks.factory.TaskManagerConfigImpl           : loaded 3 times (x 72B)
Class com.android.build.api.component.impl.DeviceTestImpl$buildConfigCreationConfig$2 : loaded 3 times (x 75B)
Class com.android.build.gradle.internal.dependency.ConstraintHandler                  : loaded 3 times (x 67B)
Class com.android.build.api.variant.impl.GlobalVariantBuilderConfig                   : loaded 3 times (x 66B)
Class org.jetbrains.kotlin.gradle.targets.js.dsl.KotlinTargetWithNodeJsDsl            : loaded 3 times (x 66B)
Class org.jetbrains.kotlin.gradle.plugin.sources.DefaultKotlinSourceSetKt$defaultSourceSetLanguageSettingsChecker$1: loaded 3 times (x 74B)
Class org.jetbrains.kotlin.gradle.plugin.sources.InternalKotlinSourceSet              : loaded 3 times (x 66B)
Class org.jetbrains.kotlin.gradle.utils.ObjectCollectionExtKt                         : loaded 3 times (x 67B)
Class org.jetbrains.kotlin.gradle.plugin.sources.android.KotlinAndroidSourceSetLayoutKt: loaded 3 times (x 67B)
Class org.jetbrains.kotlin.gradle.plugin.KotlinJvmPlugin                              : loaded 3 times (x 76B)
Class com.android.build.api.attributes.AgpVersionAttr                                 : loaded 3 times (x 66B)
Class com.android.build.gradle.internal.lint.LintTaskManager                          : loaded 3 times (x 68B)
Class com.android.build.gradle.internal.tasks.ExtractProguardFiles                    : loaded 3 times (x 320B)
Class com.android.build.gradle.internal.tasks.factory.GlobalTaskCreationConfigImpl$platformAttrs$2: loaded 3 times (x 75B)
Class com.android.build.api.variant.ScopedArtifacts                                   : loaded 3 times (x 66B)
Class com.google.common.base.Converter$ConverterComposition                           : loaded 3 times (x 86B)
Class com.android.build.gradle.internal.variant.ApkVariantData                        : loaded 3 times (x 68B)
Class com.android.build.gradle.internal.dsl.decorator.SupportedPropertyType$Block     : loaded 3 times (x 70B)
Class com.android.build.gradle.internal.profile.ProjectData                           : loaded 3 times (x 68B)
Class com.android.build.api.variant.AnnotationProcessor                               : loaded 3 times (x 66B)
Class com.android.build.gradle.internal.core.dsl.MultiVariantComponentDslInfo         : loaded 3 times (x 66B)
Class com.android.build.api.dsl.ApplicationDefaultConfig                              : loaded 3 times (x 66B)
Class com.android.build.gradle.tasks.ExtractDeepLinksTask$BaseCreationAction          : loaded 3 times (x 89B)
Class org.gradle.accessors.dm.LibrariesForLibsInPluginsBlock$AndroidPluginAccessors   : loaded 3 times (x 70B)
Class org.jetbrains.kotlin.gradle.plugin.internal.DefaultProjectIsolationStartParameterAccessorVariantFactory: loaded 3 times (x 72B)
Class org.jetbrains.kotlin.gradle.plugin.statistics.KotlinBuildStatsService           : loaded 3 times (x 85B)
Class org.jetbrains.kotlin.gradle.plugin.VariantImplementationFactories$Companion$getProvider$2$1$1: loaded 3 times (x 71B)
Class org.jetbrains.kotlin.statistics.ValueAnonymizer                                 : loaded 3 times (x 66B)
Class org.jetbrains.kotlin.statistics.metrics.StringAnonymizationPolicy$RegexControlled: loaded 3 times (x 75B)
Class org.jetbrains.kotlin.gradle.report.BuildReportMode                              : loaded 3 times (x 75B)
Class org.jetbrains.kotlin.gradle.utils.ObjectCollectionExtKt$sam$org_gradle_api_Action$0: loaded 3 times (x 71B)
Class org.jetbrains.kotlin.gradle.plugin.KotlinPluginLifecycleKt$launchInStage$1      : loaded 3 times (x 91B)
Class com.android.build.api.component.impl.HostTestImpl_Decorated                     : loaded 3 times (x 477B)
Class com.android.build.api.variant.impl.SourceDirectoriesImpl                        : loaded 3 times (x 82B)
Class com.android.build.gradle.internal.res.LinkApplicationAndroidResourcesTask$CreationAction$handleProvider$2: loaded 3 times (x 123B)
Class com.android.build.api.variant.impl.ResourcesPackagingImpl$excludes$1            : loaded 3 times (x 71B)
Class com.android.build.gradle.internal.tasks.CheckDuplicateClassesTask$CreationAction$handleProvider$1: loaded 3 times (x 123B)
Class com.android.build.gradle.internal.tasks.AppClasspathCheckTask$CreationAction    : loaded 3 times (x 86B)
Class com.android.build.gradle.internal.tasks.ValidateSigningTask$CreationAction      : loaded 3 times (x 86B)
Class com.android.build.gradle.internal.testing.utp.UtpDependency$4                   : loaded 3 times (x 123B)
Class org.jetbrains.kotlin.gradle.plugin.mpp.compilationImpl.KotlinCompilationSourceSetsContainerKt: loaded 3 times (x 67B)
Class org.jetbrains.kotlin.gradle.tasks.KotlinJvmCompile                              : loaded 3 times (x 66B)
Class org.jetbrains.kotlin.gradle.plugin.internal.BuildIdService$Companion$registerIfAbsent$1$1: loaded 3 times (x 71B)
Class org.jetbrains.kotlin.gradle.targets.js.dsl.KotlinWasmTargetDsl                  : loaded 3 times (x 66B)
Class com.android.build.gradle.internal.VariantTaskManager$createReportTasks$2        : loaded 3 times (x 71B)
Class com.android.build.gradle.internal.scope.InternalArtifactType$GLOBAL_SYNTHETICS_SUBPROJECT: loaded 3 times (x 70B)
Class com.android.build.gradle.internal.TaskManager$createPackagingTask$3             : loaded 3 times (x 71B)
Class com.android.build.gradle.internal.res.LinkApplicationAndroidResourcesTask$BaseCreationAction: loaded 3 times (x 92B)
Class com.android.build.api.variant.impl.VariantImpl$externalExtensions$2             : loaded 3 times (x 75B)
Class com.android.build.gradle.internal.publishing.AndroidArtifacts$ConsumedConfigType: loaded 3 times (x 76B)
Class com.android.build.api.variant.impl.ApplicationAndroidResourcesImpl              : loaded 3 times (x 84B)
Class org.jetbrains.kotlin.gradle.plugin.diagnostics.checkers.DisabledCinteropCommonizationInHmppProjectChecker$runChecks$1: loaded 3 times (x 84B)
Class org.jetbrains.kotlin.gradle.plugin.sources.ConsistencyCheck                     : loaded 3 times (x 68B)
Class org.jetbrains.kotlin.gradle.plugin.sources.DefaultKotlinSourceSetKt$defaultSourceSetLanguageSettingsChecker$2: loaded 3 times (x 74B)
Class org.jetbrains.kotlin.gradle.dsl.KotlinMultiplatformExtension                    : loaded 3 times (x 562B)
Class org.jetbrains.kotlin.gradle.dsl.KotlinCommonToolOptions                         : loaded 3 times (x 66B)
Class org.jetbrains.kotlin.gradle.plugin.AbstractKotlinPlugin                         : loaded 3 times (x 75B)
Class org.jetbrains.kotlin.gradle.tasks.DefaultKotlinJavaToolchain$Companion$wireJvmTargetToJvm$1: loaded 3 times (x 71B)
Class com.android.build.gradle.internal.tasks.factory.PreConfigAction                 : loaded 3 times (x 66B)
Class com.android.build.gradle.internal.plugins.BasePlugin$createVariantModel$1       : loaded 3 times (x 75B)
Class com.android.build.gradle.api.VersionedVariant                                   : loaded 3 times (x 66B)
Class com.android.build.gradle.internal.dsl.ManagedDevices$allDevices$1$1             : loaded 3 times (x 71B)
Class com.android.build.OutputFile                                                    : loaded 3 times (x 66B)
Class com.android.build.gradle.internal.dsl.OptimizationImpl$AgpDecorated             : loaded 3 times (x 79B)
Class org.objectweb.asm.commons.Method                                                : loaded 3 times (x 72B)
Class org.bouncycastle.operator.OperatorException                                     : loaded 3 times (x 78B)
Class com.android.build.gradle.internal.services.BuildServicesKt$getBuildService$1    : loaded 3 times (x 71B)
Class com.google.wireless.android.sdk.stats.GarbageCollectionStats$Builder            : loaded 3 times (x 295B)
Class com.android.tools.build.jetifier.core.PackageMap                                : loaded 3 times (x 68B)
Class [Lcom.google.gson.ToNumberPolicy;                                               : loaded 3 times (x 65B)
Class com.google.gson.ToNumberPolicy                                                  : loaded 3 times (x 79B)
Class [Lcom.android.build.gradle.options.Version;                                     : loaded 3 times (x 65B)
Class com.google.wireless.android.sdk.stats.GradleBuildProject$PluginType             : loaded 3 times (x 83B)
Class com.android.build.gradle.internal.services.BaseServices                         : loaded 3 times (x 66B)
Class com.android.build.api.dsl.TestedExtension                                       : loaded 3 times (x 66B)
Class com.android.build.gradle.internal.BadPluginException                            : loaded 3 times (x 78B)
Class com.android.build.gradle.internal.dependency.VariantDependencies$Companion$WhenMappings: loaded 3 times (x 67B)
Class org.jetbrains.kotlin.gradle.tasks.configuration.BaseKotlinCompileConfig$1$3     : loaded 3 times (x 71B)
Class org.jetbrains.kotlin.gradle.plugin.sources.KotlinDependencyScope$Companion      : loaded 3 times (x 67B)
Class com.android.build.gradle.internal.publishing.PublishingSpecs$VariantSpecBuilder : loaded 3 times (x 66B)
Class com.google.common.collect.ImmutableMultimap$1                                   : loaded 3 times (x 78B)
Class org.jetbrains.kotlin.idea.gradleTooling.model.parcelize.ParcelizeGradleModel    : loaded 3 times (x 66B)
Class org.gradle.accessors.dm.LibrariesForLibs$AndroidxLibraryAccessors               : loaded 3 times (x 78B)
Class com.android.build.api.dsl.ApplicationProductFlavor                              : loaded 3 times (x 66B)
Class org.jetbrains.kotlin.cli.common.messages.MessageCollector                       : loaded 3 times (x 66B)
Class com.google.common.util.concurrent.ListeningScheduledExecutorService             : loaded 3 times (x 66B)
Class [Lorg.jetbrains.kotlin.config.JvmDefaultMode;                                   : loaded 3 times (x 65B)
Class com.google.common.collect.ImmutableMultimap$Keys                                : loaded 3 times (x 162B)
Class com.android.build.gradle.internal.tasks.ModuleMetadataWriterTask$CreationAction$handleProvider$1: loaded 3 times (x 123B)
Class com.android.builder.model.v2.ide.JavaArtifact                                   : loaded 3 times (x 66B)
Class com.google.gson.JsonNull                                                        : loaded 3 times (x 88B)
Class com.google.gson.internal.bind.TypeAdapters$29                                   : loaded 3 times (x 71B)
Class com.google.gson.internal.bind.MapTypeAdapterFactory                             : loaded 3 times (x 71B)
Class com.android.sdklib.AndroidVersion$AndroidVersionException                       : loaded 3 times (x 78B)
Class com.google.protobuf.AbstractProtobufList                                        : loaded 3 times (x 225B)
Class com.android.build.api.variant.impl.JniLibsTestedApkPackagingImpl                : loaded 3 times (x 87B)
Class com.android.build.gradle.internal.model.CoreExternalNativeBuild                 : loaded 3 times (x 66B)
Class com.android.build.gradle.internal.tasks.SigningConfigWriterTask$CreationAction$handleProvider$1: loaded 3 times (x 123B)
Class com.android.build.gradle.internal.api.artifact.SourceArtifactType$JNI           : loaded 3 times (x 70B)
Class com.android.build.gradle.internal.SdkLocator                                    : loaded 3 times (x 67B)
Class com.android.build.gradle.internal.publishing.ProcessedArtifactUtils             : loaded 3 times (x 67B)
Class com.android.build.gradle.internal.cxx.gradle.generator.CxxConfigurationModelKt  : loaded 3 times (x 67B)
Class com.android.build.gradle.internal.lint.AndroidLintTextOutputTask$VariantCreationAction: loaded 3 times (x 88B)
Class com.android.build.gradle.internal.publishing.AndroidArtifactsUtilKt             : loaded 3 times (x 67B)
Class com.android.build.gradle.internal.core.dsl.impl.InstrumentedTestDslInfoImpl$testLabel$1: loaded 3 times (x 70B)
Class com.android.build.gradle.internal.core.dsl.TestComponentDslInfo                 : loaded 3 times (x 66B)
Class com.android.build.gradle.internal.core.dsl.impl.ApplicationVariantDslInfoImpl$versionName$2$versionNameFromFlavors$1: loaded 3 times (x 74B)
Class com.android.build.api.variant.CodeTransparency                                  : loaded 3 times (x 66B)
Class com.android.build.gradle.internal.variant.VariantPathHelper$buildConfigSourceOutputDir$2: loaded 3 times (x 75B)
Class com.android.build.api.variant.impl.VariantBuilderImpl$registeredExtensionDelegate$1: loaded 3 times (x 74B)
Class org.jetbrains.kotlin.gradle.plugin.diagnostics.checkers.AndroidSourceSetLayoutV1SourceSetsNotFoundChecker: loaded 3 times (x 70B)
Class org.jetbrains.kotlin.gradle.targets.js.npm.DefaultPeerNpmDependencyExtension$delegate$1: loaded 3 times (x 163B)
Class org.jetbrains.kotlin.gradle.targets.js.npm.NpmDependency                        : loaded 3 times (x 93B)
Class org.jetbrains.kotlin.gradle.targets.js.npm.DefaultNpmDependencyExtension        : loaded 3 times (x 148B)
Class org.jetbrains.kotlin.gradle.targets.js.npm.NpmDependency$Scope                  : loaded 3 times (x 75B)
Class org.jetbrains.kotlin.gradle.plugin.sources.FragmentConsistencyChecks$unstableFeaturesCheck$1: loaded 3 times (x 75B)
Class org.jetbrains.kotlin.gradle.plugin.sources.DefaultKotlinSourceSet               : loaded 3 times (x 137B)
Class org.jetbrains.kotlin.gradle.plugin.VariantImplementationFactories$Parameters    : loaded 3 times (x 66B)
Class com.android.build.gradle.internal.plugins.BasePlugin$createVariantModel$2       : loaded 3 times (x 75B)
Class com.android.build.gradle.internal.dsl.DexPackagingImpl$AgpDecorated_Decorated   : loaded 3 times (x 127B)
Class com.android.build.gradle.internal.dsl.ApplicationAndroidResourcesImpl$AgpDecorated_Decorated: loaded 3 times (x 185B)
Class com.android.build.gradle.internal.dsl.ManagedDevices$allDevices$1$2             : loaded 3 times (x 71B)
Class com.android.build.gradle.internal.dependency.SourceSetManager$createConfigurationsForSourceSet$2: loaded 3 times (x 71B)
Class com.android.build.gradle.internal.tasks.GlobalSyntheticsMergeTask               : loaded 3 times (x 327B)
Class com.android.build.gradle.internal.dsl.LibraryKeepRulesImpl                      : loaded 3 times (x 84B)
Class com.android.build.gradle.internal.dsl.BundleOptionsCodeTransparency             : loaded 3 times (x 73B)
Class com.android.prefs.PathLocator$singlePathOf$values$1                             : loaded 3 times (x 75B)
Class com.android.tools.analytics.AnalyticsSettings$optedIn$1                         : loaded 3 times (x 74B)
Class com.android.build.gradle.options.Option$Status$EXPERIMENTAL                     : loaded 3 times (x 67B)
Class com.android.build.gradle.internal.services.ServiceRegistrationAction            : loaded 3 times (x 70B)
Class com.android.build.gradle.tasks.ProcessTestManifest$CreationAction$handleProvider$1: loaded 3 times (x 123B)
Class com.android.build.gradle.internal.dsl.BaseAppModuleExtension_Decorated          : loaded 3 times (x 527B)
Class org.jetbrains.kotlin.gradle.dsl.KotlinVersion                                   : loaded 3 times (x 75B)
Class org.jetbrains.kotlin.gradle.plugin.KotlinAndroidPlugin$apply$2                  : loaded 3 times (x 75B)
Class org.jetbrains.kotlin.gradle.plugin.diagnostics.checkers.WasmSourceSetsNotFoundChecker$runChecks$1: loaded 3 times (x 84B)
Class com.android.build.gradle.internal.component.features.DexingCreationConfig       : loaded 3 times (x 66B)
Class com.android.build.api.variant.Renderscript                                      : loaded 3 times (x 66B)
Class com.android.build.api.variant.SigningConfig                                     : loaded 3 times (x 66B)
Class com.android.build.gradle.internal.variant.BaseVariantData$DiscoverableFilterType$DENSITY: loaded 3 times (x 76B)
Class com.android.build.gradle.internal.core.dsl.impl.AndroidTestComponentDslInfoImpl$signingConfigResolver$2: loaded 3 times (x 75B)
Class com.android.build.gradle.internal.tasks.ValidateResourcesTask                   : loaded 3 times (x 326B)
Class com.android.build.gradle.internal.TaskManager$MergeType$PACKAGE                 : loaded 3 times (x 76B)
Class com.android.build.gradle.internal.res.LinkApplicationAndroidResourcesTask$CreationAction$handleProvider$1: loaded 3 times (x 123B)
Class org.jetbrains.kotlin.gradle.plugin.internal.state.TaskLoggers                   : loaded 3 times (x 67B)
Class com.android.build.gradle.internal.res.ParseLibraryResourcesTask                 : loaded 3 times (x 330B)
Class com.android.build.gradle.internal.tasks.ApplicationTaskManager$createDynamicBundleTask$2: loaded 3 times (x 71B)
Class com.android.build.gradle.internal.scope.InternalArtifactType$DEVICE_PROVIDER_CODE_COVERAGE: loaded 3 times (x 70B)
Class com.android.build.gradle.internal.testing.utp.UtpDependency$3                   : loaded 3 times (x 123B)
Class com.android.build.gradle.internal.dependency.RecalculateStackFramesTransform$Parameters_Decorated: loaded 3 times (x 138B)
Class org.jetbrains.kotlin.gradle.plugin.mpp.compilationImpl.DefaultKotlinCompilationFriendPathsResolver: loaded 3 times (x 71B)
Class org.jetbrains.kotlin.gradle.plugin.mpp.compilationImpl.factory.KotlinCompilationDependencyConfigurationsFactoriesKt: loaded 3 times (x 67B)
Class org.jetbrains.kotlin.gradle.plugin.internal.BuildIdService                      : loaded 3 times (x 72B)
Class com.android.build.gradle.internal.SdkLocator$SdkLocationSource$getSdkLocation$1$1: loaded 3 times (x 75B)
Class org.jetbrains.kotlin.gradle.plugin.AndroidTestedVariantArtifactsFilter$initFilteredFiles$1: loaded 3 times (x 75B)
Class com.android.build.gradle.internal.scope.InternalArtifactType$LINT_PARTIAL_RESULTS: loaded 3 times (x 70B)
Class com.android.build.gradle.internal.utils.KgpUtils$configureKotlinCompileTasks$1  : loaded 3 times (x 71B)
Class org.jetbrains.kotlin.gradle.plugin.KotlinCompilation$DefaultImpls               : loaded 3 times (x 67B)
Class org.jetbrains.kotlin.gradle.plugin.mpp.compilationImpl.factory.CompositePreConfigure: loaded 3 times (x 71B)
Class com.android.build.gradle.internal.dependency.DexingOutputSplitTransformKt$registerTransformWithOutputType$1: loaded 3 times (x 71B)
Class com.android.build.gradle.internal.dependency.AarTransform$Parameters_Decorated  : loaded 3 times (x 138B)
Class com.android.build.gradle.internal.dependency.PlatformAttrTransform              : loaded 3 times (x 74B)
Class com.android.build.gradle.internal.tasks.DeviceProviderInstrumentTestTask        : loaded 3 times (x 351B)
Class com.android.build.gradle.internal.tasks.PackageBundleTask                       : loaded 3 times (x 346B)
Class com.android.build.gradle.tasks.PackageAndroidArtifact$CreationAction            : loaded 3 times (x 88B)
Class com.android.build.api.variant.impl.SigningConfigImpl$storePassword$1            : loaded 3 times (x 71B)
Class com.android.build.gradle.internal.tasks.MergeGeneratedProguardFilesCreationAction: loaded 3 times (x 86B)
Class com.android.build.gradle.tasks.MergeSourceSetFolders$MergeAppAssetCreationAction: loaded 3 times (x 87B)
Class com.android.build.gradle.internal.tasks.AppPreBuildTask                         : loaded 3 times (x 327B)
Class com.android.build.gradle.internal.component.DynamicFeatureCreationConfig        : loaded 3 times (x 66B)
Class com.android.build.api.variant.impl.LayeredSourceDirectoriesImpl$all$1           : loaded 3 times (x 70B)
Class com.android.build.api.component.impl.ComponentImpl$useBuiltInKaptSupport$2      : loaded 3 times (x 75B)
Class com.android.build.api.variant.Sources                                           : loaded 3 times (x 66B)
Class com.android.build.gradle.internal.variant.TestedVariantData                     : loaded 3 times (x 66B)
Class org.jetbrains.kotlin.gradle.utils.ProviderApiUtilsKt$providerWithLazyConvention$1: loaded 3 times (x 70B)
Class org.jetbrains.kotlin.gradle.plugin.sources.FragmentConsistencyChecks$unstableFeaturesCheck$2: loaded 3 times (x 74B)
Class org.jetbrains.kotlin.gradle.plugin.sources.android.KotlinAndroidSourceSetLayoutKt$multiplatformAndroidSourceSetLayoutV2$1: loaded 3 times (x 74B)
Class org.jetbrains.kotlin.gradle.plugin.KotlinPluginLifecycleImpl                    : loaded 3 times (x 76B)
Class org.jetbrains.kotlin.gradle.dsl.KotlinCommonCompilerOptionsDefault              : loaded 3 times (x 90B)
Class org.jetbrains.kotlin.gradle.dsl.KotlinCommonCompilerToolOptionsDefault          : loaded 3 times (x 78B)
Class org.jetbrains.kotlin.gradle.plugin.StatisticsBuildFlowManager_Decorated         : loaded 3 times (x 115B)
Class org.jetbrains.kotlin.gradle.report.BuildReportMode$Companion                    : loaded 3 times (x 67B)
Class org.jetbrains.kotlin.gradle.plugin.internal.JavaSourceSetsAccessor              : loaded 3 times (x 66B)
Class org.jetbrains.kotlin.gradle.plugin.internal.ConfigurationTimePropertiesAccessor : loaded 3 times (x 66B)
Class org.jetbrains.kotlin.gradle.plugin.VariantImplementationFactories$VariantImplementationFactory: loaded 3 times (x 66B)
Class com.android.build.gradle.internal.plugins.BasePlugin$createVariantModel$3       : loaded 3 times (x 75B)
Class com.android.build.api.variant.impl.DeferredActionManager                        : loaded 3 times (x 68B)
Class com.android.build.gradle.internal.dsl.EmulatorSnapshots                         : loaded 3 times (x 93B)
Class com.android.build.gradle.internal.dsl.DataBindingOptions$AgpDecorated           : loaded 3 times (x 108B)
Class com.android.build.gradle.internal.DefaultConfigData                             : loaded 3 times (x 68B)
Class com.android.build.gradle.internal.dsl.VectorDrawablesOptions_Decorated          : loaded 3 times (x 132B)
Class com.android.build.gradle.internal.dsl.decorator.annotation.WithLazyInitialization: loaded 3 times (x 66B)
Class com.android.build.api.dsl.ResourcesPackaging                                    : loaded 3 times (x 66B)
Class com.android.build.gradle.internal.model.CoreNdkBuildOptions                     : loaded 3 times (x 66B)
Class com.android.prefs.PathLocator$singlePathOf$values$2                             : loaded 3 times (x 74B)
Class com.android.build.gradle.internal.services.StringCachingBuildService            : loaded 3 times (x 80B)
Class com.android.build.gradle.internal.res.Aapt2FromMaven$Companion$Aapt2Extractor$Inject1: loaded 3 times (x 105B)
Class com.android.build.gradle.internal.component.ComponentCreationConfig             : loaded 3 times (x 66B)
Class com.android.build.gradle.internal.variant.VariantModel                          : loaded 3 times (x 66B)
Class com.android.build.gradle.internal.GradleLocalPropertiesFactory$get$propertiesContent$1: loaded 3 times (x 71B)
Class com.android.build.api.variant.CanMinifyCodeBuilder                              : loaded 3 times (x 66B)
Class [Lcom.google.gson.LongSerializationPolicy;                                      : loaded 3 times (x 65B)
Class com.google.gson.internal.bind.TypeAdapters$28                                   : loaded 3 times (x 71B)
Class com.google.gson.internal.bind.TypeAdapters$EnumTypeAdapter                      : loaded 3 times (x 70B)
Class com.android.build.gradle.internal.TaskManager$PreBuildCreationAction            : loaded 3 times (x 87B)
Class com.android.build.gradle.internal.attribution.CheckJetifierBuildService         : loaded 3 times (x 76B)
Class com.android.build.gradle.internal.dependency.MockableJarTransform$Inject1       : loaded 3 times (x 105B)
Class com.android.build.gradle.internal.dsl.DefaultConfig$AgpDecorated_Decorated      : loaded 3 times (x 502B)
Class com.google.common.base.CaseFormat                                               : loaded 3 times (x 79B)
Class com.android.build.gradle.internal.dsl.CoreExternalNativeNdkBuildOptions         : loaded 3 times (x 66B)
Class org.jetbrains.kotlin.gradle.plugin.mpp.compilationImpl.factory.KotlinCompilationImplFactory$KotlinCompilationSourceSetsContainerFactory: loaded 3 times (x 66B)
Class com.android.build.api.dsl.NdkBuildFlags                                         : loaded 3 times (x 66B)
Class org.jetbrains.kotlin.config.JvmDefaultMode$Companion                            : loaded 3 times (x 67B)
Class com.android.build.gradle.internal.dsl.JavaCompileOptions$AgpDecorated           : loaded 3 times (x 82B)
Class com.android.build.gradle.internal.dependency.SourceSetManager$createConfigurationsForSourceSet$createKaptConfiguration$1: loaded 3 times (x 75B)
Class com.android.builder.model.v2.dsl.SigningConfig                                  : loaded 3 times (x 66B)
Class com.android.build.gradle.internal.dsl.CmakeOptions$AgpDecorated                 : loaded 3 times (x 98B)
Class com.android.build.gradle.internal.dsl.SdkComponentsImpl$aidl$2                  : loaded 3 times (x 75B)
Class org.jetbrains.kotlin.gradle.plugin.BuildEventsListenerRegistryHolder            : loaded 3 times (x 68B)
Class org.jetbrains.kotlin.gradle.plugin.internal.CustomPropertiesFileValueSource$Parameters$Inject: loaded 3 times (x 102B)
Class org.jetbrains.kotlin.gradle.plugin.MemoizedCallable                             : loaded 3 times (x 71B)
Class com.android.build.gradle.internal.SdkLocator$ValidationResult                   : loaded 3 times (x 68B)
Class com.android.builder.model.v2.models.AndroidProject                              : loaded 3 times (x 66B)
Class com.android.builder.model.v2.AndroidModel                                       : loaded 3 times (x 66B)
Class com.android.build.gradle.internal.scope.InternalArtifactType$TEST_FIXTURES_LINT_MODEL: loaded 3 times (x 70B)
Class org.jetbrains.kotlin.compilerRunner.CompilerSystemPropertiesService             : loaded 3 times (x 76B)
Class org.jetbrains.kotlin.gradle.plugin.mpp.compilationImpl.KotlinCompilationImpl$1  : loaded 3 times (x 75B)
Class org.jetbrains.kotlin.gradle.plugin.mpp.compilationImpl.factory.KotlinJvmCompilerOptionsFactory: loaded 3 times (x 70B)
Class com.android.build.gradle.internal.scope.BootClasspathBuilder                    : loaded 3 times (x 67B)
Class com.android.build.gradle.internal.publishing.AarOrJarTypeToConsume              : loaded 3 times (x 68B)
Class com.android.build.gradle.internal.SdkComponentsBuildService$Parameters$Inject   : loaded 3 times (x 116B)
Class com.android.build.api.artifact.SingleArtifact$METADATA_LIBRARY_DEPENDENCIES_REPORT: loaded 3 times (x 70B)
Class com.android.build.gradle.internal.scope.InternalArtifactType$GLOBAL_SYNTHETICS_EXTERNAL_LIBS_ARTIFACT_TRANSFORM: loaded 3 times (x 70B)
Class com.android.build.gradle.internal.tasks.FinalizeBundleTask$CreationAction$handleProvider$1: loaded 3 times (x 123B)
Class com.android.build.gradle.internal.tasks.SigningConfigVersionsWriterTask         : loaded 3 times (x 331B)
Class com.android.build.gradle.internal.tasks.featuresplit.PackagedDependenciesWriterTask$CreationAction$handleProvider$1: loaded 3 times (x 123B)
Class com.android.build.gradle.internal.scope.InternalArtifactType$MIXED_SCOPE_DEX_ARCHIVE: loaded 3 times (x 70B)
Class com.android.build.gradle.internal.tasks.MergeJavaResourceTask$CreationAction$handleProvider$1: loaded 3 times (x 123B)
Class com.android.build.gradle.internal.scope.InternalArtifactType$MANIFEST_MERGE_REPORT: loaded 3 times (x 70B)
Class com.android.build.gradle.internal.tasks.PrepareLintJarForPublish$CreationAction : loaded 3 times (x 86B)
Class [Lcom.android.tools.build.jetifier.processor.transform.proguard.patterns.GroupsReplacer;: loaded 3 times (x 65B)
Class com.android.tools.build.jetifier.processor.transform.bytecode.ByteCodeTransformer: loaded 3 times (x 73B)
Class com.google.gson.internal.ConstructorConstructor$13                              : loaded 3 times (x 71B)
Class com.android.build.gradle.internal.tasks.CheckMultiApkLibrariesTask$CreationAction: loaded 3 times (x 86B)
Class android.databinding.tool.DataBindingBuilder                                     : loaded 3 times (x 75B)
Class com.android.build.api.variant.impl.SourcesImpl$manifestOverlayFiles$1           : loaded 3 times (x 70B)
Class com.android.build.gradle.internal.component.InstrumentedTestCreationConfig      : loaded 3 times (x 66B)
Class org.jetbrains.kotlin.gradle.targets.js.npm.SemVer$Companion                     : loaded 3 times (x 67B)
Class org.jetbrains.kotlin.gradle.plugin.sources.android.AndroidBaseSourceSetName$Test: loaded 3 times (x 68B)
Class org.jetbrains.kotlin.gradle.plugin.mpp.KotlinUsages$KotlinCinteropCompatibility : loaded 3 times (x 73B)
Class org.jetbrains.kotlin.gradle.dsl.ExplicitApiMode                                 : loaded 3 times (x 75B)
Class org.jetbrains.kotlin.gradle.plugin.internal.CustomPropertiesFileValueSource$Parameters_Decorated: loaded 3 times (x 130B)
Class org.jetbrains.kotlin.gradle.plugin.VariantImplementationFactories$Companion     : loaded 3 times (x 67B)
Class org.jetbrains.kotlin.gradle.dsl.KotlinTopLevelExtensionConfig                   : loaded 3 times (x 66B)
Class com.android.build.gradle.internal.plugins.BasePlugin$createVariantModel$4       : loaded 3 times (x 75B)
Class com.android.build.api.variant.VariantFilter                                     : loaded 3 times (x 66B)
Class com.android.build.gradle.internal.tasks.factory.BootClasspathConfigImpl$bootClasspath$2: loaded 3 times (x 75B)
Class com.android.build.gradle.internal.dsl.ResourcesPackagingImpl$AgpDecorated       : loaded 3 times (x 82B)
Class com.android.build.gradle.internal.dsl.ExternalNativeBuild$AgpDecorated          : loaded 3 times (x 92B)
Class [Lcom.android.builder.model.TestOptions$Execution;                              : loaded 3 times (x 65B)
Class com.android.build.gradle.internal.dsl.LintOptions                               : loaded 3 times (x 197B)
Class com.android.build.gradle.internal.api.DefaultAndroidSourceDirectorySet$directories$1: loaded 3 times (x 139B)
Class com.android.build.api.dsl.Cmake                                                 : loaded 3 times (x 66B)
Class com.android.build.api.dsl.AarMetadata                                           : loaded 3 times (x 66B)
Class org.jetbrains.kotlin.gradle.report.UsesBuildMetricsService                      : loaded 3 times (x 66B)
Class com.google.protobuf.UnknownFieldSet$Parser                                      : loaded 3 times (x 146B)
Class com.android.build.gradle.internal.dependency.GenericTransformParameters_Decorated: loaded 3 times (x 130B)
Class com.google.gson.internal.bind.ArrayTypeAdapter$1                                : loaded 3 times (x 71B)
Class com.google.common.collect.AbstractBiMap                                         : loaded 3 times (x 155B)
Class com.google.gson.internal.bind.JsonTreeWriter                                    : loaded 3 times (x 94B)
Class [Lcom.android.build.gradle.options.SyncOptions$ErrorFormatMode;                 : loaded 3 times (x 65B)
Class com.android.build.gradle.internal.utils.GradlePluginUtils                       : loaded 3 times (x 67B)
Class org.jetbrains.kotlin.gradle.plugin.hierarchy.KotlinSourceSetTreeClassifierKt    : loaded 3 times (x 67B)
Class org.jetbrains.kotlin.gradle.plugin.KotlinPlatformType$CompatibilityRule         : loaded 3 times (x 72B)
Class org.jetbrains.kotlin.gradle.plugin.KotlinAndroidPlugin$apply$1                  : loaded 3 times (x 75B)
Class org.jetbrains.kotlin.gradle.plugin.mpp.AbstractKotlinTarget$kotlinComponents$2  : loaded 3 times (x 75B)
Class org.jetbrains.kotlin.gradle.plugin.sources.android.KotlinAndroidSourceSetLayoutExtensionKt: loaded 3 times (x 67B)
Class org.jetbrains.kotlin.gradle.plugin.sources.android.KotlinAndroidSourceSetFactory: loaded 3 times (x 68B)
Class org.jetbrains.kotlin.gradle.plugin.diagnostics.checkers.NoKotlinTargetsDeclaredChecker$runChecks$1: loaded 3 times (x 84B)
Class org.gradle.api.UncheckedIOException                                             : loaded 3 times (x 78B)
Class com.android.build.gradle.internal.core.dsl.impl.ConsumableComponentDslInfoImpl$renderscriptDslInfo$2: loaded 3 times (x 75B)
Class com.android.build.api.variant.DeviceTest                                        : loaded 3 times (x 66B)
Class com.android.build.api.variant.TestFixtures                                      : loaded 3 times (x 66B)
Class org.jetbrains.kotlin.gradle.plugin.statistics.BuildFlowService$recordBuildFinished$1: loaded 3 times (x 75B)
Class com.android.build.gradle.internal.core.dsl.impl.HostTestComponentDslInfoImpl$namespace$2: loaded 3 times (x 75B)
Class com.android.build.gradle.internal.AndroidTestTaskManager                        : loaded 3 times (x 77B)
Class com.android.build.gradle.internal.scope.InternalArtifactType$MERGED_RES_BLAME_FOLDER: loaded 3 times (x 70B)
Class com.android.build.gradle.internal.tasks.ApplicationTaskManager$createDynamicBundleTask$1: loaded 3 times (x 71B)
Class com.android.build.gradle.internal.testing.utp.UtpDependency$2                   : loaded 3 times (x 123B)
Class com.android.build.gradle.internal.SdkComponentsBuildService$VersionedNdkHandler : loaded 3 times (x 68B)
Class com.android.build.gradle.internal.dependency.ExtractProGuardRulesTransform$Companion: loaded 3 times (x 67B)
Class com.android.build.gradle.internal.dependency.DexingRegistration                 : loaded 3 times (x 67B)
Class com.android.build.gradle.internal.dependency.RecalculateStackFramesTransform$Companion$registerRecalculateStackFramesTransform$1$2: loaded 3 times (x 73B)
Class org.jetbrains.kotlin.gradle.plugin.mpp.compilationImpl.factory.KotlinCompilationImplFactory$PostConfigure: loaded 3 times (x 66B)
Class org.jetbrains.kotlin.gradle.plugin.mpp.KotlinJvmAndroidCompilationFactory$WhenMappings: loaded 3 times (x 67B)
Class org.jetbrains.kotlin.gradle.tasks.configuration.BaseKotlinCompileConfig$registerOldTransformations$2: loaded 3 times (x 71B)
Class org.jetbrains.kotlin.gradle.plugin.AndroidProjectHandler$wireKotlinTasks$preJavaKotlinOutput$1: loaded 3 times (x 71B)
Class org.jetbrains.kotlin.gradle.plugin.mpp.compilationImpl.KotlinCompilationImpl$2  : loaded 3 times (x 75B)
Class org.jetbrains.kotlin.gradle.internal.UsesClassLoadersCachingBuildService        : loaded 3 times (x 66B)
Class com.android.build.gradle.internal.TaskManager$configureTestData$1               : loaded 3 times (x 123B)
Class com.android.build.gradle.internal.scope.InternalArtifactType$STRIPPED_NATIVE_LIBS: loaded 3 times (x 70B)
Class com.android.build.api.artifact.SingleArtifact$MERGED_NATIVE_LIBS                : loaded 3 times (x 70B)
Class com.android.build.gradle.tasks.MapSourceSetPathsTask$CreateAction$handleProvider$1: loaded 3 times (x 123B)
Class com.android.build.gradle.internal.tasks.CheckManifest                           : loaded 3 times (x 325B)
Class com.android.build.api.variant.impl.FlatSourceDirectoriesImpl$addStaticSource$1  : loaded 3 times (x 71B)
Class com.android.build.gradle.internal.core.dsl.impl.features.NativeBuildDslInfoImpl : loaded 3 times (x 76B)
Class com.android.build.api.variant.TestedApkPackaging                                : loaded 3 times (x 66B)
Class com.android.build.api.variant.impl.ApplicationVariantBuilderImpl_Decorated      : loaded 3 times (x 262B)
Class org.jetbrains.kotlin.gradle.dsl.PlatformSourceSetConventionsChecker$runChecks$1 : loaded 3 times (x 84B)
Class org.jetbrains.kotlin.gradle.tooling.IncludeKotlinToolingMetadataInApkKt$includeKotlinToolingMetadataInApk$1$1: loaded 3 times (x 71B)
Class org.jetbrains.kotlin.gradle.plugin.sources.android.AndroidVariantTypeKt         : loaded 3 times (x 67B)
Class org.jetbrains.kotlin.gradle.dsl.KotlinJvmCompilerOptionsDefault                 : loaded 3 times (x 100B)
Class org.jetbrains.kotlin.gradle.plugin.PropertiesBuildService$Companion$registerIfAbsent$1: loaded 3 times (x 71B)
Class com.android.build.gradle.internal.dsl.decorator.LockableList                    : loaded 3 times (x 204B)
Class com.android.build.gradle.internal.dsl.decorator.SupportedPropertyType$Var$Int   : loaded 3 times (x 70B)
Class com.android.build.gradle.internal.dsl.decorator.SupportedPropertyType$Var$NullableBoolean: loaded 3 times (x 70B)
Class com.android.builder.model.ProductFlavor                                         : loaded 3 times (x 66B)
Class com.android.build.gradle.internal.services.ConfigPhaseFileCreator$Params        : loaded 3 times (x 66B)
Class com.android.tools.analytics.HostData$classLoadingBean$2                         : loaded 3 times (x 74B)
Class com.android.build.gradle.internal.utils.AnalyticsEnabledValueSource$Params$Inject: loaded 3 times (x 102B)
Class com.android.build.gradle.options.TestRunnerArguments                            : loaded 3 times (x 75B)
Class com.android.build.gradle.internal.core.dsl.PublishableComponentDslInfo          : loaded 3 times (x 66B)
Class com.android.build.gradle.TestedAndroidConfig                                    : loaded 3 times (x 66B)
Class com.android.build.api.component.impl.OldVariantApiLegacySupportImpl$getJavaClasspathArtifacts$extraArtifact$1: loaded 3 times (x 75B)
Class org.jetbrains.kotlin.gradle.plugin.mpp.compilationImpl.KotlinCompilationAssociatorKt: loaded 3 times (x 67B)
Class org.jetbrains.kotlin.gradle.tasks.configuration.BaseKotlinCompileConfig$1$1     : loaded 3 times (x 70B)
Class com.android.build.gradle.internal.publishing.LibraryVariantSpecBuilder          : loaded 3 times (x 86B)
Class com.android.build.gradle.internal.publishing.PublishingSpecs$Companion$5        : loaded 3 times (x 74B)
Class com.android.build.gradle.internal.EnvironmentVariablesPropertiesFactory         : loaded 3 times (x 67B)
Class com.android.builder.model.v2.ide.TestedTargetVariant                            : loaded 3 times (x 66B)
Class com.android.builder.model.v2.models.VariantDependenciesAdjacencyList            : loaded 3 times (x 66B)
Class [Lcom.google.common.util.concurrent.DirectExecutor;                             : loaded 3 times (x 65B)
Class com.android.build.gradle.internal.services.ServiceRegistrationAction$execute$1  : loaded 3 times (x 71B)
Class org.jetbrains.kotlin.gradle.plugin.BuildFinishFlowAction                        : loaded 3 times (x 70B)
Class [Lcom.android.build.gradle.options.BooleanOption;                               : loaded 3 times (x 65B)
Class com.google.gson.FieldNamingPolicy$7                                             : loaded 3 times (x 79B)
Class com.google.gson.internal.bind.TypeAdapters$27                                   : loaded 3 times (x 71B)
Class org.jetbrains.kotlin.gradle.plugin.internal.CompatibilityConventionRegistrar    : loaded 3 times (x 66B)
Class com.android.build.gradle.internal.dsl.DefaultConfig                             : loaded 3 times (x 421B)
Class com.android.build.gradle.internal.dsl.PrivacySandboxKeepRulesImpl               : loaded 3 times (x 84B)
Class com.android.build.gradle.internal.TaskManager$Companion                         : loaded 3 times (x 67B)
Class com.android.builder.model.VectorDrawablesOptions                                : loaded 3 times (x 66B)
Class com.google.common.base.Enums                                                    : loaded 3 times (x 67B)
Class com.android.builder.core.LibraryRequest                                         : loaded 3 times (x 68B)
Class com.android.build.gradle.internal.services.FakeDependencyJarBuildService$FakeDependencyJarCreator$Params$Inject: loaded 3 times (x 104B)
Class com.android.build.gradle.internal.ProguardFileType                              : loaded 3 times (x 75B)
Class com.android.build.gradle.internal.api.ReadOnlyObjectProvider                    : loaded 3 times (x 72B)
Class com.android.build.gradle.internal.SdkType                                       : loaded 3 times (x 75B)
Class org.jetbrains.kotlin.gradle.plugin.UsesVariantImplementationFactories           : loaded 3 times (x 66B)
Class org.jetbrains.kotlin.gradle.plugin.KotlinCompilationInfoKt                      : loaded 3 times (x 67B)
Class org.jetbrains.kotlin.gradle.tasks.KotlinCompile                                 : loaded 3 times (x 489B)
Class com.android.builder.dexing.DependencyGraphUpdater                               : loaded 3 times (x 66B)
Class com.android.build.gradle.tasks.AnalyzeDependenciesTask$CreationAction           : loaded 3 times (x 86B)
Class com.android.build.gradle.internal.tasks.DeviceProviderInstrumentTestTask$CreationAction: loaded 3 times (x 87B)
Class com.android.build.gradle.internal.scope.InternalArtifactType$APKS_FROM_BUNDLE   : loaded 3 times (x 70B)
Class com.android.build.gradle.internal.tasks.AsarsToCompatSplitsTask$CreationAction$handleProvider$1: loaded 3 times (x 123B)
Class com.android.build.gradle.internal.tasks.MergeStartupProfileTask$CreationAction  : loaded 3 times (x 86B)
Class com.android.build.gradle.internal.tasks.ApkZipPackagingTask$CreationAction$handleProvider$1: loaded 3 times (x 123B)
Class com.android.build.gradle.tasks.PackageAndroidArtifact                           : loaded 3 times (x 359B)
Class com.android.build.gradle.internal.scope.InternalArtifactType$PACKAGED_RES       : loaded 3 times (x 70B)
Class com.android.tools.build.jetifier.core.pom.DependencyVersions                    : loaded 3 times (x 68B)
Class com.android.tools.build.jetifier.core.PackageMap$PackageRule$JsonData           : loaded 3 times (x 68B)
Class org.jetbrains.kotlin.gradle.plugin.PropertiesBuildService$Inject                : loaded 3 times (x 92B)
Class com.android.build.gradle.internal.component.HostTestCreationConfig              : loaded 3 times (x 66B)
Class com.android.build.gradle.internal.component.TestCreationConfig                  : loaded 3 times (x 66B)
Class com.android.build.api.attributes.BuildTypeAttr                                  : loaded 3 times (x 66B)
Class com.android.build.gradle.internal.core.dsl.impl.features.OptimizationDslInfoImpl$postProcessingOptions$2: loaded 3 times (x 75B)
Class com.android.build.api.variant.impl.DeviceTestBuilderImpl                        : loaded 3 times (x 98B)
Class com.android.build.api.variant.impl.MutableAndroidVersion                        : loaded 3 times (x 72B)
Class com.android.build.gradle.internal.scope.BuildFeatureValuesImpl                  : loaded 3 times (x 96B)
Class org.jetbrains.kotlin.gradle.internal.StdlibDependencyManagementKt               : loaded 3 times (x 67B)
Class org.jetbrains.kotlin.gradle.utils.ObservableSet                                 : loaded 3 times (x 66B)
Class org.jetbrains.kotlin.gradle.plugin.diagnostics.KotlinToolingDiagnosticsCollectorKt: loaded 3 times (x 67B)
Class org.jetbrains.kotlin.gradle.plugin.mpp.HierarchyAttributeContainer              : loaded 3 times (x 79B)
Class org.jetbrains.kotlin.gradle.tasks.UsesKotlinJavaToolchain                       : loaded 3 times (x 66B)
Class org.jetbrains.kotlin.statistics.metrics.StringOverridePolicy$OVERRIDE           : loaded 3 times (x 81B)
Class com.android.build.gradle.internal.tasks.SourceSetsTask$CreationAction           : loaded 3 times (x 87B)
Class com.android.build.gradle.internal.tasks.factory.GlobalTaskNames                 : loaded 3 times (x 66B)
Class com.android.build.api.artifact.impl.ArtifactsImpl$2$1                           : loaded 3 times (x 76B)
Class com.android.build.api.dsl.PublishingOptions                                     : loaded 3 times (x 66B)
Class com.android.build.gradle.internal.dsl.ExternalNativeCmakeOptions                : loaded 3 times (x 104B)
Class com.android.build.api.dsl.NdkBuild                                              : loaded 3 times (x 66B)
Class com.android.build.api.dsl.BundleAiModelVersion                                  : loaded 3 times (x 66B)
Class com.android.build.gradle.internal.dsl.NdkBuildOptions                           : loaded 3 times (x 88B)
Class com.android.build.gradle.internal.dsl.DataBindingOptions                        : loaded 3 times (x 104B)
Class com.android.build.gradle.internal.services.AndroidLocationsBuildService$AndroidDirectoryCreator: loaded 3 times (x 76B)
Class com.android.build.gradle.internal.dsl.decorator.SupportedPropertyType$Var$File  : loaded 3 times (x 70B)
Class com.android.build.gradle.internal.res.Aapt2FromMaven$Companion$create$1         : loaded 3 times (x 71B)
Class com.android.build.gradle.options.Option$Status                                  : loaded 3 times (x 67B)
Class com.android.prefs.AndroidLocationsProvider                                      : loaded 3 times (x 66B)
Class com.android.build.api.variant.ApplicationVariant                                : loaded 3 times (x 66B)
Class org.jetbrains.kotlin.gradle.plugin.sources.android.configurator.AndroidKaptSourceSetConfigurator: loaded 3 times (x 71B)
Class org.jetbrains.kotlin.gradle.plugin.sources.android.KotlinAndroidSourceSetInfoKt : loaded 3 times (x 67B)
Class org.jetbrains.kotlin.gradle.internal.Kapt3GradleSubplugin                       : loaded 3 times (x 79B)
Class com.android.build.gradle.internal.core.dsl.impl.DslInfoBuilder$Companion        : loaded 3 times (x 67B)
Class org.jetbrains.kotlin.idea.gradleTooling.KotlinGradleModel                       : loaded 3 times (x 66B)
Class com.android.build.api.component.impl.ComponentImpl$oldVariantApiLegacySupport$2 : loaded 3 times (x 75B)
Class com.android.build.api.variant.impl.VariantImpl$pseudoLocalesEnabled$2           : loaded 3 times (x 75B)
Class com.android.build.gradle.internal.core.dsl.InstrumentedTestComponentDslInfo     : loaded 3 times (x 66B)
Class com.android.build.gradle.internal.tasks.ExtractNativeDebugMetadataTask$CreationAction: loaded 3 times (x 87B)
Class com.android.tools.build.jetifier.processor.archive.ArchiveItemVisitor           : loaded 3 times (x 66B)
Class com.google.gson.internal.reflect.ReflectionHelper                               : loaded 3 times (x 67B)
Class com.android.build.gradle.tasks.GenerateManifestJarTask$CreationAction           : loaded 3 times (x 86B)
Class com.android.build.gradle.internal.scope.InternalArtifactType$ANNOTATION_PROCESSOR_LIST: loaded 3 times (x 70B)
Class com.android.build.gradle.internal.scope.InternalArtifactType$DEX_METADATA_DIRECTORY: loaded 3 times (x 70B)
Class com.android.build.gradle.internal.tasks.ApplicationTaskManager$doCreateTasksForVariant$d8DexStartupOptimizationEnabled$1: loaded 3 times (x 70B)
Class com.android.builder.model.v2.ide.Variant                                        : loaded 3 times (x 66B)
Class com.android.build.api.artifact.SingleArtifact$BUNDLE                            : loaded 3 times (x 70B)
Class com.android.build.gradle.internal.testing.utp.UtpDependency$1                   : loaded 3 times (x 123B)
Class com.android.build.gradle.internal.SdkComponentsBuildService$Inject              : loaded 3 times (x 96B)
Class com.android.build.gradle.internal.dependency.RecalculateStackFramesTransform    : loaded 3 times (x 75B)
Class com.android.build.gradle.internal.dependency.RecalculateStackFramesTransform$Companion$registerRecalculateStackFramesTransform$1$1: loaded 3 times (x 71B)
Class com.android.build.gradle.internal.dependency.RecalculateStackFramesTransform$Inject1: loaded 3 times (x 106B)
Class com.android.build.gradle.tasks.GenerateBuildConfig                              : loaded 3 times (x 337B)
Class com.android.build.gradle.tasks.AidlCompile                                      : loaded 3 times (x 329B)
Class com.android.build.gradle.internal.scope.BuildArtifactSpec$Companion             : loaded 3 times (x 67B)
Class org.jetbrains.kotlin.gradle.incremental.UsesIncrementalModuleInfoBuildService   : loaded 3 times (x 66B)
Class org.jetbrains.kotlin.gradle.plugin.mpp.compilationImpl.KotlinCompilationK2MultiplatformConfigurator: loaded 3 times (x 70B)
Class com.android.build.gradle.internal.dependency.ExtractJniTransform                : loaded 3 times (x 74B)
Class com.android.build.gradle.internal.scope.InternalMultipleArtifactType$EXTERNAL_LIBS_DEX: loaded 3 times (x 70B)
Class com.android.build.gradle.tasks.JavaCompileCreationAction$handleProvider$1       : loaded 3 times (x 74B)
Class com.android.build.api.component.impl.features.ResValuesCreationConfigImpl       : loaded 3 times (x 71B)
Class com.google.gson.internal.ConstructorConstructor$16                              : loaded 3 times (x 71B)
Class com.android.build.api.component.impl.DeviceTestImpl$androidResources$2          : loaded 3 times (x 75B)
Class com.android.build.api.variant.impl.ApplicationVariantImpl$dependenciesInfo$2    : loaded 3 times (x 75B)
Class org.jetbrains.kotlin.gradle.dsl.KotlinJvmCompile                                : loaded 3 times (x 66B)
Class org.jetbrains.kotlin.gradle.dsl.PlatformSourceSetConventionsChecker$runChecks$3 : loaded 3 times (x 84B)
Class [Lorg.jetbrains.kotlin.gradle.plugin.diagnostics.KotlinGradleProjectChecker;    : loaded 3 times (x 65B)
Class org.jetbrains.kotlin.gradle.plugin.sources.android.configurator.Agp7AddKotlinSourcesToAndroidSourceSetConfigurator$configure$1: loaded 3 times (x 71B)
Class org.jetbrains.kotlin.gradle.plugin.sources.android.AndroidBaseSourceSetName$Main: loaded 3 times (x 68B)
Class org.jetbrains.kotlin.gradle.plugin.DefaultKotlinBasePlugin$apply$2              : loaded 3 times (x 71B)
Class org.jetbrains.kotlin.gradle.plugin.PropertiesProvider$Companion                 : loaded 3 times (x 67B)
Class org.jetbrains.kotlin.gradle.utils.SingleAction                                  : loaded 3 times (x 69B)
Class org.jetbrains.kotlin.gradle.plugin.internal.DefaultConfigurationTimePropertiesAccessorVariantFactory: loaded 3 times (x 72B)
Class com.android.build.api.dsl.Device                                                : loaded 3 times (x 66B)
Class [Lcom.google.common.base.CaseFormat;                                            : loaded 3 times (x 65B)
Class com.android.build.api.dsl.TestBaseFlavor                                        : loaded 3 times (x 66B)
Class com.android.build.gradle.internal.dsl.VectorDrawablesOptions                    : loaded 3 times (x 83B)
Class com.google.wireless.android.sdk.stats.JavaProcessStats$Builder                  : loaded 3 times (x 301B)
Class com.android.build.api.dsl.LibraryBuildType                                      : loaded 3 times (x 66B)
Class com.google.wireless.android.sdk.stats.GradleBuildVariant$Builder                : loaded 3 times (x 376B)
Class com.android.build.gradle.internal.profile.NoOpAnalyticsService$RegistrationAction: loaded 3 times (x 70B)
Class com.google.gson.internal.bind.ReflectiveTypeAdapterFactory                      : loaded 3 times (x 71B)
Class com.google.gson.internal.sql.SqlTimestampTypeAdapter                            : loaded 3 times (x 72B)
Class com.android.prefs.AndroidLocationsException                                     : loaded 3 times (x 78B)
Class com.android.build.gradle.internal.tasks.factory.BootClasspathConfigImpl         : loaded 3 times (x 75B)
Class com.android.build.gradle.internal.tasks.factory.GlobalTaskCreationConfig        : loaded 3 times (x 66B)
Class com.android.build.gradle.internal.tasks.factory.BootClasspathConfig             : loaded 3 times (x 66B)
Class org.jetbrains.kotlin.gradle.tasks.configuration.BaseKotlinCompileConfig$registerOldTransformations$1: loaded 3 times (x 71B)
Class com.android.build.gradle.internal.publishing.PublishingSpecs$Companion$4        : loaded 3 times (x 74B)
Class org.jetbrains.kotlin.gradle.internal.Kapt3KotlinGradleSubpluginKt               : loaded 3 times (x 67B)
Class org.jetbrains.kotlin.gradle.plugin.sources.FragmentConsistencyChecks$languageVersionCheck$1$1: loaded 3 times (x 75B)
Class com.android.builder.model.v2.models.VariantDependencies                         : loaded 3 times (x 66B)
Class com.google.common.base.VerifyException                                          : loaded 3 times (x 78B)
Class com.google.common.collect.ImmutableRangeSet$ComplementRanges                    : loaded 3 times (x 203B)
Class org.gradle.internal.IoActions                                                   : loaded 3 times (x 67B)
Class org.jetbrains.kotlin.idea.gradleTooling.model.assignment.AssignmentModel        : loaded 3 times (x 66B)
Class com.google.protobuf.CodedInputStream                                            : loaded 3 times (x 115B)
Class com.google.wireless.android.sdk.stats.GradleBuildProfileSpan                    : loaded 3 times (x 211B)
Class com.android.build.gradle.internal.plugins.BasePlugin$apply$1                    : loaded 3 times (x 71B)
Class com.android.build.gradle.options.ApiStage$Removed                               : loaded 3 times (x 68B)
Class com.google.gson.FieldNamingPolicy$6                                             : loaded 3 times (x 79B)
Class com.google.gson.internal.bind.TypeAdapters$26                                   : loaded 3 times (x 71B)
Class com.google.gson.internal.bind.ArrayTypeAdapter                                  : loaded 3 times (x 70B)
Class com.android.build.gradle.internal.variant.BaseVariantData$getGeneratedBytecode$1: loaded 3 times (x 70B)
Class com.android.build.gradle.internal.publishing.TestFixturesVariantSpecBuilder     : loaded 3 times (x 86B)
Class com.android.build.gradle.internal.dependency.DexingOutputSplitTransformKt$registerTransformWithOutputType$1$WhenMappings: loaded 3 times (x 67B)
Class com.android.build.gradle.internal.tasks.AndroidTestTask                         : loaded 3 times (x 66B)
Class [Lcom.android.build.gradle.internal.tasks.DexMergingAction;                     : loaded 3 times (x 65B)
Class com.android.build.gradle.internal.tasks.ClassesClasspathUtils                   : loaded 3 times (x 68B)
Class com.android.build.gradle.tasks.JavaCompileCreationAction$handleProvider$2       : loaded 3 times (x 74B)
Class com.android.build.gradle.internal.scope.InternalArtifactType$LINKED_RESOURCES_FOR_BUNDLE_PROTO_FORMAT: loaded 3 times (x 70B)
Class com.android.build.gradle.internal.scope.InternalArtifactType$LINKED_RESOURCES_BINARY_FORMAT: loaded 3 times (x 70B)
Class com.android.build.gradle.internal.tasks.ExtractNativeDebugMetadataTask$SymbolTableCreationAction: loaded 3 times (x 87B)
Class [Lcom.android.build.gradle.internal.variant.BaseVariantData$DiscoverableFilterType;: loaded 3 times (x 65B)
Class com.google.protobuf.GeneratedMessageV3$Builder                                  : loaded 3 times (x 272B)
Class org.jetbrains.kotlin.gradle.tooling.IncludeKotlinToolingMetadataInApkKt$includeKotlinToolingMetadataInApk$1: loaded 3 times (x 71B)
Class org.jetbrains.kotlin.gradle.utils.ForEachAndroidVariantKt                       : loaded 3 times (x 67B)
Class org.jetbrains.kotlin.gradle.plugin.diagnostics.UsesKotlinToolingDiagnostics     : loaded 3 times (x 66B)
Class org.jetbrains.kotlin.tooling.core.ExtrasPropertyKt$extrasLazyProperty$1         : loaded 3 times (x 90B)
Class com.android.build.gradle.internal.tasks.SigningConfigUtils$Companion            : loaded 3 times (x 67B)
Class com.android.build.gradle.api.AndroidSourceDirectorySet                          : loaded 3 times (x 66B)
Class com.android.build.gradle.internal.dsl.NdkOptions                                : loaded 3 times (x 112B)
Class com.android.build.api.dsl.CompileOptions                                        : loaded 3 times (x 66B)
Class com.google.protobuf.MessageLite                                                 : loaded 3 times (x 66B)
Class com.google.protobuf.GeneratedMessageV3                                          : loaded 3 times (x 173B)
Class com.google.gson.internal.sql.SqlDateTypeAdapter$1                               : loaded 3 times (x 71B)
Class com.android.build.gradle.options.OptionParsers                                  : loaded 3 times (x 67B)
Class com.google.gson.Gson$4                                                          : loaded 3 times (x 72B)
Class com.android.build.gradle.internal.services.AndroidLocationsBuildService         : loaded 3 times (x 86B)
Class com.google.gson.internal.ConstructorConstructor                                 : loaded 3 times (x 68B)
Class com.android.build.api.variant.Variant                                           : loaded 3 times (x 66B)
Class com.android.build.api.dsl.ApplicationExtension                                  : loaded 3 times (x 66B)
Class com.android.tools.analytics.HostData$runtimeBean$2                              : loaded 3 times (x 74B)
Class com.android.prefs.QueryResult                                                   : loaded 3 times (x 80B)
Class [Lcom.google.wireless.android.sdk.stats.GradleBuildVariant$VariantType;         : loaded 3 times (x 65B)
Class com.android.build.gradle.internal.dsl.AndroidSourceSetFactory                   : loaded 3 times (x 73B)
Class com.android.builder.model.BaseConfig                                            : loaded 3 times (x 66B)
Class com.android.build.api.dsl.VariantDimension                                      : loaded 3 times (x 66B)
Class com.android.builder.core.ToolsRevisionUtils                                     : loaded 3 times (x 67B)
Class com.android.build.api.dsl.UnitTestOptions                                       : loaded 3 times (x 66B)
Class com.android.build.gradle.internal.tasks.factory.GlobalTaskCreationConfigImpl$Companion: loaded 3 times (x 67B)
Class com.android.builder.model.v2.ide.Library                                        : loaded 3 times (x 66B)
Class com.android.builder.model.v2.ide.ArtifactDependenciesAdjacencyList              : loaded 3 times (x 66B)
Class com.android.builder.model.CodeShrinker                                          : loaded 3 times (x 75B)
Class com.android.build.gradle.internal.dsl.PostProcessingBlock_Decorated             : loaded 3 times (x 169B)
Class com.android.build.gradle.internal.plugins.BasePlugin$variantManager$2$1         : loaded 3 times (x 75B)
Class com.android.build.gradle.internal.dependency.ArtifactCollectionWithExtraArtifact$ExtraArtifactType: loaded 3 times (x 75B)
Class org.jetbrains.kotlin.gradle.utils.FailuresKt                                    : loaded 3 times (x 67B)
Class org.jetbrains.kotlin.gradle.tooling.BuildKotlinToolingMetadataTask$FromKotlinExtension: loaded 3 times (x 313B)
Class org.jetbrains.kotlin.gradle.tasks.TasksProviderKt$sam$org_gradle_api_Action$0   : loaded 3 times (x 71B)
Class org.jetbrains.kotlin.gradle.plugin.KotlinPluginLifecycle$CoroutineStart         : loaded 3 times (x 75B)
Class org.jetbrains.kotlin.gradle.internal.StdlibDependencyManagementKt$configureStdlibVersionAlignment$1$1: loaded 3 times (x 71B)
Class org.jetbrains.kotlin.gradle.plugin.internal.DefaultIdeaSyncDetector             : loaded 3 times (x 71B)
Class com.android.build.gradle.internal.scope.AndroidTestBuildFeatureValuesImpl       : loaded 3 times (x 96B)
Class com.android.build.api.variant.impl.FileBasedDirectoryEntryImpl                  : loaded 3 times (x 80B)
Class com.android.builder.model.v2.models.Versions                                    : loaded 3 times (x 66B)
Class com.android.build.gradle.internal.scope.InternalArtifactType$LOCAL_AAR_FOR_LINT : loaded 3 times (x 70B)
Class org.jetbrains.kotlin.gradle.internal.transforms.ClasspathEntrySnapshotTransform$Parameters: loaded 3 times (x 69B)
Class org.jetbrains.kotlin.gradle.plugin.mpp.compilationImpl.DefaultKotlinCompilationSourceSetsContainer$allKotlinSourceSetsImpl$1$1: loaded 3 times (x 121B)
Class org.jetbrains.kotlin.gradle.plugin.mpp.compilationImpl.DefaultKotlinCompilationSourceSetsContainer: loaded 3 times (x 74B)
Class com.android.build.gradle.internal.dependency.ExtractProGuardRulesTransform      : loaded 3 times (x 74B)
Class com.android.build.gradle.internal.scope.InternalArtifactType$CONNECTED_ANDROID_TEST_ADDITIONAL_OUTPUT: loaded 3 times (x 70B)
Class com.android.build.gradle.internal.scope.InternalArtifactType$GLOBAL_SYNTHETICS_EXTERNAL_LIB: loaded 3 times (x 70B)
Class com.android.build.api.variant.impl.ResourcesPackagingImpl$merges$1              : loaded 3 times (x 71B)
Class com.android.build.gradle.internal.scope.InternalArtifactType$DATA_BINDING_LAYOUT_INFO_TYPE_PACKAGE: loaded 3 times (x 70B)
Class com.android.build.gradle.internal.tasks.NewIncrementalTask                      : loaded 3 times (x 324B)
Class com.android.build.gradle.internal.tasks.factory.features.ResValuesTaskCreationAction: loaded 3 times (x 66B)
Class com.android.build.api.artifact.TaskBasedOperation                               : loaded 3 times (x 66B)
Class com.android.build.gradle.internal.scope.InternalArtifactType$BUNDLE_MANIFEST    : loaded 3 times (x 70B)
Class com.android.build.gradle.tasks.ProcessManifestForBundleTask                     : loaded 3 times (x 327B)
Class com.android.build.gradle.internal.dependency.ProvidedClasspath                  : loaded 3 times (x 67B)
Class com.android.tools.build.jetifier.processor.transform.proguard.ProGuardClassSpecParser$Companion: loaded 3 times (x 67B)
Class com.google.gson.internal.ConstructorConstructor$18                              : loaded 3 times (x 71B)
Class com.android.build.gradle.internal.core.dsl.impl.ApplicationVariantDslInfoImpl$versionName$2$2: loaded 3 times (x 71B)
Class com.android.build.gradle.tasks.ProcessApplicationManifest                       : loaded 3 times (x 348B)
Class org.jetbrains.kotlin.gradle.plugin.diagnostics.checkers.DeprecatedKotlinNativeTargetsChecker: loaded 3 times (x 70B)
Class org.jetbrains.kotlin.tooling.core.AbstractExtras                                : loaded 3 times (x 137B)
Class org.jetbrains.kotlin.gradle.plugin.KotlinPluginLifecycle$Stage$Companion        : loaded 3 times (x 67B)
Class org.jetbrains.kotlin.gradle.plugin.internal.KotlinTestReportCompatibilityHelper : loaded 3 times (x 66B)
Class com.android.build.gradle.internal.lint.AndroidLintGlobalTask                    : loaded 3 times (x 317B)
Class com.android.build.gradle.internal.dsl.BuildType$Companion                       : loaded 3 times (x 67B)
Class com.android.build.api.artifact.Artifacts                                        : loaded 3 times (x 66B)
Class com.android.build.gradle.internal.services.FakeDependencyJarBuildService$lazyCachedFakeJar$1: loaded 3 times (x 71B)
Class com.android.build.gradle.internal.dsl.JavaCompileOptions$AgpDecorated_Decorated : loaded 3 times (x 130B)
Class com.android.build.gradle.internal.dsl.BundleOptionsLanguage                     : loaded 3 times (x 73B)
Class com.android.build.gradle.internal.dsl.BundleOptionsCountrySet                   : loaded 3 times (x 77B)
Class com.android.build.api.dsl.DynamicFeatureProductFlavor                           : loaded 3 times (x 66B)
Class com.android.builder.model.Named                                                 : loaded 3 times (x 66B)
Class com.android.build.gradle.internal.scope.ArtifactPublishingUtil$publishIntermediateArtifact$2: loaded 3 times (x 75B)
Class com.google.protobuf.MessageLite$Builder                                         : loaded 3 times (x 66B)
Class com.android.build.gradle.options.ApiStage$Experimental                          : loaded 3 times (x 68B)
Class com.android.build.gradle.internal.core.dsl.ApkProducingComponentDslInfo         : loaded 3 times (x 66B)
Class com.android.build.api.extension.impl.AndroidComponentsExtensionImpl             : loaded 3 times (x 101B)
Class org.jetbrains.plugins.gradle.model.IntelliJProjectSettings                      : loaded 3 times (x 66B)
Class org.jetbrains.kotlin.idea.gradleTooling.model.annotation.AnnotationBasedPluginModel: loaded 3 times (x 66B)
Class com.android.build.gradle.tasks.ProcessApplicationManifest$CreationAction$handleProvider$4: loaded 3 times (x 70B)
Class com.android.build.gradle.internal.component.KmpComponentCreationConfig          : loaded 3 times (x 66B)
Class com.android.build.gradle.internal.tasks.MergeGeneratedProguardFilesCreationAction$Companion: loaded 3 times (x 67B)
Class org.jetbrains.kotlin.gradle.plugin.mpp.KotlinJvmCompilation                     : loaded 3 times (x 198B)
Class [Lcom.android.build.gradle.internal.scope.Java8LangSupport;                     : loaded 3 times (x 65B)
Class com.google.common.collect.SortedIterable                                        : loaded 3 times (x 66B)
Class com.android.build.gradle.internal.scope.InternalArtifactType$NATIVE_SYMBOL_TABLES: loaded 3 times (x 70B)
Class org.jetbrains.kotlin.utils.DescriptionAware                                     : loaded 3 times (x 66B)
Class com.android.build.gradle.internal.scope.InternalArtifactType$CODE_COVERAGE      : loaded 3 times (x 70B)
Class com.android.build.gradle.internal.NdkHandlerInput                               : loaded 3 times (x 69B)
Class com.android.build.gradle.internal.dependency.DexingOutputSplitTransform$DexOutput: loaded 3 times (x 75B)
Class com.android.build.api.artifact.SingleArtifact$OBFUSCATION_MAPPING_FILE          : loaded 3 times (x 70B)
Class org.jetbrains.kotlin.gradle.utils.ParsedGradleVersion                           : loaded 3 times (x 70B)
Class org.jetbrains.kotlin.gradle.internal.ClassLoadersCachingBuildService$Companion$registerIfAbsent$1$1$1: loaded 3 times (x 71B)
Class com.android.build.gradle.internal.scope.InternalArtifactType$AAPT_PROGUARD_FILE : loaded 3 times (x 70B)
Class com.android.build.gradle.internal.scope.InternalArtifactType$FEATURE_NAME       : loaded 3 times (x 70B)
Class com.android.build.gradle.internal.publishing.PublishingSpecs$Companion$3        : loaded 3 times (x 74B)
Class com.android.builder.model.v2.models.ndk.NativeModule                            : loaded 3 times (x 66B)
Class com.android.build.gradle.internal.scope.InternalArtifactType$MODULE_AND_RUNTIME_DEPS_CLASSES: loaded 3 times (x 70B)
Class org.jetbrains.kotlin.gradle.internal.StdlibDependencyManagementKt$addStdlibDependency$1$1: loaded 3 times (x 75B)
Class org.jetbrains.kotlin.gradle.tasks.configuration.BaseKotlinCompileConfig$2$1     : loaded 3 times (x 71B)
Class org.jetbrains.kotlin.gradle.plugin.mpp.compilationImpl.factory.DefaultProcessResourcesTaskNameFactory: loaded 3 times (x 70B)
Class com.android.build.gradle.internal.dependency.ModelArtifactCompatibilityRule$Companion: loaded 3 times (x 67B)
Class com.android.builder.files.SerializableFileChanges                               : loaded 3 times (x 68B)
Class com.android.build.gradle.internal.dependency.AarToClassTransform$Params         : loaded 3 times (x 66B)
Class com.android.build.gradle.internal.DependencyConfigurator                        : loaded 3 times (x 68B)
Class com.android.build.gradle.internal.scope.InternalArtifactType$SDK_DEPENDENCY_DATA: loaded 3 times (x 70B)
Class com.android.build.gradle.internal.scope.InternalArtifactType$BUNDLE_DEPENDENCY_REPORT: loaded 3 times (x 70B)
Class com.google.gson.internal.LinkedTreeMap$LinkedTreeMapIterator                    : loaded 3 times (x 76B)
Class com.google.gson.internal.ConstructorConstructor$19                              : loaded 3 times (x 72B)
Class com.android.build.gradle.internal.component.features.NativeBuildCreationConfig  : loaded 3 times (x 66B)
Class com.android.build.api.variant.Packaging                                         : loaded 3 times (x 66B)
Class com.android.build.gradle.internal.core.dsl.impl.ConsumableComponentDslInfoImpl$shadersDslInfo$2: loaded 3 times (x 75B)
Class com.android.build.api.variant.impl.FlatSourceDirectoriesImpl$getAsFileTreesForOldVariantAPI$1: loaded 3 times (x 71B)
Class org.jetbrains.kotlin.gradle.plugin.sources.DefaultKotlinSourceSet_Decorated     : loaded 3 times (x 188B)
Class org.jetbrains.kotlin.gradle.utils.GradleUtilsKt$registerClassLoaderScopedBuildService$1: loaded 3 times (x 70B)
Class org.jetbrains.kotlin.gradle.plugin.mpp.KotlinCompilationsKt                     : loaded 3 times (x 67B)
Class org.jetbrains.kotlin.statistics.metrics.StringOverridePolicy                    : loaded 3 times (x 81B)
Class com.android.build.gradle.internal.tasks.factory.BootClasspathConfigImpl$fullBootClasspathProvider$2: loaded 3 times (x 75B)
Class com.android.tools.lint.model.LintModelSeverity$Companion                        : loaded 3 times (x 67B)
Class com.android.build.api.artifact.Artifact                                         : loaded 3 times (x 70B)
Class com.android.build.gradle.internal.api.LazyAndroidSourceSet$sourceSet$1          : loaded 3 times (x 75B)
Class com.android.build.gradle.internal.dsl.ExternalNativeCmakeOptions_Decorated      : loaded 3 times (x 152B)
Class org.jetbrains.kotlin.gradle.plugin.KotlinCompilation$Companion                  : loaded 3 times (x 67B)
Class com.android.builder.core.AbstractBuildType                                      : loaded 3 times (x 149B)
Class com.android.builder.profile.Recorder                                            : loaded 3 times (x 66B)
Class com.android.build.gradle.internal.plugins.AndroidPluginBaseServices             : loaded 3 times (x 74B)
Class com.google.wireless.android.sdk.stats.GradleBuildProfileSpanOrBuilder           : loaded 3 times (x 66B)
Class com.google.protobuf.Parser                                                      : loaded 3 times (x 66B)
Class com.google.gson.internal.bind.ReflectiveTypeAdapterFactory$Adapter              : loaded 3 times (x 73B)
Class com.google.gson.internal.bind.TypeAdapters$10                                   : loaded 3 times (x 71B)
Class com.android.build.gradle.internal.ClasspathVerifier                             : loaded 3 times (x 67B)
Class com.android.build.gradle.internal.plugins.BasePlugin$dslServices$2              : loaded 3 times (x 75B)
Class com.android.build.gradle.options.TestRunnerArguments$Companion                  : loaded 3 times (x 67B)
Class com.google.common.util.concurrent.DirectExecutor                                : loaded 3 times (x 78B)
Class org.gradle.accessors.dm.LibrariesForLibs$AndroidPluginAccessors                 : loaded 3 times (x 70B)
Class com.android.build.gradle.internal.plugins.VersionCheckPlugin$apply$1            : loaded 3 times (x 75B)
Class com.android.utils.Environment$Companion                                         : loaded 3 times (x 67B)
Class com.google.gson.FieldNamingPolicy$5                                             : loaded 3 times (x 79B)
Class com.google.gson.internal.bind.TypeAdapters$25                                   : loaded 3 times (x 71B)
Class com.google.protobuf.LazyStringList                                              : loaded 3 times (x 66B)
Class com.android.builder.profile.NameAnonymizer                                      : loaded 3 times (x 68B)
Class [Lcom.android.prefs.VariableType;                                               : loaded 3 times (x 65B)
Class com.android.build.gradle.internal.plugins.BasePlugin$versionedSdkLoaderService$2$1: loaded 3 times (x 75B)
Class org.bouncycastle.operator.OperatorCreationException                             : loaded 3 times (x 78B)
Class com.android.build.gradle.internal.dsl.BundleOptionsTexture                      : loaded 3 times (x 77B)
Class com.android.build.api.dsl.JavaCompileOptions                                    : loaded 3 times (x 66B)
Class com.android.builder.model.v2.ide.PrivacySandboxSdkInfo                          : loaded 3 times (x 66B)
Class com.android.build.gradle.internal.dsl.PackagingOptions                          : loaded 3 times (x 107B)
Class com.android.build.api.artifact.ArtifactKind                                     : loaded 3 times (x 68B)
Class com.android.build.gradle.internal.dsl.AdbOptions                                : loaded 3 times (x 88B)
Class com.android.build.gradle.internal.dsl.BundleOptionsDensity$AgpDecorated_Decorated: loaded 3 times (x 125B)
Class com.android.build.gradle.internal.services.VariantBuilderServicesImpl           : loaded 3 times (x 85B)
Class org.jetbrains.kotlin.gradle.plugin.internal.CustomPropertiesFileValueSource     : loaded 3 times (x 78B)
Class org.jetbrains.kotlin.gradle.dsl.DefaultToolchainSupport                         : loaded 3 times (x 72B)
Class org.jetbrains.kotlin.gradle.plugin.KotlinPluginLifecycle$ProjectConfigurationResult: loaded 3 times (x 67B)
Class com.android.build.gradle.internal.scope.InternalArtifactType$COMPILE_LIBRARY_CLASSES_JAR: loaded 3 times (x 70B)
Class org.jetbrains.kotlin.gradle.plugin.mpp.InternalKotlinTargetKt$special$$inlined$futureExtension$1: loaded 3 times (x 75B)
Class com.android.build.gradle.internal.dependency.DexingRegistration$registerTransform$1: loaded 3 times (x 71B)
Class com.android.build.gradle.internal.dependency.CollectClassesTransform            : loaded 3 times (x 74B)
Class com.android.build.gradle.internal.HostTestTaskManager$createRunHostTestTask$1   : loaded 3 times (x 71B)
Class com.android.build.gradle.internal.testing.utp.UtpDependency                     : loaded 3 times (x 75B)
Class com.android.build.gradle.internal.scope.InternalArtifactType$APK_ZIP            : loaded 3 times (x 70B)
Class com.android.build.gradle.internal.tasks.ListingFileRedirectTask                 : loaded 3 times (x 326B)
Class [Lcom.android.build.gradle.internal.publishing.ArtifactCategory;                : loaded 3 times (x 65B)
Class [Lcom.android.build.gradle.internal.publishing.AndroidArtifacts$ArtifactScope;  : loaded 3 times (x 65B)
Class com.android.build.gradle.internal.dsl.InstrumentationImpl                       : loaded 3 times (x 73B)
Class com.android.tools.build.jetifier.core.type.TypesMap                             : loaded 3 times (x 68B)
Class com.android.build.api.component.impl.DeviceTestImpl$optimizationCreationConfig$2: loaded 3 times (x 75B)
Class com.android.build.gradle.internal.core.MergedFlavor$Companion                   : loaded 3 times (x 67B)
Class org.jetbrains.kotlin.gradle.InternalKotlinGradlePluginApi                       : loaded 3 times (x 66B)
Class org.jetbrains.kotlin.gradle.model.builder.KotlinModelBuilder$Companion          : loaded 3 times (x 67B)
Class org.jetbrains.kotlin.gradle.internal.KotlinDependenciesManagementKt$configureDefaultVersionsResolutionStrategy$1: loaded 3 times (x 71B)
Class org.jetbrains.kotlin.gradle.internal.KotlinDependenciesManagementKt$customizeKotlinDependencies$coreLibrariesVersion$1: loaded 3 times (x 75B)
Class org.jetbrains.kotlin.gradle.utils.AndroidExtensionUitlsKt                       : loaded 3 times (x 67B)
Class org.jetbrains.kotlin.gradle.plugin.mpp.KotlinUsages                             : loaded 3 times (x 67B)
Class org.jetbrains.kotlin.gradle.dsl.KotlinAndroidProjectExtension_Decorated         : loaded 3 times (x 145B)
Class [Lorg.jetbrains.kotlin.build.report.metrics.GradleBuildPerformanceMetric;       : loaded 3 times (x 65B)
Class [Lcom.android.build.api.artifact.impl.InternalScopedArtifacts$InternalScope;    : loaded 3 times (x 65B)
Class com.android.build.gradle.internal.dsl.ComposeOptionsImpl_Decorated              : loaded 3 times (x 132B)
Class com.google.protobuf.CodedInputStream$UnsafeDirectNioDecoder                     : loaded 3 times (x 116B)
Class com.android.build.gradle.internal.dsl.decorator.DslDecorator$cache$1            : loaded 3 times (x 71B)
Class com.android.build.api.dsl.DensitySplit                                          : loaded 3 times (x 66B)
Class com.google.wireless.android.sdk.stats.GradleBuildVariant$VariantType            : loaded 3 times (x 83B)
Class com.android.ProgressManagerAdapter                                              : loaded 3 times (x 69B)
Class com.google.protobuf.Descriptors$GenericDescriptor                               : loaded 3 times (x 71B)
Class com.google.gson.internal.bind.TypeAdapters$11                                   : loaded 3 times (x 71B)
Class com.android.ide.common.blame.MessageJsonSerializer                              : loaded 3 times (x 72B)
Class [Lcom.google.gson.FieldNamingPolicy;                                            : loaded 3 times (x 65B)
Class com.android.build.api.dsl.DynamicFeatureVariantDimension                        : loaded 3 times (x 66B)
Class com.android.build.gradle.internal.dsl.decorator.SupportedPropertyType$Collection$Set: loaded 3 times (x 70B)
Class com.android.build.gradle.options.ProjectOptionService$Inject                    : loaded 3 times (x 93B)
Class com.android.build.gradle.internal.plugins.FusedLibraryPlugin                    : loaded 3 times (x 77B)
Class com.android.build.api.dsl.AndroidResources                                      : loaded 3 times (x 66B)
Class com.android.build.gradle.internal.dsl.ConsumerKeepRulesImpl                     : loaded 3 times (x 88B)
Class org.jetbrains.kotlin.gradle.dsl.KotlinVersion$Companion                         : loaded 3 times (x 67B)
Class org.jetbrains.kotlin.gradle.plugin.mpp.KotlinOnlyTarget                         : loaded 3 times (x 149B)
Class org.jetbrains.kotlin.gradle.targets.js.npm.BaseNpmDependencyExtension           : loaded 3 times (x 66B)
Class com.android.build.gradle.internal.manifest.ManifestValueSource$Params           : loaded 3 times (x 66B)
Class com.android.build.gradle.internal.core.dsl.impl.ComponentDslInfoImpl            : loaded 3 times (x 114B)
Class org.jetbrains.plugins.gradle.model.VersionCatalogsModel                         : loaded 3 times (x 66B)
Class com.intellij.gradle.toolingExtension.impl.model.taskIndex.GradleTaskRequest     : loaded 3 times (x 66B)
Class com.android.build.gradle.internal.core.MergedOptimization                       : loaded 3 times (x 72B)
Class com.android.build.api.variant.impl.DeviceTestBuilderImpl$Companion              : loaded 3 times (x 67B)
Class com.android.build.api.attributes.AgpVersionAttr$Companion                       : loaded 3 times (x 67B)
Class org.jetbrains.kotlin.gradle.plugin.statistics.BuildFlowService$Parameters$Inject: loaded 3 times (x 104B)
Class com.google.common.collect.ImmutableMultimap$Values                              : loaded 3 times (x 122B)
Class com.android.build.gradle.internal.scope.MutableTaskContainer                    : loaded 3 times (x 92B)
Class com.android.builder.model.v2.ide.Installation                                   : loaded 3 times (x 66B)
Class com.android.build.gradle.internal.variant.TestVariantData                       : loaded 3 times (x 68B)
Class com.android.build.api.component.impl.HostTestImpl$androidResourcesCreationConfig$2: loaded 3 times (x 75B)
Class com.google.gson.internal.LinkedTreeMap$EntrySet$1                               : loaded 3 times (x 77B)
Class com.android.build.gradle.internal.ScreenshotTestTaskManager                     : loaded 3 times (x 77B)
Class com.android.build.gradle.internal.scope.InternalArtifactType$APK_IDE_MODEL      : loaded 3 times (x 70B)
Class com.android.build.gradle.tasks.ProcessApplicationManifest$CreationAction$handleProvider$3: loaded 3 times (x 123B)
Class com.android.build.api.variant.impl.SigningConfigImpl$storeType$1                : loaded 3 times (x 71B)
Class com.android.build.gradle.internal.SdkLocationSourceSet                          : loaded 3 times (x 68B)
Class com.android.build.gradle.internal.services.Aapt2Input                           : loaded 3 times (x 66B)
Class com.android.build.gradle.internal.publishing.PublishingSpecs$Companion$2        : loaded 3 times (x 74B)
Class com.android.build.gradle.internal.scope.InternalArtifactType$ANDROID_TEST_LINT_PARTIAL_RESULTS: loaded 3 times (x 70B)
Class com.android.build.gradle.internal.scope.InternalArtifactType$DATA_BINDING_ARTIFACT: loaded 3 times (x 70B)
Class com.android.build.gradle.internal.VariantTaskManager$addBindingDependenciesIfNecessary$viewBindingEnabled$1: loaded 3 times (x 76B)
Class org.jetbrains.kotlin.gradle.targets.js.ir.KotlinJsIrTarget                      : loaded 3 times (x 241B)
Class org.jetbrains.kotlin.gradle.plugin.HasCompilerOptions                           : loaded 3 times (x 66B)
Class org.jetbrains.kotlin.gradle.plugin.mpp.compilationImpl.DefautlKotlinCompilationPreConfigureKt: loaded 3 times (x 67B)
Class org.jetbrains.kotlin.gradle.plugin.mpp.compilationImpl.DefaultKotlinCompilationFriendPathsResolver$FriendArtifactResolver: loaded 3 times (x 66B)
Class com.android.build.gradle.internal.dependency.LibrarySymbolTableTransform        : loaded 3 times (x 74B)
Class com.android.build.gradle.internal.attribution.CheckJetifierBuildService$Parameters_Decorated: loaded 3 times (x 130B)
Class com.android.build.gradle.internal.test.AbstractTestDataImpl$animationsDisabled$1: loaded 3 times (x 74B)
Class com.android.build.gradle.internal.tasks.AppMetadataTaskKt                       : loaded 3 times (x 67B)
Class com.android.build.gradle.internal.tasks.DexMergingTask$CreationAction           : loaded 3 times (x 89B)
Class com.android.build.gradle.internal.scope.InternalArtifactType$DUPLICATE_CLASSES_CHECK: loaded 3 times (x 70B)
Class com.android.build.gradle.internal.scope.InternalArtifactType$MERGED_TEST_ONLY_NATIVE_LIBS: loaded 3 times (x 70B)
Class com.android.build.gradle.internal.scope.InternalArtifactType$MERGED_JNI_LIBS    : loaded 3 times (x 70B)
Class com.android.build.gradle.internal.tasks.CompressAssetsTask                      : loaded 3 times (x 328B)
Class com.android.build.api.artifact.ArtifactTransformationRequest                    : loaded 3 times (x 66B)
Class com.android.build.api.artifact.ScopedArtifact$CLASSES                           : loaded 3 times (x 70B)
Class [Lcom.android.build.api.instrumentation.FramesComputationMode;                  : loaded 3 times (x 65B)
Class com.android.tools.build.jetifier.core.TypeRewriter                              : loaded 3 times (x 68B)
Class com.android.build.api.variant.impl.FileBasedFileEntry                           : loaded 3 times (x 75B)
Class com.android.build.api.component.impl.ComponentImpl                              : loaded 3 times (x 191B)
Class com.android.build.gradle.internal.dsl.ModulePropertyKey$BooleanWithDefault      : loaded 3 times (x 80B)
Class com.android.build.api.variant.impl.HostTestBuilderImpl                          : loaded 3 times (x 82B)
Class com.android.build.gradle.internal.core.dsl.impl.VariantDslInfoImpl$nativeBuildDslInfo$2: loaded 3 times (x 75B)
Class com.android.build.gradle.internal.core.MergedAnnotationProcessorOptions         : loaded 3 times (x 103B)
Class org.jetbrains.kotlin.gradle.plugin.mpp.DefaultKotlinUsageContext                : loaded 3 times (x 104B)
Class org.jetbrains.kotlin.gradle.plugin.KotlinPluginLifecycleImpl$start$3            : loaded 3 times (x 75B)
Class org.jetbrains.kotlin.gradle.plugin.KotlinMultiplatformPluginWrapper             : loaded 3 times (x 83B)
Class com.android.build.gradle.internal.services.TaskCreationServices                 : loaded 3 times (x 66B)
Class com.android.build.api.artifact.Artifact$Replaceable                             : loaded 3 times (x 66B)
Class com.android.builder.model.SourceProvider                                        : loaded 3 times (x 66B)
Class com.android.utils.HelpfulEnumConverter                                          : loaded 3 times (x 88B)
Class com.android.build.gradle.internal.dsl.VcsInfoImpl                               : loaded 3 times (x 73B)
Class com.android.build.gradle.internal.services.AndroidLocationsBuildService$AndroidDirectoryCreator$Params: loaded 3 times (x 66B)
Class com.android.build.gradle.internal.services.Aapt2DaemonBuildService$RegistrationAction: loaded 3 times (x 70B)
Class com.android.build.gradle.internal.ide.dependencies.LibraryDependencyCacheBuildService$Parameters_Decorated: loaded 3 times (x 130B)
Class com.android.build.gradle.internal.dsl.CoreExternalNativeCmakeOptions            : loaded 3 times (x 66B)
Class com.google.protobuf.AbstractMessageLite                                         : loaded 3 times (x 97B)
Class com.google.gson.internal.bind.TypeAdapters$12                                   : loaded 3 times (x 71B)
Class [Lcom.google.gson.ToNumberStrategy;                                             : loaded 3 times (x 65B)
Class com.android.build.gradle.options.ReplacedOption                                 : loaded 3 times (x 82B)
Class [Lcom.android.build.gradle.options.OptionalBooleanOption;                       : loaded 3 times (x 65B)
Class com.android.build.gradle.options.ProjectOptionService$Params_Decorated          : loaded 3 times (x 130B)
Class com.android.build.api.variant.CanMinifyAndroidResourcesBuilder                  : loaded 3 times (x 66B)
Class com.android.build.api.dsl.ProductFlavor                                         : loaded 3 times (x 66B)
Class com.android.build.api.dsl.BaseFlavor                                            : loaded 3 times (x 66B)
Class com.android.build.gradle.internal.dsl.Lockable                                  : loaded 3 times (x 66B)
Class com.android.build.api.dsl.AndroidSourceFile                                     : loaded 3 times (x 66B)
Class com.android.build.gradle.internal.SystemPropertiesFactory                       : loaded 3 times (x 67B)
Class org.jetbrains.plugins.gradle.tooling.ModelBuilderService$Parameter              : loaded 3 times (x 66B)
Class com.android.build.gradle.internal.dsl.ManagedDevices                            : loaded 3 times (x 78B)
Class com.android.build.gradle.internal.services.ProjectServices                      : loaded 3 times (x 68B)
Class com.android.build.api.dsl.ApplicationInstallation                               : loaded 3 times (x 66B)
Class com.android.build.gradle.internal.dsl.CmakeOptions$AgpDecorated_Decorated       : loaded 3 times (x 146B)
Class org.jetbrains.kotlin.config.AnalysisFlag                                        : loaded 3 times (x 68B)
Class com.android.builder.model.v2.models.ModelBuilderParameter                       : loaded 3 times (x 66B)
Class com.android.build.gradle.options.FeatureStage$Experimental                      : loaded 3 times (x 68B)
Class [Lcom.android.build.gradle.internal.errors.DeprecationReporter$DeprecationTarget;: loaded 3 times (x 65B)
Class com.google.gson.FieldNamingPolicy$4                                             : loaded 3 times (x 79B)
Class com.google.gson.internal.bind.TypeAdapters$24                                   : loaded 3 times (x 71B)
Class com.google.gson.internal.bind.TypeAdapters$34$1                                 : loaded 3 times (x 70B)
Class com.android.build.gradle.internal.res.Aapt2FromMaven$Companion$Aapt2Version$BUILD_NUMBER$2: loaded 3 times (x 74B)
Class com.google.wireless.android.sdk.stats.GradleBuildMemorySample$1                 : loaded 3 times (x 147B)
Class com.google.protobuf.Internal$EnumLiteMap                                        : loaded 3 times (x 66B)
Class org.jetbrains.kotlin.gradle.internal.transforms.ClasspathEntrySnapshotTransform$Inject1: loaded 3 times (x 105B)
Class org.jetbrains.kotlin.gradle.plugin.mpp.compilationImpl.KotlinCompilationConfigurationsContainer: loaded 3 times (x 66B)
Class com.android.build.api.variant.FilterConfiguration                               : loaded 3 times (x 66B)
Class com.android.build.gradle.internal.dependency.IdentityTransform$Inject1          : loaded 3 times (x 105B)
Class com.android.build.gradle.internal.dependency.SubtractingArtifactCollection      : loaded 3 times (x 80B)
Class com.android.build.gradle.internal.tasks.CompileArtProfileTask$CreationAction    : loaded 3 times (x 86B)
Class com.android.build.gradle.internal.scope.InternalArtifactType$USES_SDK_LIBRARY_SPLIT_FOR_LOCAL_DEPLOYMENT: loaded 3 times (x 70B)
Class com.android.tools.build.jetifier.processor.TimestampsPolicy$Companion$NOW$1     : loaded 3 times (x 74B)
Class com.android.tools.build.jetifier.core.pom.PomDependency                         : loaded 3 times (x 68B)
Class com.android.build.gradle.internal.utils.VariantPostCreationChecksKt             : loaded 3 times (x 67B)
Class org.jetbrains.kotlin.gradle.dsl.IosSourceSetConventionChecker                   : loaded 3 times (x 70B)
Class org.jetbrains.kotlin.gradle.plugin.diagnostics.KotlinGradleProjectChecker       : loaded 3 times (x 66B)
Class org.jetbrains.kotlin.gradle.internal.StdlibDependencyManagementKt$addStdlibDependency$1: loaded 3 times (x 71B)
Class [Lorg.jetbrains.kotlin.gradle.plugin.KotlinPluginLifecycle$CoroutineStart;      : loaded 3 times (x 65B)
Class org.jetbrains.kotlin.gradle.dsl.KotlinMultiplatformSourceSetConventions         : loaded 3 times (x 66B)
Class org.jetbrains.kotlin.gradle.plugin.sources.KotlinSourceSetFactory$Companion     : loaded 3 times (x 67B)
Class org.jetbrains.kotlin.statistics.metrics.NumberOverridePolicy$SUM                : loaded 3 times (x 81B)
Class org.jetbrains.kotlin.gradle.plugin.PropertiesBuildService$Companion             : loaded 3 times (x 67B)
Class org.jetbrains.kotlin.statistics.metrics.IStatisticsValuesConsumer$DefaultImpls  : loaded 3 times (x 67B)
Class org.jetbrains.kotlin.gradle.plugin.internal.DefaultArtifactTypeAttributeAccessorVariantFactory: loaded 3 times (x 72B)
Class org.jetbrains.kotlin.gradle.plugin.internal.MppTestReportHelper$MppTestReportHelperVariantFactory: loaded 3 times (x 66B)
Class com.android.build.gradle.internal.dsl.TestOptions                               : loaded 3 times (x 120B)
Class com.android.build.gradle.internal.dsl.decorator.DslDecorator$Companion$privateLookupInMethod$2: loaded 3 times (x 74B)
Class com.android.build.gradle.internal.CompileOptions                                : loaded 3 times (x 108B)
Class com.android.build.gradle.internal.dsl.BundleOptionsDeviceTier                   : loaded 3 times (x 77B)
Class [Lcom.android.prefs.Global;                                                     : loaded 3 times (x 65B)
Class com.android.build.gradle.internal.services.ConfigPhaseFileCreator               : loaded 3 times (x 66B)
Class com.android.build.gradle.internal.services.Aapt2ThreadPoolBuildService$Params_Decorated: loaded 3 times (x 130B)
Class com.google.wireless.android.sdk.stats.GradleBuildProfile$1                      : loaded 3 times (x 147B)
Class com.google.gson.internal.bind.DateTypeAdapter$1                                 : loaded 3 times (x 71B)
Class com.google.gson.internal.bind.TypeAdapters$13                                   : loaded 3 times (x 71B)
Class com.android.build.gradle.options.ProjectOptionService$Params$Inject             : loaded 3 times (x 102B)
Class com.android.build.api.variant.HasTestFixtures                                   : loaded 3 times (x 66B)
Class com.android.build.gradle.internal.dsl.SdkComponentsImpl_Decorated               : loaded 3 times (x 128B)
Class com.android.build.gradle.internal.services.FakeDependencyJarBuildService$FakeDependencyJarCreator$Params: loaded 3 times (x 66B)
Class com.android.builder.internal.StringCachingService                               : loaded 3 times (x 66B)
Class com.android.build.api.dsl.ConfigurableFiles                                     : loaded 3 times (x 66B)
Class com.android.repository.Revision$Precision                                       : loaded 3 times (x 75B)
Class com.android.build.api.dsl.FailureRetention                                      : loaded 3 times (x 66B)
Class com.intellij.gradle.toolingExtension.impl.model.sourceSetArtifactIndex.GradleSourceSetArtifactBuildRequest: loaded 3 times (x 66B)
Class com.android.build.gradle.internal.dsl.Splits$AgpDecorated_Decorated             : loaded 3 times (x 141B)
Class com.android.build.gradle.internal.dsl.SdkComponentsImpl$ndkDirectory$2          : loaded 3 times (x 75B)
Class com.android.build.gradle.internal.tasks.ExtractProguardFiles$CreationAction$handleProvider$1: loaded 3 times (x 123B)
Class org.jetbrains.kotlin.gradle.plugin.internal.DefaultCompatibilityConventionRegistrar$Factory: loaded 3 times (x 72B)
Class org.jetbrains.kotlin.gradle.targets.js.nodejs.DefaultUnameExecutorVariantFactory: loaded 3 times (x 72B)
Class org.jetbrains.kotlin.gradle.plugin.statistics.KotlinBuildStatHandler$Companion  : loaded 3 times (x 67B)
Class org.jetbrains.kotlin.gradle.plugin.internal.state.TaskExecutionResults          : loaded 3 times (x 67B)
Class org.jetbrains.kotlin.gradle.plugin.statistics.KotlinBuildStatsServicesRegistry$Companion: loaded 3 times (x 67B)
Class org.jetbrains.kotlin.gradle.utils.Completable                                   : loaded 3 times (x 68B)
Class org.jetbrains.kotlin.gradle.plugin.KotlinPluginLifecycleImpl$launch$1           : loaded 3 times (x 75B)
Class com.android.build.gradle.internal.core.dsl.impl.ApplicationVariantDslInfoImpl$versionCode$2: loaded 3 times (x 75B)
Class com.android.build.api.variant.VariantOutputConfiguration                        : loaded 3 times (x 66B)
Class com.android.build.gradle.internal.VariantTaskManager$Companion                  : loaded 3 times (x 67B)
Class com.android.build.gradle.internal.tasks.PrepareLintJarForPublish                : loaded 3 times (x 320B)
Class org.jetbrains.kotlin.gradle.plugin.mpp.compilationImpl.factory.CompositePostConfigure: loaded 3 times (x 71B)
Class com.android.build.gradle.internal.cxx.gradle.generator.NativeProjectPath        : loaded 3 times (x 68B)
Class com.android.build.gradle.internal.cxx.logging.IssueReporterLoggingEnvironment   : loaded 3 times (x 79B)
Class com.android.build.gradle.internal.cxx.configure.CxxCreateGradleTasksKt          : loaded 3 times (x 67B)
Class com.android.build.gradle.internal.scope.InternalArtifactType$SDK_DEPENDENCY_DATA_PUBLIC: loaded 3 times (x 70B)
Class com.android.build.gradle.internal.scope.InternalArtifactType$COMPRESSED_ASSETS  : loaded 3 times (x 70B)
Class com.android.build.gradle.internal.scope.InternalArtifactType$GENERATED_PNGS_RES : loaded 3 times (x 70B)
Class com.android.build.api.artifact.SingleArtifact$APK                               : loaded 3 times (x 70B)
Class com.android.build.api.artifact.SingleArtifact                                   : loaded 3 times (x 70B)
Class com.android.build.gradle.tasks.ProcessManifestForInstantAppTask$CreationAction  : loaded 3 times (x 86B)
Class com.android.build.gradle.internal.dependency.VariantDependencies$Companion$computeLocalFileDependencies$2: loaded 3 times (x 71B)
Class com.android.build.gradle.internal.dependency.VariantDependencies$computeArtifactCollection$attributesAction$1: loaded 3 times (x 71B)
Class com.android.build.gradle.internal.TaskManager$createAssembleTask$1              : loaded 3 times (x 71B)
Class android.databinding.tool.DataBindingBuilder$GradleFileWriter                    : loaded 3 times (x 71B)
Class com.android.build.gradle.tasks.ProcessApplicationManifest$CreationAction$handleProvider$2: loaded 3 times (x 123B)
Class com.android.build.api.component.impl.DeviceTestImpl$packaging$2                 : loaded 3 times (x 75B)
Class com.android.build.api.component.impl.TestComponentImpl                          : loaded 3 times (x 349B)
Class com.android.build.gradle.internal.core.MergedExternalNativeNdkBuildOptions      : loaded 3 times (x 82B)
Class com.android.build.gradle.internal.core.MergedNdkConfig                          : loaded 3 times (x 91B)
Class com.android.build.gradle.internal.variant.VariantPathHelper$aarLocation$2       : loaded 3 times (x 75B)
Class com.android.build.gradle.internal.publishing.PublishedConfigSpec                : loaded 3 times (x 68B)
Class org.jetbrains.kotlin.gradle.plugin.AndroidGradlePluginVersion$Companion         : loaded 3 times (x 67B)
Class org.jetbrains.kotlin.gradle.plugin.KotlinAndroidPlugin                          : loaded 3 times (x 73B)
Class org.jetbrains.kotlin.gradle.plugin.PropertiesManager$configurationTimePropertiesAccessor$2: loaded 3 times (x 75B)
Class org.jetbrains.kotlin.build.report.metrics.GradleBuildTime$Companion             : loaded 3 times (x 67B)
Class com.android.build.gradle.internal.ProguardFilesProvider                         : loaded 3 times (x 66B)
Class com.android.build.gradle.internal.dsl.ApplicationBuildFeaturesImpl              : loaded 3 times (x 116B)
Class [Lcom.android.build.api.artifact.Artifact$Category;                             : loaded 3 times (x 65B)
Class com.android.build.gradle.internal.dsl.KeepRulesImpl$AgpDecorated                : loaded 3 times (x 85B)
Class com.android.build.gradle.internal.tasks.SigningConfigUtils$Companion$gson$2     : loaded 3 times (x 74B)
Class com.android.build.api.dsl.ApplicationPublishing                                 : loaded 3 times (x 66B)
Class com.android.build.api.artifact.impl.SingleInitialProviderRequestImpl$on$2       : loaded 3 times (x 71B)
Class com.google.gson.internal.bind.NumberTypeAdapter$1                               : loaded 3 times (x 72B)
Class com.google.gson.internal.bind.TypeAdapters$1                                    : loaded 3 times (x 71B)
Class com.google.gson.internal.bind.TypeAdapters$14                                   : loaded 3 times (x 71B)
Class org.jetbrains.kotlin.gradle.plugin.internal.ConfigurationCacheStartParameterAccessorKt: loaded 3 times (x 67B)
Class com.android.build.gradle.internal.plugins.PrivacySandboxSdkPlugin               : loaded 3 times (x 77B)
Class org.jetbrains.kotlin.gradle.plugin.KotlinPlatformType$Companion                 : loaded 3 times (x 67B)
Class com.android.builder.errors.IssueReporter                                        : loaded 3 times (x 69B)
Class org.jetbrains.kotlin.gradle.plugin.KotlinPlatformType$DisambiguationRule        : loaded 3 times (x 72B)
Class org.jetbrains.kotlin.gradle.plugin.KotlinPluginLifecycleImpl$launch$coroutine$1 : loaded 3 times (x 72B)
Class org.gradle.accessors.dm.LibrariesForLibsInPluginsBlock$AndroidxEspressoLibraryAccessors: loaded 3 times (x 73B)
Class com.android.build.gradle.tasks.ProcessMultiApkApplicationManifest$CreationAction: loaded 3 times (x 86B)
Class com.android.build.api.component.impl.features.AndroidResourcesCreationConfigImpl$pseudoLocalesEnabled$2: loaded 3 times (x 75B)
Class org.jetbrains.plugins.gradle.model.ExternalProject                              : loaded 3 times (x 66B)
Class com.android.build.gradle.internal.tasks.CompressAssetsTask$CreationAction$handleProvider$1: loaded 3 times (x 123B)
Class com.android.build.api.variant.impl.JniLibsTestedApkPackagingImpl$testOnly$1     : loaded 3 times (x 71B)
Class org.jetbrains.kotlin.gradle.plugin.sources.android.KotlinAndroidSourceSetNaming$DefaultImpls: loaded 3 times (x 67B)
Class org.jetbrains.kotlin.gradle.internal.transforms.ClasspathEntrySnapshotTransform$Parameters_Decorated: loaded 3 times (x 129B)
Class com.android.build.gradle.internal.publishing.PublishingSpecs$Companion$1        : loaded 3 times (x 74B)
Class com.android.build.gradle.internal.scope.InternalArtifactType$PUBLIC_RES         : loaded 3 times (x 70B)
Class com.android.builder.model.v2.models.Versions$Version                            : loaded 3 times (x 66B)
Class org.jetbrains.kotlin.gradle.internal.KotlinDomApiDependencyManagementKt         : loaded 3 times (x 67B)
Class [Lcom.android.builder.model.v2.ide.CodeShrinker;                                : loaded 3 times (x 65B)
Class org.jetbrains.kotlin.gradle.targets.js.npm.NpmDependencyExtensionKt$defaultNpmDependencyDelegate$1: loaded 3 times (x 163B)
Class com.android.build.api.dsl.ApkExtension                                          : loaded 3 times (x 66B)
Class com.android.build.gradle.options.ProjectOptions$OptionValue                     : loaded 3 times (x 68B)
Class com.google.gson.FieldNamingPolicy$3                                             : loaded 3 times (x 79B)
Class com.google.common.collect.ForwardingMap                                         : loaded 3 times (x 128B)
Class com.google.gson.internal.bind.TypeAdapters$23                                   : loaded 3 times (x 71B)
Class com.android.build.gradle.internal.res.Aapt2FromMaven$Companion$create$aapt2Directory$1$1: loaded 3 times (x 70B)
Class com.google.wireless.android.sdk.stats.GradleBuildMemorySample                   : loaded 3 times (x 198B)
Class com.android.build.gradle.internal.ide.dependencies.LibraryDependencyCacheBuildService$Parameters: loaded 3 times (x 66B)
Class com.android.build.gradle.internal.services.VersionedSdkLoaderService$versionedSdkLoader$2$1: loaded 3 times (x 71B)
Class com.android.builder.errors.IssueReporter$Severity                               : loaded 3 times (x 75B)
Class com.android.build.gradle.internal.api.ApplicationVariantImpl_Decorated          : loaded 3 times (x 309B)
Class com.android.build.gradle.internal.dependency.AarTransform                       : loaded 3 times (x 74B)
Class com.android.build.gradle.internal.PropertiesValueSource$Params_Decorated        : loaded 3 times (x 130B)
Class com.android.build.gradle.internal.VariantTaskManager$createReportTasks$signingReportComponents$1: loaded 3 times (x 76B)
Class com.android.build.gradle.internal.tasks.ExtractVersionControlInfoTask           : loaded 3 times (x 328B)
Class com.android.build.gradle.internal.tasks.MergeNativeDebugMetadataTask$CreationAction: loaded 3 times (x 86B)
Class com.android.build.gradle.internal.tasks.ValidateSigningTask$CreationAction$handleProvider$1: loaded 3 times (x 123B)
Class com.android.build.gradle.internal.tasks.ProcessJavaResTask$CreationAction       : loaded 3 times (x 86B)
Class com.android.build.gradle.tasks.CompatibleScreensManifest                        : loaded 3 times (x 329B)
Class com.android.build.api.component.impl.features.InstrumentationCreationConfigImpl : loaded 3 times (x 79B)
Class com.android.build.gradle.internal.TaskManager$createAssembleTask$2              : loaded 3 times (x 71B)
Class com.android.build.api.component.impl.HostTestImpl$manifestPlaceholdersCreationConfig$2: loaded 3 times (x 75B)
Class com.android.build.api.component.UnitTest                                        : loaded 3 times (x 66B)
Class com.android.build.api.variant.impl.DependenciesInfoBuilderImpl_Decorated        : loaded 3 times (x 138B)
Class com.android.build.gradle.internal.VariantManager$createVariant$mappingScopePolicy$2: loaded 3 times (x 74B)
Class com.android.build.gradle.internal.core.MergedFlavor                             : loaded 3 times (x 199B)
Class org.jetbrains.kotlin.gradle.model.builder.KotlinModelBuilder                    : loaded 3 times (x 72B)
Class org.jetbrains.kotlin.gradle.plugin.sources.android.configurator.KotlinAndroidSourceSetConfigurator$DefaultImpls: loaded 3 times (x 67B)
Class [Lorg.jetbrains.kotlin.tooling.core.HasMutableExtras;                           : loaded 3 times (x 65B)
Class org.jetbrains.kotlin.gradle.plugin.mpp.KotlinAndroidTarget                      : loaded 3 times (x 147B)
Class org.jetbrains.kotlin.gradle.plugin.DefaultKotlinBasePlugin$addKotlinCompilerConfiguration$1: loaded 3 times (x 71B)
Class org.jetbrains.kotlin.gradle.plugin.statistics.BuildFlowService$Companion$registerIfAbsent$2$1: loaded 3 times (x 75B)
Class org.jetbrains.kotlin.gradle.plugin.PropertiesProvider                           : loaded 3 times (x 68B)
Class org.jetbrains.kotlin.gradle.plugin.internal.DefaultCompatibilityConventionRegistrar: loaded 3 times (x 70B)
Class com.android.build.gradle.internal.dsl.SdkComponentsImpl$sdkDirectory$1          : loaded 3 times (x 71B)
Class com.android.build.gradle.api.AndroidArtifactVariant                             : loaded 3 times (x 66B)
Class com.android.build.gradle.internal.dsl.TestFixturesImpl                          : loaded 3 times (x 77B)
Class com.android.build.gradle.internal.dsl.EmulatorSnapshots_Decorated               : loaded 3 times (x 146B)
Class org.jetbrains.kotlin.gradle.plugin.diagnostics.checkers.MissingNativeStdlibChecker: loaded 3 times (x 70B)
Class com.android.build.gradle.internal.services.Aapt2DaemonBuildService$Parameters   : loaded 3 times (x 68B)
Class com.android.build.api.annotations.ReplacedByIncubating                          : loaded 3 times (x 66B)
Class com.google.gson.internal.sql.SqlTypesSupport$1                                  : loaded 3 times (x 70B)
Class com.google.gson.internal.bind.TypeAdapters$2                                    : loaded 3 times (x 71B)
Class com.google.gson.internal.bind.TypeAdapters$15                                   : loaded 3 times (x 71B)
Class com.android.build.gradle.internal.attributes.VariantAttr                        : loaded 3 times (x 66B)
Class com.android.build.gradle.internal.scope.InternalArtifactType$METADATA_FEATURE_MANIFEST: loaded 3 times (x 70B)
Class com.android.build.api.dsl.Installation                                          : loaded 3 times (x 66B)
Class com.android.build.gradle.BaseExtension                                          : loaded 3 times (x 195B)
Class com.android.build.gradle.internal.res.LinkApplicationAndroidResourcesTask       : loaded 3 times (x 362B)
Class com.android.build.gradle.internal.plugins.VersionCheckPlugin$Companion          : loaded 3 times (x 67B)
Class com.android.build.gradle.internal.dsl.VariantDimensionBinaryCompatibilityFixParent: loaded 3 times (x 66B)
Class com.android.build.gradle.internal.plugins.BasePlugin$globalConfig$2$1           : loaded 3 times (x 75B)
Class com.android.build.api.artifact.impl.TypedStorageProvider                        : loaded 3 times (x 68B)
Class com.android.build.api.dsl.PostProcessing                                        : loaded 3 times (x 66B)
Class com.android.build.api.artifact.impl.SinglePropertyAdapter                       : loaded 3 times (x 75B)
Class com.android.build.gradle.internal.lint.AndroidLintGlobalTask$LintFixCreationAction$Companion: loaded 3 times (x 67B)
Class org.jetbrains.kotlin.gradle.dsl.KotlinJvmCompilerOptions                        : loaded 3 times (x 66B)
Class org.jetbrains.kotlin.gradle.plugin.ProjectLocalConfigurations$ProjectLocalCompatibility: loaded 3 times (x 72B)
Class com.android.build.gradle.internal.plugins.DslContainerProvider$lock$6           : loaded 3 times (x 71B)
Class com.android.build.api.variant.impl.GlobalVariantBuilderConfigImpl               : loaded 3 times (x 72B)
Class com.android.build.gradle.internal.VariantManager$getFlavorSelection$2           : loaded 3 times (x 75B)
Class com.android.build.api.variant.DependenciesInfo                                  : loaded 3 times (x 66B)
Class org.jetbrains.kotlin.config.ExplicitApiMode                                     : loaded 3 times (x 75B)
Class com.google.common.collect.ImmutableMultiset                                     : loaded 3 times (x 159B)
Class com.android.build.api.instrumentation.FramesComputationMode                     : loaded 3 times (x 75B)
Class com.android.build.gradle.internal.HostTestTaskManager$createTopLevelTasksCore$2 : loaded 3 times (x 71B)
Class com.android.build.gradle.tasks.ProcessApplicationManifest$CreationAction$handleProvider$1: loaded 3 times (x 123B)
Class com.android.build.gradle.internal.res.LinkApplicationAndroidResourcesTask$CreationAction: loaded 3 times (x 92B)
Class com.android.build.gradle.internal.tasks.UninstallTask                           : loaded 3 times (x 329B)
Class com.android.build.gradle.internal.tasks.ListingFileRedirectTask$CreationAction$handleProvider$1: loaded 3 times (x 123B)
Class com.android.build.gradle.internal.tasks.SigningReportTask                       : loaded 3 times (x 313B)
Class com.android.build.gradle.internal.scope.InternalArtifactType$CONSUMER_PROGUARD_DIR: loaded 3 times (x 70B)
Class com.android.builder.model.v2.ide.ApiVersion                                     : loaded 3 times (x 66B)
Class com.android.builder.model.v2.ide.AndroidLibraryData                             : loaded 3 times (x 66B)
Class org.gradle.api.GradleException                                                  : loaded 3 times (x 78B)
Class org.jetbrains.kotlin.idea.gradleTooling.model.samWithReceiver.SamWithReceiverModel: loaded 3 times (x 66B)
Class org.jetbrains.kotlin.gradle.plugin.KotlinBasePluginWrapper                      : loaded 3 times (x 83B)
Class org.jetbrains.kotlin.gradle.plugin.mpp.compilationImpl.factory.KotlinCompilationImplFactory$KotlinCompilationOutputFactory: loaded 3 times (x 66B)
Class org.jetbrains.kotlin.gradle.plugin.mpp.compilationImpl.DefaultKotlinCompilationFriendPathsResolver$AdditionalAndroidFriendArtifactResolver: loaded 3 times (x 70B)
Class com.android.build.gradle.internal.DependencyConfigurator$registerTransform$1    : loaded 3 times (x 71B)
Class com.android.build.gradle.internal.VariantTaskManager$createReportTasks$signingReportComponents$2: loaded 3 times (x 74B)
Class com.android.build.gradle.internal.variant.BuildAuthorSpecifiedDefaultsFlavorComparator: loaded 3 times (x 86B)
Class com.android.build.gradle.internal.testing.TestData                              : loaded 3 times (x 66B)
Class com.android.build.gradle.internal.scope.InternalArtifactType$OPTIMIZED_PROCESSED_RES: loaded 3 times (x 70B)
Class com.android.build.gradle.internal.tasks.AnchorTaskNames                         : loaded 3 times (x 67B)
Class com.android.build.gradle.internal.tasks.BundleToStandaloneApkTask$CreationAction: loaded 3 times (x 86B)
Class com.android.build.gradle.internal.tasks.StripDebugSymbolsTask$CreationAction$handleProvider$1: loaded 3 times (x 123B)
Class com.android.build.gradle.internal.scope.InternalMultipleArtifactType$DEX        : loaded 3 times (x 70B)
Class com.android.build.gradle.internal.tasks.MergeNativeLibsTask                     : loaded 3 times (x 336B)
Class com.android.build.gradle.internal.res.LinkAndroidResForBundleTask$CreationAction: loaded 3 times (x 89B)
Class com.android.build.gradle.internal.tasks.CheckAarMetadataTask                    : loaded 3 times (x 336B)
Class com.android.build.gradle.internal.TaskManager$MergeType                         : loaded 3 times (x 76B)
Class com.android.build.api.artifact.Artifact$ContainsMany                            : loaded 3 times (x 66B)
Class com.android.build.gradle.internal.tasks.ExtractProfilerNativeDependenciesTask$CreationAction: loaded 3 times (x 86B)
Class com.android.build.api.variant.impl.LayeredSourceDirectoriesImpl$addAll$1        : loaded 3 times (x 71B)
Class com.android.build.api.component.impl.ComponentImpl$compileClasspath$2           : loaded 3 times (x 75B)
Class com.android.build.api.variant.AndroidTest                                       : loaded 3 times (x 66B)
Class com.android.build.gradle.internal.scope.TaskContainer                           : loaded 3 times (x 66B)
Class [Lcom.android.build.gradle.internal.core.dsl.ComponentDslInfo$DslDefinedHostTest;: loaded 3 times (x 65B)
Class org.jetbrains.kotlin.gradle.targets.js.KotlinJsTarget                           : loaded 3 times (x 209B)
Class org.jetbrains.kotlin.gradle.tooling.BuildKotlinToolingMetadataTaskKt            : loaded 3 times (x 67B)
Class org.jetbrains.kotlin.gradle.plugin.KotlinCompilationToRunnableFiles             : loaded 3 times (x 66B)
Class org.jetbrains.kotlin.gradle.plugin.ProjectLocalConfigurations$setupAttributesMatchingStrategy$1$1: loaded 3 times (x 70B)
Class org.jetbrains.kotlin.gradle.plugin.DefaultKotlinBasePlugin$addKotlinCompilerConfiguration$2: loaded 3 times (x 71B)
Class org.jetbrains.kotlin.gradle.plugin.statistics.BuildFlowService$Companion$registerIfAbsent$2$2: loaded 3 times (x 71B)
Class org.jetbrains.kotlin.gradle.plugin.MemoizedCallable$value$2                     : loaded 3 times (x 75B)
Class org.jetbrains.kotlin.gradle.plugin.internal.DefaultArtifactTypeAttributeAccessor: loaded 3 times (x 70B)
Class org.jetbrains.kotlin.gradle.plugin.internal.DefaultIdeaSyncDetectorVariantFactory: loaded 3 times (x 72B)
Class org.jetbrains.kotlin.gradle.plugin.internal.DefaultBasePluginConfigurationVariantFactory: loaded 3 times (x 72B)
Class com.android.build.gradle.internal.ide.v2.NativeModelBuilder$ops$1               : loaded 3 times (x 72B)
Class com.google.common.base.CaseFormat$StringConverter                               : loaded 3 times (x 86B)
Class com.android.build.gradle.internal.tasks.BundleToStandaloneApkTask               : loaded 3 times (x 327B)
Class com.android.build.gradle.internal.dsl.AbstractPublishing                        : loaded 3 times (x 69B)
Class com.android.build.gradle.internal.dependency.SubtractingArtifactCollection$SubtractingArtifactResult$initFileCollection$1: loaded 3 times (x 71B)
Class com.google.wireless.android.sdk.stats.GradleBuildProfileOrBuilder               : loaded 3 times (x 66B)
Class com.android.build.gradle.internal.profile.AnalyticsConfiguratorService$Params$Inject: loaded 3 times (x 102B)
Class com.android.build.gradle.internal.profile.NoOpAnalyticsService                  : loaded 3 times (x 106B)
Class com.android.build.gradle.internal.profile.AnalyticsServiceApi                   : loaded 3 times (x 66B)
Class com.google.gson.internal.sql.SqlTypesSupport$2                                  : loaded 3 times (x 70B)
Class com.google.gson.internal.bind.TypeAdapters$16                                   : loaded 3 times (x 71B)
Class com.google.gson.internal.bind.TypeAdapters$3                                    : loaded 3 times (x 71B)
Class com.android.build.api.variant.HasAndroidTest                                    : loaded 3 times (x 66B)
Class com.android.build.gradle.internal.services.UsesAapt2ThreadPoolBuildService      : loaded 3 times (x 66B)
Class com.android.build.gradle.internal.publishing.OutputSpecImpl                     : loaded 3 times (x 74B)
Class com.android.build.gradle.internal.services.GlobalServiceRegistrationAction      : loaded 3 times (x 69B)
Class com.android.build.api.variant.impl.ArtifactMetadataProcessor$Companion$handleFinalizedByForType$1$1$1: loaded 3 times (x 71B)
Class org.jetbrains.kotlin.gradle.utils.ParsedGradleVersion$Companion                 : loaded 3 times (x 67B)
Class com.android.build.gradle.internal.utils.DesugarLibConfigExtractor$Inject1       : loaded 3 times (x 105B)
Class com.google.gson.internal.Excluder$1                                             : loaded 3 times (x 70B)
Class com.google.gson.FieldNamingPolicy$2                                             : loaded 3 times (x 79B)
Class com.google.gson.TypeAdapter$1                                                   : loaded 3 times (x 70B)
Class com.google.gson.internal.bind.TypeAdapters$22                                   : loaded 3 times (x 71B)
Class com.android.build.gradle.internal.utils.AnalyticsEnabledValueSource$Inject      : loaded 3 times (x 105B)
Class com.android.build.gradle.internal.ManagedDeviceUtilsKt                          : loaded 3 times (x 67B)
Class com.android.build.gradle.internal.dsl.ApplicationExtensionImpl$AgpDecorated_Decorated: loaded 3 times (x 461B)
Class com.android.build.gradle.internal.dsl.BundleOptionsStoreArchive$AgpDecorated    : loaded 3 times (x 77B)
Class com.android.build.gradle.internal.tasks.SourceSetsTask                          : loaded 3 times (x 331B)
Class org.jetbrains.kotlin.gradle.plugin.internal.BasePluginConfiguration$BasePluginConfigurationVariantFactory: loaded 3 times (x 66B)
Class org.jetbrains.kotlin.statistics.metrics.StringAnonymizationPolicy$ComponentVersionAnonymizer: loaded 3 times (x 74B)
Class org.jetbrains.kotlin.gradle.report.ReportingSettings                            : loaded 3 times (x 68B)
Class org.jetbrains.kotlin.gradle.plugin.sources.android.configurator.MultiplatformLayoutV1DependsOnConfigurator: loaded 3 times (x 71B)
Class [Lorg.jetbrains.kotlin.gradle.plugin.sources.ConsistencyCheck;                  : loaded 3 times (x 65B)
Class org.jetbrains.kotlin.gradle.internal.KotlinTestDependencyManagementKt           : loaded 3 times (x 67B)
Class com.android.build.gradle.internal.SdkLocator$SdkLocationSource$LOCAL_ANDROID_DIR: loaded 3 times (x 76B)
Class com.android.build.gradle.internal.plugins.DslContainerProvider$lock$5           : loaded 3 times (x 71B)
Class com.android.build.api.component.impl.ComponentUtils                             : loaded 3 times (x 67B)
Class com.android.build.gradle.internal.scope.InternalArtifactType$MERGED_NATIVE_DEBUG_METADATA: loaded 3 times (x 70B)
Class org.jetbrains.kotlin.compilerRunner.CompilerSystemPropertiesService$Companion$registerIfAbsent$2$1$1: loaded 3 times (x 71B)
Class org.jetbrains.kotlin.gradle.plugin.KotlinCompilationInfo                        : loaded 3 times (x 84B)
Class org.jetbrains.kotlin.gradle.tasks.BaseKotlinCompile                             : loaded 3 times (x 66B)
Class org.jetbrains.kotlin.gradle.plugin.internal.UsesBuildIdProviderService          : loaded 3 times (x 66B)
Class org.jetbrains.kotlin.gradle.plugin.mpp.compilationImpl.KotlinCompilationSourceSetInclusion$include$1: loaded 3 times (x 75B)
Class org.jetbrains.kotlin.gradle.plugin.mpp.compilationImpl.factory.KotlinCompilationImplFactory$KotlinCompilationDependencyConfigurationsFactory: loaded 3 times (x 66B)
Class com.android.build.gradle.internal.scope.InternalArtifactType$UNIT_TEST_CODE_COVERAGE: loaded 3 times (x 70B)
Class com.android.build.gradle.internal.tasks.PerModuleReportDependenciesTask         : loaded 3 times (x 329B)
Class com.android.build.gradle.internal.scope.InternalArtifactType$DEX_ARCHIVE_INPUT_JAR_HASHES: loaded 3 times (x 70B)
Class com.android.build.gradle.internal.tasks.R8VersionCheckKt                        : loaded 3 times (x 67B)
Class com.android.build.gradle.internal.feature.BundleAllClasses                      : loaded 3 times (x 327B)
Class com.android.build.api.variant.impl.JniLibsPackagingImpl                         : loaded 3 times (x 76B)
Class com.android.build.gradle.internal.tasks.MergeNativeLibsTask$CreationAction$handleProvider$1: loaded 3 times (x 123B)
Class com.android.build.gradle.tasks.GenerateResValues$CreationAction$deprecatedGeneratedResOutputDir$2: loaded 3 times (x 75B)
Class com.android.build.gradle.tasks.ProcessMultiApkApplicationManifest$CreationAction$handleProvider$1: loaded 3 times (x 123B)
Class com.android.build.api.variant.impl.FileEntry                                    : loaded 3 times (x 66B)
Class com.android.build.api.variant.impl.ApplicationVariantBuilderImpl                : loaded 3 times (x 194B)
Class com.android.build.gradle.internal.core.dsl.impl.ConsumableComponentDslInfoImpl$optimizationDslInfo$2: loaded 3 times (x 75B)
Class com.android.build.gradle.internal.publishing.VariantPublishingInfo              : loaded 3 times (x 68B)
Class org.jetbrains.kotlin.gradle.internal.IdeaKt                                     : loaded 3 times (x 67B)
Class org.jetbrains.kotlin.gradle.dsl.KotlinJsProjectExtension                        : loaded 3 times (x 102B)
Class org.jetbrains.kotlin.gradle.plugin.KotlinPluginLifecycleCoroutineContextElement$Key: loaded 3 times (x 67B)
Class org.jetbrains.kotlin.gradle.plugin.sources.android.checker.KotlinAndroidSourceSetLayoutChecker: loaded 3 times (x 66B)
Class org.jetbrains.kotlin.tooling.core.ExtrasPropertyKt                              : loaded 3 times (x 67B)
Class org.jetbrains.kotlin.gradle.dsl.KotlinProjectExtensionKt                        : loaded 3 times (x 67B)
Class org.jetbrains.kotlin.gradle.plugin.KotlinGradleBuildServices$Parameters_Decorated: loaded 3 times (x 132B)
Class org.jetbrains.kotlin.gradle.plugin.DefaultKotlinBasePlugin$addKotlinCompilerConfiguration$3: loaded 3 times (x 71B)
Class [Lorg.jetbrains.kotlin.statistics.metrics.IMetricContainerFactory;              : loaded 3 times (x 65B)
Class org.jetbrains.kotlin.gradle.plugin.internal.ArtifactTypeAttributeAccessor       : loaded 3 times (x 66B)
Class org.jetbrains.kotlin.gradle.plugin.internal.ArtifactTypeAttributeAccessor$ArtifactTypeAttributeAccessorVariantFactory: loaded 3 times (x 66B)
Class org.jetbrains.kotlin.gradle.plugin.internal.ConfigurationTimePropertiesAccessor$ConfigurationTimePropertiesAccessorVariantFactory: loaded 3 times (x 66B)
Class com.android.build.gradle.internal.dsl.TestOptions$UnitTestOptions_Decorated     : loaded 3 times (x 130B)
Class com.android.build.gradle.internal.api.artifact.SourceArtifactType$KOTLIN_SOURCES: loaded 3 times (x 70B)
Class com.android.build.api.dsl.LibraryPublishing                                     : loaded 3 times (x 66B)
Class com.android.build.gradle.internal.SdkComponentsBuildService$Parameters_Decorated: loaded 3 times (x 151B)
Class com.google.protobuf.IterableByteBufferInputStream                               : loaded 3 times (x 88B)
Class com.google.gson.internal.bind.TypeAdapters$17                                   : loaded 3 times (x 71B)
Class com.google.gson.internal.bind.TypeAdapters$4                                    : loaded 3 times (x 71B)
Class com.android.build.gradle.internal.tasks.MergeGeneratedProguardFilesCreationAction$handleProvider$1: loaded 3 times (x 123B)
Class com.android.build.api.dsl.ApplicationBuildType                                  : loaded 3 times (x 66B)
Class com.android.build.gradle.internal.services.DslServicesImpl                      : loaded 3 times (x 95B)
Class org.gradle.accessors.dm.LibrariesForLibs$AndroidxCoreLibraryAccessors           : loaded 3 times (x 73B)
Class com.android.build.gradle.internal.VariantManager$getLazyManifestParser$1        : loaded 3 times (x 75B)
Class com.android.build.gradle.internal.core.dsl.impl.ComponentDslInfoImpl$androidResourcesDsl$2: loaded 3 times (x 75B)
Class com.android.build.gradle.internal.dsl.ModulePropertyKey                         : loaded 3 times (x 66B)
Class com.android.build.gradle.internal.VariantManager$getFlavorSelection$1           : loaded 3 times (x 74B)
Class com.android.build.api.variant.impl.ApplicationVariantImpl$dexing$2              : loaded 3 times (x 75B)
Class com.android.build.gradle.internal.core.MergedExternalNativeBuildOptions         : loaded 3 times (x 83B)
Class com.android.build.api.variant.CanMinifyAndroidResources                         : loaded 3 times (x 66B)
Class com.android.build.api.variant.SourceDirectories                                 : loaded 3 times (x 66B)
Class com.android.tools.build.jetifier.core.utils.Log                                 : loaded 3 times (x 67B)
Class com.android.build.gradle.internal.HostTestTaskManager$createTopLevelTasksCore$1 : loaded 3 times (x 71B)
Class com.android.build.gradle.internal.scope.InternalArtifactType$NESTED_RESOURCES_VALIDATION_REPORT: loaded 3 times (x 70B)
Class com.android.build.api.component.impl.features.OptimizationCreationConfigImpl$proguardFiles$2: loaded 3 times (x 75B)
Class com.android.build.api.component.impl.OldVariantApiLegacySupportImpl             : loaded 3 times (x 85B)
Class com.android.build.gradle.internal.scope.InternalArtifactType$CHECK_MANIFEST_RESULT: loaded 3 times (x 70B)
Class com.google.common.collect.ImmutableSortedSet                                    : loaded 3 times (x 295B)
Class com.android.build.gradle.tasks.MergeSourceSetFolders$MergeAssetBaseCreationAction: loaded 3 times (x 87B)
Class com.android.build.gradle.internal.tasks.MergeJavaResourceTask                   : loaded 3 times (x 332B)
Class com.android.build.gradle.internal.tasks.CheckDuplicateClassesTask$CreationAction: loaded 3 times (x 86B)
Class com.android.build.gradle.internal.tasks.DexMergingTask$CreationAction$WhenMappings: loaded 3 times (x 67B)
Class com.android.build.gradle.internal.core.dsl.DynamicFeatureVariantDslInfo         : loaded 3 times (x 66B)
Class com.android.build.gradle.internal.dependency.AarTransform$Companion             : loaded 3 times (x 67B)
Class com.android.build.gradle.internal.dependency.DexingOutputSplitTransform$Inject1 : loaded 3 times (x 105B)
Class org.jetbrains.kotlin.gradle.plugin.mpp.compilationImpl.DefaultKotlinCompilationSourceSetsContainer$source$1: loaded 3 times (x 75B)
Class com.android.build.gradle.internal.scope.InternalArtifactType$AIDL_PARCELABLE    : loaded 3 times (x 70B)
Class org.jetbrains.kotlin.gradle.plugin.mpp.ApplyUserDefinedAttributesKt$applyUserDefinedAttributes$1$3: loaded 3 times (x 71B)
Class org.jetbrains.kotlin.config.LanguageVersion                                     : loaded 3 times (x 87B)
Class com.android.build.gradle.AssetPackPluginKt                                      : loaded 3 times (x 67B)
Class com.android.build.api.component.impl.features.ResValuesCreationConfigImpl$resValues$2: loaded 3 times (x 75B)
Class com.android.build.gradle.internal.plugins.LibraryPlugin                         : loaded 3 times (x 93B)
Class org.jetbrains.kotlin.gradle.plugin.AndroidProjectHandler$wireKotlinTasks$1      : loaded 3 times (x 71B)
Class com.android.build.gradle.internal.scope.BuildArtifactType$JAVAC_CLASSES         : loaded 3 times (x 70B)
Class com.android.build.gradle.internal.scope.InternalArtifactType$LINT_MODEL_METADATA: loaded 3 times (x 70B)
Class com.android.build.gradle.internal.scope.InternalArtifactType$LIBRARY_JNI        : loaded 3 times (x 70B)
Class org.jetbrains.kotlin.gradle.plugin.mpp.compilationImpl.KotlinCompilationSourceSetInclusion$include$2: loaded 3 times (x 91B)
Class org.jetbrains.kotlin.gradle.plugin.hierarchy.KotlinSourceSetTreeClassifierKt$sourceSetTreeClassifier$2: loaded 3 times (x 74B)
Class com.android.build.gradle.internal.DependencyConfigurator$configureVariantTransforms$3$2$1: loaded 3 times (x 71B)
Class com.android.build.gradle.internal.SdkComponentsBuildService$sdkSourceSet$2      : loaded 3 times (x 75B)
Class com.android.build.gradle.internal.test.AbstractTestDataImpl$flavorName$1        : loaded 3 times (x 75B)
Class com.android.build.gradle.internal.scope.InternalArtifactType$VALIDATE_SIGNING_CONFIG: loaded 3 times (x 70B)
Class com.android.build.gradle.internal.tasks.MergeNativeLibsTask$CreationAction$handleProvider$2: loaded 3 times (x 123B)
Class com.android.build.api.artifact.impl.OperationRequestsImplKt$toCreate$1          : loaded 3 times (x 71B)
Class com.android.build.gradle.internal.scope.InternalArtifactType$MERGED_RES_INCREMENTAL_FOLDER: loaded 3 times (x 70B)
Class com.android.build.gradle.internal.tasks.ApplicationIdWriterTask$CreationAction$handleProvider$1: loaded 3 times (x 123B)
Class com.google.gson.annotations.JsonAdapter                                         : loaded 3 times (x 66B)
Class com.android.build.gradle.internal.dependency.AndroidXDependencySubstitution     : loaded 3 times (x 67B)
Class com.android.build.api.variant.impl.VariantImpl$nativeBuildCreationConfig$2      : loaded 3 times (x 75B)
Class com.android.build.gradle.internal.variant.VariantPathHelper$kaptSourceOutputDir$2: loaded 3 times (x 75B)
Class com.android.build.api.component.impl.features.DexingImpl                        : loaded 3 times (x 83B)
Class org.jetbrains.kotlin.gradle.targets.js.npm.NpmDirectoryDependencyExtension      : loaded 3 times (x 66B)
Class org.jetbrains.kotlin.gradle.plugin.mpp.KotlinUsageContext$MavenScope            : loaded 3 times (x 75B)
Class com.android.build.gradle.internal.dsl.DexOptions_Decorated                      : loaded 3 times (x 156B)
Class com.android.build.api.dsl.LintOptions                                           : loaded 3 times (x 66B)
Class com.android.build.gradle.api.BaseVariantOutput                                  : loaded 3 times (x 66B)
Class com.android.build.api.dsl.AndroidSourceDirectorySet                             : loaded 3 times (x 66B)
Class [Lcom.android.resources.ResourceEnum;                                           : loaded 3 times (x 65B)
Class com.android.builder.model.ApiVersion                                            : loaded 3 times (x 66B)
Class com.android.build.gradle.internal.plugins.BasePlugin$createAndroidJdkImageConfiguration$1: loaded 3 times (x 70B)
Class com.android.build.gradle.internal.plugins.BasePlugin$dslServices$2$1            : loaded 3 times (x 75B)
Class com.google.gson.internal.UnsafeAllocator$4                                      : loaded 3 times (x 68B)
Class com.google.protobuf.FieldSet$FieldDescriptorLite                                : loaded 3 times (x 66B)
Class com.google.protobuf.ExtensionLite                                               : loaded 3 times (x 73B)
Class com.google.gson.internal.bind.SerializationDelegatingTypeAdapter                : loaded 3 times (x 70B)
Class com.google.gson.internal.bind.TypeAdapters$18                                   : loaded 3 times (x 71B)
Class com.google.gson.internal.bind.TypeAdapters$5                                    : loaded 3 times (x 71B)
Class com.android.build.api.variant.HasTestFixturesBuilder                            : loaded 3 times (x 66B)
Class com.android.build.api.dsl.BuildFeatures                                         : loaded 3 times (x 66B)
Class com.android.build.gradle.internal.core.SettingsOptions                          : loaded 3 times (x 68B)
Class com.google.gson.ReflectionAccessFilter$FilterResult                             : loaded 3 times (x 75B)
Class com.android.utils.Environment                                                   : loaded 3 times (x 70B)
Class com.google.gson.FieldNamingPolicy$1                                             : loaded 3 times (x 79B)
Class com.google.gson.internal.bind.TypeAdapters$21                                   : loaded 3 times (x 71B)
Class com.android.build.gradle.internal.variant.VariantPathHelper$targetFilterConfigurations$2: loaded 3 times (x 75B)
Class com.android.build.gradle.internal.core.dsl.impl.ConsumableComponentDslInfoImpl$manifestPlaceholdersDslInfo$2: loaded 3 times (x 75B)
Class [Lcom.android.prefs.LocationValue;                                              : loaded 3 times (x 65B)
Class com.android.build.gradle.internal.scope.DelayedActionsExecutor                  : loaded 3 times (x 68B)
Class com.android.build.gradle.internal.core.InternalBaseVariant                      : loaded 3 times (x 66B)
Class com.android.build.api.transform.Transform                                       : loaded 3 times (x 84B)
Class org.jetbrains.kotlin.gradle.plugin.internal.DefaultConfigurationCacheStartParameterAccessorVariantFactory: loaded 3 times (x 72B)
Class org.jetbrains.kotlin.gradle.dsl.KotlinCommonCompilerToolOptions                 : loaded 3 times (x 66B)
Class org.jetbrains.kotlin.gradle.testing.internal.KotlinTestsRegistry$Companion      : loaded 3 times (x 67B)
Class com.google.common.collect.ImmutableMap$SerializedForm                           : loaded 3 times (x 69B)
Class org.jetbrains.kotlin.gradle.targets.metadata.KotlinMetadataTargetConfiguratorKt : loaded 3 times (x 67B)
Class org.jetbrains.kotlin.gradle.plugin.sources.android.KotlinAndroidSourceSetLayoutKt$multiplatformAndroidSourceSetLayoutV1$1: loaded 3 times (x 74B)
Class com.android.builder.model.v2.ide.LibraryInfo                                    : loaded 3 times (x 66B)
Class org.jetbrains.kotlin.gradle.plugin.diagnostics.checkers.InternalGradlePropertiesUsageChecker: loaded 3 times (x 70B)
Class com.android.build.gradle.internal.plugins.DslContainerProvider$lock$4           : loaded 3 times (x 71B)
Class com.android.build.api.variant.InternalSources                                   : loaded 3 times (x 66B)
Class com.android.build.api.variant.impl.CodeTransparencyImpl                         : loaded 3 times (x 71B)
Class com.android.build.gradle.internal.utils.PublishingUtils                         : loaded 3 times (x 67B)
Class com.android.tools.build.jetifier.core.pom.PomRewriteRule                        : loaded 3 times (x 68B)
Class [Lcom.android.tools.build.jetifier.processor.transform.Transformer;             : loaded 3 times (x 65B)
Class com.android.build.gradle.internal.dependency.VariantDependencies$WhenMappings   : loaded 3 times (x 67B)
Class com.android.build.api.component.impl.features.OptimizationCreationConfigImpl    : loaded 3 times (x 80B)
Class com.android.build.gradle.internal.dependency.ProvidedClasspathSubtractor$excludes$1: loaded 3 times (x 75B)
Class [Lcom.android.build.gradle.tasks.MergeResources$Flag;                           : loaded 3 times (x 65B)
Class org.jetbrains.kotlin.gradle.plugin.SubpluginEnvironment                         : loaded 3 times (x 68B)
Class org.jetbrains.kotlin.gradle.plugin.AndroidProjectHandler$wireKotlinTasks$2      : loaded 3 times (x 75B)
Class org.jetbrains.kotlin.gradle.plugin.mpp.KotlinAndroidTarget$doCreateComponents$publishableVariants$1$1: loaded 3 times (x 75B)
Class org.jetbrains.kotlin.gradle.internal.StdlibDependencyManagementKt$addStdlibDependency$1$1$1: loaded 3 times (x 71B)
Class com.android.build.gradle.internal.utils.D8BackportedMethodsGenerator$Parameters_Decorated: loaded 3 times (x 144B)
Class com.android.build.gradle.internal.PropertiesValueSource$Params                  : loaded 3 times (x 66B)
Class com.android.build.gradle.internal.TaskManager$createDependencyStreams$1         : loaded 3 times (x 75B)
Class com.android.build.gradle.internal.tasks.BundleReportDependenciesTask$CreationAction: loaded 3 times (x 86B)
Class com.android.build.gradle.internal.tasks.BundleToApkTask$CreationAction          : loaded 3 times (x 86B)
Class com.android.build.gradle.internal.tasks.PerModuleBundleTask$CreationAction      : loaded 3 times (x 86B)
Class com.android.build.gradle.internal.tasks.AppMetadataTask                         : loaded 3 times (x 328B)
Class com.android.build.api.artifact.impl.OperationRequestsImplKt$toCreate$2          : loaded 3 times (x 71B)
Class com.android.build.gradle.tasks.ProcessManifestForInstantAppTask                 : loaded 3 times (x 327B)
Class com.android.build.gradle.internal.scope.InternalArtifactType$BASE_MODULE_METADATA: loaded 3 times (x 70B)
Class com.android.build.gradle.internal.dependency.VariantDependencies$computeArtifactCollection$attributesAction$1$1: loaded 3 times (x 75B)
Class com.android.build.api.component.impl.DefaultSourcesProviderImpl$defaultResSources$1: loaded 3 times (x 74B)
Class com.android.build.api.variant.SourceDirectories$Layered                         : loaded 3 times (x 66B)
Class com.android.build.api.component.impl.HostTestImpl                               : loaded 3 times (x 427B)
Class com.android.build.api.variant.impl.SourcesImpl                                  : loaded 3 times (x 113B)
Class com.android.build.api.variant.impl.AndroidResourcesImpl                         : loaded 3 times (x 80B)
Class org.jetbrains.kotlin.gradle.plugin.sources.AbstractKotlinSourceSet              : loaded 3 times (x 137B)
Class org.jetbrains.kotlin.gradle.plugin.sources.android.checker.MultiplatformLayoutV2AndroidStyleSourceDirUsageChecker: loaded 3 times (x 71B)
Class org.jetbrains.kotlin.gradle.plugin.sources.android.MultiplatformLayoutV2KotlinAndroidSourceSetNaming: loaded 3 times (x 71B)
Class org.jetbrains.kotlin.compilerRunner.GradleCliCommonizerKt$maybeCreateCommonizerClasspathConfiguration$1$1: loaded 3 times (x 71B)
Class [Lorg.jetbrains.kotlin.build.report.metrics.ValueType;                          : loaded 3 times (x 65B)
Class com.android.build.gradle.internal.tasks.factory.GlobalTaskCreationConfigImpl$buildToolsRevision$2: loaded 3 times (x 75B)
Class com.android.build.gradle.internal.dsl.LintImpl$severities$2                     : loaded 3 times (x 75B)
Class com.android.build.gradle.internal.api.artifact.SourceArtifactType$AIDL          : loaded 3 times (x 70B)
Class com.android.build.gradle.internal.api.DefaultAndroidSourceFile                  : loaded 3 times (x 84B)
Class com.android.build.api.dsl.CmakeFlags                                            : loaded 3 times (x 66B)
Class com.android.build.gradle.internal.dsl.KeepRulesImpl                             : loaded 3 times (x 80B)
Class com.android.build.gradle.internal.manifest.LazyManifestParser                   : loaded 3 times (x 72B)
Class com.android.build.gradle.internal.errors.SyncIssueReporterImpl$GlobalSyncIssueService$RegistrationAction: loaded 3 times (x 70B)
Class com.android.build.gradle.internal.utils.AnalyticsSettingsUtils                  : loaded 3 times (x 67B)
Class com.google.gson.internal.bind.ReflectiveTypeAdapterFactory$FieldReflectionAdapter: loaded 3 times (x 73B)
Class com.google.gson.internal.bind.TypeAdapters$19                                   : loaded 3 times (x 71B)
Class com.google.gson.internal.bind.TypeAdapters$6                                    : loaded 3 times (x 71B)
Class com.android.ide.common.blame.Message$Kind                                       : loaded 3 times (x 75B)
Class com.android.build.gradle.internal.plugins.KotlinMultiplatformAndroidPlugin      : loaded 3 times (x 77B)
Class com.android.build.api.variant.HasHostTestsBuilder                               : loaded 3 times (x 66B)
Class com.android.build.api.variant.ComponentBuilder                                  : loaded 3 times (x 66B)
Class com.android.build.api.dsl.SettingsExtension                                     : loaded 3 times (x 66B)
Class com.android.build.api.dsl.CommonExtension                                       : loaded 3 times (x 66B)
Class org.jetbrains.kotlin.gradle.dsl.ToolchainSupport$Companion                      : loaded 3 times (x 67B)
Class org.jetbrains.kotlin.gradle.plugin.KotlinSourceSet                              : loaded 3 times (x 66B)
Class com.android.build.gradle.tasks.MergeResources$CreationAction$handleProvider$6   : loaded 3 times (x 74B)
Class com.android.build.gradle.internal.scope.InternalArtifactType$JAVA_RES           : loaded 3 times (x 70B)
Class com.android.build.api.variant.JniLibsTestedApkPackaging                         : loaded 3 times (x 66B)
Class com.android.build.gradle.internal.tasks.CheckDuplicateClassesTask               : loaded 3 times (x 325B)
Class com.android.build.gradle.internal.tasks.BundleReportDependenciesTask            : loaded 3 times (x 326B)
Class com.android.build.gradle.internal.tasks.SdkDependencyDataGeneratorTask$CreationAction: loaded 3 times (x 86B)
Class com.android.build.gradle.internal.cxx.configure.NdkLocator                      : loaded 3 times (x 68B)
Class com.android.build.gradle.internal.PropertiesValueSource$Inject                  : loaded 3 times (x 105B)
Class com.google.common.collect.RegularImmutableSortedSet                             : loaded 3 times (x 295B)
Class com.android.build.gradle.internal.utils.DesugarLibUtils                         : loaded 3 times (x 67B)
Class com.google.common.collect.Streams                                               : loaded 3 times (x 67B)
Class com.android.build.gradle.internal.dependency.DexingRegistration$ComponentSpecificParameters: loaded 3 times (x 68B)
Class org.jetbrains.kotlin.gradle.plugin.mpp.compilationImpl.factory.DefaultKotlinCompilationDependencyConfigurationsFactory: loaded 3 times (x 71B)
Class [Lorg.jetbrains.kotlin.gradle.plugin.mpp.compilationImpl.factory.KotlinCompilationImplFactory$PreConfigure;: loaded 3 times (x 65B)
Class org.jetbrains.kotlin.gradle.plugin.mpp.KotlinCompilationFactory$DefaultImpls    : loaded 3 times (x 67B)
Class org.jetbrains.kotlin.gradle.internal.ClassLoadersCachingBuildService$Companion$registerIfAbsent$1$1: loaded 3 times (x 75B)
Class com.android.build.gradle.internal.scope.InternalArtifactType$FULL_JAR           : loaded 3 times (x 70B)
Class org.jetbrains.kotlin.gradle.plugin.mpp.compilationImpl.KotlinCompilationAssociatorKt$addAllDependenciesFromOtherConfigurations$1$1: loaded 3 times (x 75B)
Class org.jetbrains.kotlin.gradle.plugin.AndroidProjectHandler$wireKotlinTasks$3      : loaded 3 times (x 70B)
Class org.jetbrains.kotlin.gradle.plugin.mpp.KotlinAndroidTarget$checkPublishLibraryVariantsExist$getLibraryVariantNames$1$1: loaded 3 times (x 75B)
Class org.jetbrains.kotlin.gradle.tasks.configuration.TaskConfigAction$sam$org_gradle_api_Action$0: loaded 3 times (x 71B)
Class org.jetbrains.kotlin.gradle.plugin.BuildFinishedListenerService$Companion$registerIfAbsent$2$1: loaded 3 times (x 75B)
Class org.jetbrains.kotlin.gradle.plugin.KotlinTargetConfiguratorKt$WhenMappings      : loaded 3 times (x 67B)
Class com.android.build.gradle.internal.tasks.factory.TaskFactoryImpl                 : loaded 3 times (x 79B)
Class com.android.build.gradle.internal.testing.TestData$Companion                    : loaded 3 times (x 67B)
Class com.android.build.gradle.internal.tasks.PerModuleReportDependenciesTask$CreationAction: loaded 3 times (x 86B)
Class com.android.build.api.artifact.impl.OperationRequestsImplKt$toAppend$1          : loaded 3 times (x 71B)
Class com.android.build.gradle.internal.res.ParseLibraryResourcesTask$CreateAction    : loaded 3 times (x 86B)
Class com.android.build.gradle.internal.scope.InternalArtifactType$SOURCE_SET_PATH_MAP: loaded 3 times (x 70B)
Class com.android.tools.build.jetifier.processor.transform.Transformer                : loaded 3 times (x 66B)
Class com.google.gson.annotations.SerializedName                                      : loaded 3 times (x 66B)
Class com.android.build.gradle.internal.tasks.ApkZipPackagingTask$CreationAction      : loaded 3 times (x 86B)
Class com.android.build.gradle.internal.feature.BundleAllClasses$CreationAction       : loaded 3 times (x 86B)
Class com.android.build.gradle.internal.tasks.ApplicationIdWriterTask$CreationAction  : loaded 3 times (x 86B)
Class com.android.build.gradle.internal.component.AarCreationConfig                   : loaded 3 times (x 66B)
Class [Lcom.android.buildanalyzer.common.TaskCategory;                                : loaded 3 times (x 65B)
Class org.jetbrains.kotlin.project.model.LanguageSettings                             : loaded 3 times (x 66B)
Class org.jetbrains.kotlin.gradle.plugin.sources.android.configurator.CompositeKotlinAndroidSourceSetConfigurator: loaded 3 times (x 72B)
Class org.jetbrains.kotlin.gradle.plugin.BuildFinishFlowAction$Parameters_Decorated   : loaded 3 times (x 136B)
Class org.jetbrains.kotlin.gradle.plugin.internal.BasePluginConfiguration             : loaded 3 times (x 66B)
Class org.jetbrains.kotlin.gradle.plugin.internal.CompatibilityConventionRegistrar$Factory: loaded 3 times (x 66B)
Class com.android.build.gradle.internal.dsl.CoreExternalNativeBuildOptions            : loaded 3 times (x 66B)
Class com.android.utils.DateProvider                                                  : loaded 3 times (x 66B)
Class com.android.build.gradle.internal.utils.AnalyticsEnabledValueSource$Params      : loaded 3 times (x 66B)
Class com.google.gson.internal.bind.TypeAdapters$7                                    : loaded 3 times (x 71B)
Class com.google.gson.internal.$Gson$Preconditions                                    : loaded 3 times (x 67B)
Class com.android.build.gradle.internal.tasks.factory.GlobalTaskCreationConfigImpl$localCustomLintChecks$2: loaded 3 times (x 75B)
Class com.android.build.api.variant.HasHostTests                                      : loaded 3 times (x 66B)
Class com.google.common.collect.AbstractRangeSet                                      : loaded 3 times (x 110B)
Class org.jetbrains.plugins.gradle.model.GradleSourceSetModel                         : loaded 3 times (x 66B)
Class com.android.build.api.artifact.impl.ArtifactsImpl$3$1                           : loaded 3 times (x 76B)
Class org.jetbrains.plugins.gradle.model.RepositoryModels                             : loaded 3 times (x 66B)
Class com.android.build.gradle.internal.services.RunOnceBuildService                  : loaded 3 times (x 66B)
Class com.android.build.gradle.internal.services.GlobalServiceRegistrationAction$execute$1: loaded 3 times (x 71B)
Class com.android.build.api.instrumentation.manageddevice.ManagedDeviceRegistry       : loaded 3 times (x 66B)
Class com.android.build.gradle.internal.dsl.DependenciesInfoImpl$AgpDecorated_Decorated: loaded 3 times (x 130B)
Class [Lcom.android.build.gradle.options.TestRunnerArguments;                         : loaded 3 times (x 65B)
Class com.google.gson.internal.bind.TypeAdapters$20                                   : loaded 3 times (x 71B)
Class com.android.SdkConstants                                                        : loaded 3 times (x 67B)
Class [Lcom.android.tools.analytics.Environment$EnvironmentVariable;                  : loaded 3 times (x 65B)
Class com.android.build.gradle.internal.dsl.DependenciesInfoImpl$AgpDecorated         : loaded 3 times (x 80B)
Class com.android.build.gradle.internal.dsl.PrivacySandboxImpl$AgpDecorated_Decorated : loaded 3 times (x 126B)
Class com.android.build.gradle.internal.coverage.JacocoOptions_Decorated              : loaded 3 times (x 130B)
Class [Lcom.android.build.gradle.internal.dsl.decorator.SupportedPropertyType;        : loaded 3 times (x 65B)
Class com.android.build.gradle.internal.dsl.PrivacySandboxSdkOptimizationImpl         : loaded 3 times (x 71B)
Class com.android.build.gradle.internal.api.artifact.SourceArtifactType               : loaded 3 times (x 70B)
Class org.jetbrains.kotlin.gradle.utils.FileUtilsKt                                   : loaded 3 times (x 67B)
Class org.jetbrains.kotlin.tooling.core.MutableExtrasImpl                             : loaded 3 times (x 161B)
Class org.jetbrains.kotlin.gradle.plugin.sources.android.configurator.SingleTargetSourceDirConfigurator: loaded 3 times (x 71B)
Class org.jetbrains.kotlin.gradle.plugin.diagnostics.KotlinToolingDiagnosticsCollector: loaded 3 times (x 72B)
Class org.jetbrains.kotlin.gradle.plugin.internal.IdeaPropertiesValueSource$Inject    : loaded 3 times (x 105B)
Class com.android.build.gradle.internal.SdkLocation                                   : loaded 3 times (x 68B)
Class com.android.build.gradle.internal.plugins.DslContainerProvider$lock$3           : loaded 3 times (x 70B)
Class org.jetbrains.kotlin.gradle.plugin.AndroidProjectHandler$wireKotlinTasks$4      : loaded 3 times (x 70B)
Class org.jetbrains.kotlin.gradle.plugin.mpp.pm20.util.ConfigurationUtilsKt           : loaded 3 times (x 67B)
Class com.android.build.gradle.internal.api.UnitTestVariantImpl_Decorated             : loaded 3 times (x 264B)
Class org.jetbrains.kotlin.gradle.plugin.mpp.InternalKotlinCompilation$DefaultImpls   : loaded 3 times (x 67B)
Class org.jetbrains.kotlin.gradle.plugin.mpp.compilationImpl.KotlinCompilationSourceSetInclusion$DefaultAddSourcesToCompileTask: loaded 3 times (x 70B)
Class com.android.build.gradle.internal.scope.GradleAwareFilterData                   : loaded 3 times (x 66B)
Class com.android.build.gradle.internal.dependency.AarResourcesCompilerTransform$Parameters_Decorated: loaded 3 times (x 134B)
Class com.android.build.gradle.internal.dependency.AarResourcesCompilerTransform$Parameters: loaded 3 times (x 66B)
Class com.android.build.gradle.internal.tasks.featuresplit.FeatureSplitUtils          : loaded 3 times (x 67B)
Class com.android.build.api.artifact.impl.OperationRequestsImplKt$toAppend$2          : loaded 3 times (x 71B)
Class com.android.build.api.artifact.impl.InternalScopedArtifact                      : loaded 3 times (x 70B)
Class com.android.build.gradle.internal.tasks.MergeNativeLibsTask$CreationAction      : loaded 3 times (x 86B)
Class com.android.build.gradle.internal.core.dsl.impl.SigningConfigResolver           : loaded 3 times (x 68B)
Class com.android.tools.build.jetifier.processor.transform.proguard.ProGuardTypesMapper$Companion: loaded 3 times (x 67B)
Class com.android.build.gradle.internal.component.features.ResValuesCreationConfig    : loaded 3 times (x 66B)
Class org.jetbrains.kotlin.tooling.core.MutableExtras                                 : loaded 3 times (x 66B)
Class [Lorg.jetbrains.kotlin.gradle.plugin.KotlinPluginLifecycle$Stage;               : loaded 3 times (x 65B)
Class org.jetbrains.kotlin.gradle.targets.metadata.KotlinMetadataTargetConfiguratorKt$metadataCompilationsCreated$2: loaded 3 times (x 74B)
Class org.jetbrains.kotlin.gradle.dsl.KotlinGradlePluginDsl                           : loaded 3 times (x 66B)
Class org.jetbrains.kotlin.gradle.plugin.KotlinGradleBuildServices$detectKotlinPluginLoadedInMultipleProjects$onRegister$1: loaded 3 times (x 75B)
Class org.jetbrains.kotlin.build.report.metrics.BuildTime                             : loaded 3 times (x 66B)
Class org.jetbrains.kotlin.gradle.plugin.statistics.BuildFlowService$Companion        : loaded 3 times (x 67B)
Class org.jetbrains.kotlin.gradle.targets.js.nodejs.UnameExecutor                     : loaded 3 times (x 66B)
Class com.android.build.gradle.internal.scope.InternalArtifactType                    : loaded 3 times (x 70B)
Class com.android.build.gradle.internal.dsl.SdkComponentsImpl$adb$1                   : loaded 3 times (x 71B)
Class com.android.build.gradle.internal.dsl.ManagedVirtualDeviceFactory               : loaded 3 times (x 71B)
Class com.android.build.gradle.internal.dsl.ManagedVirtualDevice                      : loaded 3 times (x 97B)
Class com.android.build.gradle.internal.api.AndroidSourceSetName                      : loaded 3 times (x 68B)
Class com.android.build.gradle.internal.api.artifact.SourceArtifactType$SHADERS       : loaded 3 times (x 70B)
Class com.android.build.api.dsl.BundleAbi                                             : loaded 3 times (x 66B)
Class com.android.build.gradle.internal.services.LintClassLoaderBuildService          : loaded 3 times (x 76B)
Class com.android.build.gradle.internal.services.AndroidLocationsBuildService$AndroidDirectoryCreator$Params$Inject: loaded 3 times (x 104B)
Class com.google.gson.internal.bind.CollectionTypeAdapterFactory$Adapter              : loaded 3 times (x 70B)
Class com.google.gson.internal.bind.TypeAdapters$8                                    : loaded 3 times (x 71B)
Class com.android.build.api.variant.HasUnitTestBuilder                                : loaded 3 times (x 66B)
Class com.android.build.gradle.options.ApiStage$Deprecated                            : loaded 3 times (x 68B)
Class com.android.build.gradle.options.ProjectOptionService$RegistrationAction        : loaded 3 times (x 70B)
Class com.android.build.api.variant.ApplicationVariantBuilder                         : loaded 3 times (x 66B)
Class com.android.build.gradle.internal.services.DslServices                          : loaded 3 times (x 66B)
Class com.android.ide.common.blame.SourceFileJsonTypeAdapter                          : loaded 3 times (x 71B)
Class com.android.build.gradle.internal.dependency.VariantDependencies                : loaded 3 times (x 72B)
Class com.android.build.api.variant.impl.VariantOutputConfigurationImplKt$WhenMappings: loaded 3 times (x 67B)
Class com.android.build.gradle.internal.core.dsl.AndroidTestComponentDslInfo          : loaded 3 times (x 66B)
Class com.android.build.api.variant.VariantExtensionConfig                            : loaded 3 times (x 66B)
Class ijInit1_8tf3qtkj3v06848qddt7x55nj                                               : loaded 3 times (x 175B)
Class com.android.build.api.variant.impl.ResSourceDirectoriesImpl                     : loaded 3 times (x 88B)
Class com.google.gson.internal.LinkedTreeMap$EntrySet                                 : loaded 3 times (x 132B)
Class com.android.build.api.component.impl.MutableListBackedUpWithListProperty        : loaded 3 times (x 201B)
Class com.android.build.gradle.tasks.MergeResources$CreationAction$handleProvider$5   : loaded 3 times (x 74B)
Class com.android.build.gradle.internal.tasks.MergeNativeLibsTaskKt                   : loaded 3 times (x 67B)
Class com.android.build.api.variant.impl.DexPackagingOptionsImpl                      : loaded 3 times (x 71B)
Class com.android.build.gradle.internal.scope.InternalArtifactType$COMPILE_APP_CLASSES_JAR: loaded 3 times (x 70B)
Class com.android.build.gradle.internal.scope.InternalArtifactType$EXTERNAL_FILE_LIB_DEX_ARCHIVES: loaded 3 times (x 70B)
Class com.google.gson.internal.bind.ObjectTypeAdapter$1                               : loaded 3 times (x 72B)
Class com.android.build.gradle.internal.tasks.ExtractNativeDebugMetadataTask          : loaded 3 times (x 331B)
Class com.android.build.gradle.tasks.ProcessTestManifest                              : loaded 3 times (x 344B)
Class com.android.builder.model.v2.ide.TestInfo                                       : loaded 3 times (x 66B)
Class com.android.build.gradle.internal.scope.InternalArtifactType$UNIT_TEST_CONFIG_DIRECTORY: loaded 3 times (x 70B)
Class com.android.build.gradle.internal.cxx.gradle.generator.CxxConfigurationModelKt$ENABLE_CHECK_CONFIG_TIME_CONSTRUCTION$2: loaded 3 times (x 74B)
Class com.android.build.gradle.internal.dependency.AarResourcesCompilerTransform$Inject1: loaded 3 times (x 105B)
Class com.android.build.gradle.internal.dependency.IdentityTransform$Parameters_Decorated: loaded 3 times (x 135B)
Class com.android.build.gradle.internal.scope.InternalArtifactType$LINT_VITAL_LINT_MODEL: loaded 3 times (x 70B)
Class org.jetbrains.kotlin.gradle.plugin.mpp.compilationImpl.KotlinCompilationAssociatorKt$addAllDependenciesFromOtherConfigurations$1: loaded 3 times (x 71B)
Class com.android.builder.model.v2.models.ndk.NativeModelBuilderParameter             : loaded 3 times (x 66B)
Class org.jetbrains.kotlin.gradle.utils.ProviderApiUtilsKt$sam$i$java_util_concurrent_Callable$0: loaded 3 times (x 71B)
Class org.jetbrains.kotlin.gradle.tasks.CompileUsingKotlinDaemon                      : loaded 3 times (x 66B)
Class org.jetbrains.kotlin.gradle.plugin.mpp.KotlinWithJavaTarget                     : loaded 3 times (x 148B)
Class com.android.build.gradle.internal.DependencyConfigurator$Companion              : loaded 3 times (x 67B)
Class com.android.build.gradle.internal.SdkLibDataFactory$Environment$SystemProperty  : loaded 3 times (x 75B)
Class com.android.build.gradle.internal.scope.InternalArtifactType$GLOBAL_SYNTHETICS_FILE_LIB: loaded 3 times (x 70B)
Class com.android.build.api.artifact.SingleArtifact$APK_FROM_BUNDLE                   : loaded 3 times (x 70B)
Class com.android.build.gradle.internal.scope.InternalArtifactType$BINARY_ART_PROFILE : loaded 3 times (x 70B)
Class com.android.build.gradle.internal.tasks.ApplicationTaskManager$createBundleTask$1: loaded 3 times (x 71B)
Class com.android.build.gradle.internal.feature.BundleAllClasses$CreationAction$handleProvider$1: loaded 3 times (x 123B)
Class com.android.build.gradle.internal.res.ParseLibraryResourcesTask$CreateAction$handleProvider$1: loaded 3 times (x 123B)
Class com.android.build.gradle.internal.tasks.ValidateResourcesTask$CreateAction$handleProvider$1: loaded 3 times (x 123B)
Class com.android.build.api.component.impl.features.NativeBuildCreationConfigImpl$externalNativeBuild$2: loaded 3 times (x 75B)
Class [Lcom.android.build.VariantOutput$FilterType;                                   : loaded 3 times (x 65B)
Class com.android.build.gradle.internal.variant.BaseVariantData$DiscoverableFilterType$LANGUAGE: loaded 3 times (x 76B)
Class com.android.build.api.variant.impl.ApplicationVariantImpl$androidResources$2    : loaded 3 times (x 75B)
Class com.android.build.api.variant.ApkOutputProviders                                : loaded 3 times (x 66B)
Class com.android.build.gradle.internal.core.dsl.impl.features.OptimizationDslInfoImpl$mergeOptions$1: loaded 3 times (x 74B)
Class com.android.build.gradle.internal.core.dsl.ComponentDslInfo$DslDefinedHostTest  : loaded 3 times (x 68B)
Class com.android.build.gradle.internal.tasks.BuildAnalyzer                           : loaded 3 times (x 66B)
Class org.jetbrains.kotlin.gradle.plugin.internal.IdeaPropertiesValueSource$Parameters_Decorated: loaded 3 times (x 130B)
Class org.jetbrains.kotlin.gradle.internal.KotlinTestDependencyManagementKt$configureKotlinTestDependency$3: loaded 3 times (x 71B)
Class org.jetbrains.kotlin.gradle.plugin.sources.android.MultiplatformLayoutV1KotlinAndroidSourceSetNaming: loaded 3 times (x 71B)
Class org.jetbrains.kotlin.gradle.plugin.KotlinPluginLifecycle$IllegalLifecycleException: loaded 3 times (x 78B)
Class org.jetbrains.kotlin.gradle.plugin.KotlinGradleFinishBuildHandler               : loaded 3 times (x 68B)
Class [Lorg.jetbrains.kotlin.build.report.metrics.BuildPerformanceMetric;             : loaded 3 times (x 65B)
Class org.jetbrains.kotlin.statistics.metrics.StringOverridePolicy$CONCAT             : loaded 3 times (x 81B)
Class org.jetbrains.kotlin.gradle.dsl.KotlinTopLevelExtension                         : loaded 3 times (x 82B)
Class com.android.builder.signing.DefaultSigningConfig$DebugSigningConfig             : loaded 3 times (x 68B)
Class com.android.build.gradle.internal.core.dsl.impl.features.DeviceTestOptionsDslInfoImpl: loaded 3 times (x 81B)
Class com.android.build.gradle.internal.core.dsl.features.TestOptionsDslInfo          : loaded 3 times (x 66B)
Class com.android.build.gradle.internal.dsl.DexPackagingImpl$AgpDecorated             : loaded 3 times (x 79B)
Class com.android.build.gradle.internal.dsl.BundleOptionsDensity$AgpDecorated         : loaded 3 times (x 77B)
Class com.android.build.VariantOutput                                                 : loaded 3 times (x 66B)
Class com.android.build.api.artifact.Artifact$Single                                  : loaded 3 times (x 70B)
Class com.android.build.api.dsl.Optimization                                          : loaded 3 times (x 66B)
Class com.android.build.gradle.internal.dsl.DependenciesInfoImpl                      : loaded 3 times (x 77B)
Class com.android.build.api.dsl.TestProductFlavor                                     : loaded 3 times (x 66B)
Class com.android.prefs.LocationValue                                                 : loaded 3 times (x 66B)
Class com.google.wireless.android.sdk.stats.JavaProcessStatsOrBuilder                 : loaded 3 times (x 66B)
Class com.android.build.gradle.internal.profile.NoOpAnalyticsConfiguratorService$Inject: loaded 3 times (x 98B)
Class com.google.gson.internal.bind.TypeAdapters$9                                    : loaded 3 times (x 71B)
Class com.android.prefs.AndroidPathLocator                                            : loaded 3 times (x 69B)
Class com.android.build.gradle.internal.plugins.DynamicFeaturePlugin                  : loaded 3 times (x 92B)
Class com.android.build.gradle.internal.services.ClassesHierarchyBuildService         : loaded 3 times (x 76B)
Class com.android.build.gradle.internal.packaging.GradleKeystoreHelper                : loaded 3 times (x 67B)
Class com.android.build.gradle.internal.variant.VariantFactory                        : loaded 3 times (x 66B)
Class com.android.build.gradle.internal.core.dsl.VariantDslInfo                       : loaded 3 times (x 66B)
Class com.android.build.gradle.internal.variant.DimensionCombination                  : loaded 3 times (x 66B)
Class com.android.build.gradle.internal.core.dsl.ApplicationVariantDslInfo            : loaded 3 times (x 66B)
Class com.android.build.gradle.internal.plugins.AndroidPluginBaseServices$optionService$2$1: loaded 3 times (x 74B)
Class com.google.gson.InstanceCreator                                                 : loaded 3 times (x 66B)
Class com.google.gson.internal.sql.SqlTimeTypeAdapter                                 : loaded 3 times (x 70B)
Class com.google.gson.internal.bind.TreeTypeAdapter                                   : loaded 3 times (x 71B)
Class com.android.builder.model.v2.ide.JavaCompileOptions                             : loaded 3 times (x 66B)
Class com.android.tools.analytics.AnalyticsSettingsData$Companion                     : loaded 3 times (x 67B)
Class com.android.build.gradle.internal.dsl.JavaCompileOptions                        : loaded 3 times (x 78B)
Class com.android.builder.profile.ThreadRecorder                                      : loaded 3 times (x 72B)
Class com.android.build.api.dsl.BundleCodeTransparency                                : loaded 3 times (x 66B)
Class com.android.build.api.dsl.BundleStoreArchive                                    : loaded 3 times (x 66B)
Class com.android.build.api.dsl.Ndk                                                   : loaded 3 times (x 66B)
Class com.android.build.gradle.internal.dsl.OptimizationImpl                          : loaded 3 times (x 75B)
Class com.android.build.gradle.internal.publishing.AppVariantSpecBuilder              : loaded 3 times (x 86B)
Class com.android.build.gradle.internal.dsl.InternalPrivacySandboxSdkExtension        : loaded 3 times (x 66B)
Class org.jetbrains.kotlin.gradle.plugin.ProjectLocalConfigurationsKt                 : loaded 3 times (x 67B)
Class org.jetbrains.kotlin.gradle.plugin.mpp.compilationImpl.factory.KotlinCompilationImplFactory: loaded 3 times (x 68B)
Class com.android.build.gradle.internal.dependency.DexingOutputSplitTransform$Parameters_Decorated: loaded 3 times (x 135B)
Class com.android.build.gradle.internal.dependency.DexingOutputSplitTransform$Parameters: loaded 3 times (x 66B)
Class com.android.build.gradle.internal.dependency.PlatformAttrTransform$Inject1      : loaded 3 times (x 105B)
Class com.android.build.gradle.internal.tasks.ApplicationTaskManager$createBundleTask$2: loaded 3 times (x 71B)
Class com.android.build.api.artifact.impl.TypedStorageProvider$getArtifact$2$1        : loaded 3 times (x 75B)
Class com.android.build.gradle.tasks.JavaPreCompileTask$CreationAction                : loaded 3 times (x 86B)
Class com.android.build.gradle.tasks.MergeSourceSetFolders$MergeAppAssetCreationAction$handleProvider$1: loaded 3 times (x 123B)
Class com.android.build.gradle.internal.publishing.AndroidArtifacts                   : loaded 3 times (x 67B)
Class com.android.build.gradle.internal.dsl.decorator.annotation.NonNullableSetter    : loaded 3 times (x 66B)
Class com.android.build.api.variant.impl.ManifestFilesImpl$allStatic$1                : loaded 3 times (x 70B)
Class com.android.build.gradle.internal.dependency.ConstraintHandler$checkConfigurationAlignments$1: loaded 3 times (x 71B)
Class com.android.build.gradle.internal.core.dsl.impl.features.OptimizationDslInfoImpl$mergeOptions$2: loaded 3 times (x 74B)
Class com.android.build.gradle.internal.core.dsl.impl.features.PrivacySandboxDslInfoImpl: loaded 3 times (x 71B)
Class com.android.build.gradle.internal.utils.KgpUtils$syncAgpAndKgpSources$kotlinSourceSets$2: loaded 3 times (x 75B)
Class org.jetbrains.kotlin.gradle.plugin.diagnostics.checkers.KotlinTargetAlreadyDeclaredChecker$runChecks$1: loaded 3 times (x 84B)
Class org.jetbrains.kotlin.gradle.internal.KotlinDomApiDependencyManagementKt$addKotlinDomApiDependency$1: loaded 3 times (x 71B)
Class org.jetbrains.kotlin.gradle.plugin.mpp.KotlinTargetWithBinaries                 : loaded 3 times (x 153B)
Class [Lorg.jetbrains.kotlin.gradle.plugin.KotlinSourceSet;                           : loaded 3 times (x 65B)
Class org.jetbrains.kotlin.gradle.plugin.KotlinTargetsContainerWithPresets            : loaded 3 times (x 66B)
Class org.jetbrains.kotlin.gradle.plugin.PropertiesManager$property$1                 : loaded 3 times (x 75B)
Class org.jetbrains.kotlin.gradle.plugin.PropertiesManager                            : loaded 3 times (x 68B)
Class org.jetbrains.kotlin.gradle.plugin.PropertiesProvider$localProperties$2         : loaded 3 times (x 75B)
Class org.jetbrains.kotlin.statistics.metrics.IMetricContainerFactory                 : loaded 3 times (x 66B)
Class org.jetbrains.kotlin.statistics.MetricValueValidationFailed                     : loaded 3 times (x 78B)
Class org.jetbrains.kotlin.gradle.plugin.internal.JavaSourceSetsAccessor$JavaSourceSetsAccessorVariantFactory: loaded 3 times (x 66B)
Class com.android.build.gradle.internal.core.SettingsOptionsKt                        : loaded 3 times (x 67B)
Class com.android.build.gradle.internal.dsl.BundleOptionsCodeTransparency$AgpDecorated: loaded 3 times (x 77B)
Class com.android.build.gradle.internal.api.artifact.SourceArtifactType$JAVA_RESOURCES: loaded 3 times (x 70B)
Class com.android.build.gradle.api.AndroidSourceFile                                  : loaded 3 times (x 66B)
Class org.objectweb.asm.commons.LocalVariablesSorter                                  : loaded 3 times (x 106B)
Class com.android.build.api.dsl.ViewBinding                                           : loaded 3 times (x 66B)
Class com.android.build.gradle.internal.dsl.DexPackagingImpl                          : loaded 3 times (x 66B)
Class com.android.build.gradle.internal.dsl.AssetPackBundleExtensionImpl              : loaded 3 times (x 66B)
Class com.android.build.gradle.internal.dsl.decorator.SupportedPropertyType$Var$String: loaded 3 times (x 70B)
Class com.android.prefs.PathLocator                                                   : loaded 3 times (x 69B)
Class com.android.build.api.dsl.DeviceGroup                                           : loaded 3 times (x 66B)
Class com.android.build.gradle.internal.profile.NoOpAnalyticsConfiguratorService      : loaded 3 times (x 78B)
Class com.android.tools.analytics.AnalyticsSettingsData$DataTypeAdapter               : loaded 3 times (x 69B)
Class com.google.gson.JsonParseException                                              : loaded 3 times (x 78B)
Class com.android.build.gradle.internal.dsl.BundleOptionsLanguage$AgpDecorated_Decorated: loaded 3 times (x 125B)
Class com.android.build.gradle.internal.dsl.DeviceGroupFactory                        : loaded 3 times (x 71B)
Class com.android.build.gradle.internal.dsl.ExternalNativeBuild$AgpDecorated_Decorated: loaded 3 times (x 144B)
Class com.android.builder.testing.api.DeviceProvider                                  : loaded 3 times (x 73B)
Class com.android.build.gradle.ProguardFiles$ProguardFile                             : loaded 3 times (x 75B)
Class com.android.build.api.artifact.impl.PropertyAdapter                             : loaded 3 times (x 66B)
Class org.jetbrains.kotlin.gradle.plugin.PropertiesManager$property$1$1               : loaded 3 times (x 71B)
Class org.jetbrains.kotlin.gradle.plugin.GradleUtilsKt                                : loaded 3 times (x 67B)
Class org.jetbrains.kotlin.gradle.dsl.KotlinTargetContainerWithWasmPresetFunctions    : loaded 3 times (x 66B)
Class org.jetbrains.kotlin.gradle.plugin.diagnostics.KotlinToolingDiagnosticsCollector$Inject: loaded 3 times (x 92B)
Class org.jetbrains.kotlin.gradle.utils.FailuresKt$ideaSyncClasspathModeUtil$1        : loaded 3 times (x 68B)
Class org.jetbrains.kotlin.gradle.plugin.internal.IdeaPropertiesValueSource           : loaded 3 times (x 74B)
Class com.android.build.gradle.internal.plugins.DslContainerProvider$lock$2           : loaded 3 times (x 70B)
Class com.android.build.gradle.internal.core.dsl.impl.DslInfoBuilder                  : loaded 3 times (x 68B)
Class com.android.build.gradle.internal.core.InternalBaseVariant$MergedFlavor         : loaded 3 times (x 66B)
Class org.jetbrains.kotlin.gradle.plugin.sources.FragmentConsistencyChecks$optInAnnotationsCheck$1$1: loaded 3 times (x 74B)
Class org.jetbrains.kotlin.gradle.tasks.configuration.KaptGenerateStubsConfig         : loaded 3 times (x 68B)
Class org.jetbrains.kotlin.gradle.tasks.configuration.BaseKotlinCompileConfig$1$classpathConfiguration$jvmToolchain$1: loaded 3 times (x 70B)
Class org.jetbrains.kotlin.gradle.plugin.mpp.compilationImpl.factory.DefaultKotlinCompilationOutputFactory$create$1: loaded 3 times (x 71B)
Class com.android.build.gradle.internal.ide.FilterDataImpl                            : loaded 3 times (x 76B)
Class com.android.build.gradle.internal.dependency.DexingNoClasspathTransform$Inject1 : loaded 3 times (x 108B)
Class com.android.build.gradle.internal.dependency.AarToClassTransform$Companion      : loaded 3 times (x 67B)
Class com.android.build.gradle.internal.scope.InternalArtifactType$ANALYZE_DEPENDENCIES_REPORT: loaded 3 times (x 70B)
Class com.android.build.gradle.internal.HostTestTaskManager$setupAssembleTasks$1      : loaded 3 times (x 71B)
Class com.android.build.gradle.internal.tasks.ExtractVersionControlInfoTask$CreationAction$handleProvider$1: loaded 3 times (x 123B)
Class com.android.build.gradle.internal.tasks.PackageBundleTask$CreationAction$handleProvider$1: loaded 3 times (x 123B)
Class com.android.build.gradle.internal.tasks.DexFileDependenciesTask$CreationAction$handleProvider$1: loaded 3 times (x 123B)
Class com.android.build.gradle.internal.scope.InternalArtifactType$SYMBOL_LIST_WITH_PACKAGE_NAME: loaded 3 times (x 70B)
Class com.android.build.gradle.internal.scope.InternalArtifactType$MERGED_MANIFESTS   : loaded 3 times (x 70B)
Class com.android.tools.build.jetifier.core.type.JavaType                             : loaded 3 times (x 68B)
Class com.android.build.gradle.internal.VariantManager$createVariantsFromCombination$variantExtensionConfig$1: loaded 3 times (x 74B)
Class com.android.build.gradle.internal.core.dsl.impl.features.AndroidResourcesDslInfoImpl: loaded 3 times (x 77B)
Class com.android.build.api.component.impl.DeviceTestImpl$dexing$2                    : loaded 3 times (x 75B)
Class com.android.build.gradle.internal.component.legacy.ModelV1LegacySupport         : loaded 3 times (x 66B)
Class com.android.build.gradle.internal.core.dsl.ComponentDslInfo$DslDefinedDeviceTest: loaded 3 times (x 68B)
Class org.jetbrains.kotlin.gradle.targets.js.npm.SemVer                               : loaded 3 times (x 71B)
Class org.jetbrains.kotlin.gradle.plugin.sources.android.configurator.KotlinAndroidSourceSetConfiguratorKt: loaded 3 times (x 67B)
Class org.jetbrains.kotlin.gradle.utils.WhenPluginEnabledKt$whenPluginsEnabled$1      : loaded 3 times (x 71B)
Class org.jetbrains.kotlin.gradle.tasks.AbstractKotlinCompileTool                     : loaded 3 times (x 362B)
Class [Lorg.jetbrains.kotlin.gradle.report.BuildReportType;                           : loaded 3 times (x 65B)
Class org.jetbrains.kotlin.gradle.plugin.internal.ConfigurationTimePropertiesAccessorKt: loaded 3 times (x 67B)
Class com.android.build.gradle.internal.lint.LintTaskManager$createBeforeEvaluateLintTasks$1: loaded 3 times (x 71B)
Class com.android.build.gradle.internal.lint.LintTaskManager$Companion                : loaded 3 times (x 67B)
Class com.android.build.gradle.internal.crash.ExternalApiUsageException               : loaded 3 times (x 78B)
Class [Lcom.android.build.api.variant.ScopedArtifacts$Scope;                          : loaded 3 times (x 65B)
Class com.android.build.gradle.api.ApplicationVariant                                 : loaded 3 times (x 66B)
Class com.android.build.gradle.internal.dsl.BundleOptionsCountrySet$AgpDecorated      : loaded 3 times (x 81B)
Class com.android.build.gradle.internal.dsl.EmulatorControl$AgpDecorated              : loaded 3 times (x 85B)
Class com.android.build.gradle.internal.dsl.ApplicationPublishingImpl                 : loaded 3 times (x 77B)
Class com.android.build.gradle.internal.errors.IncompatibleProjectOptionsReporter     : loaded 3 times (x 67B)
Class com.google.wireless.android.sdk.stats.GradleBuildVariantOrBuilder               : loaded 3 times (x 66B)
Class com.android.build.gradle.internal.profile.AnalyticsService$Params_Decorated     : loaded 3 times (x 151B)
Class com.android.sdklib.AndroidVersion                                               : loaded 3 times (x 71B)
Class com.android.build.gradle.internal.dsl.BundleOptionsCountrySet$AgpDecorated_Decorated: loaded 3 times (x 130B)
Class com.android.build.api.variant.GeneratesApkBuilder                               : loaded 3 times (x 66B)
Class com.android.Version                                                             : loaded 3 times (x 67B)
Class com.android.build.gradle.internal.services.RunOnceBuildServiceImpl$Inject       : loaded 3 times (x 98B)
Class com.android.ide.common.repository.GradleVersion                                 : loaded 3 times (x 89B)
Class [Lcom.android.builder.errors.IssueReporter$Type;                                : loaded 3 times (x 65B)
Class com.android.build.api.variant.TestedComponentPackaging                          : loaded 3 times (x 66B)
Class com.android.build.gradle.internal.component.NestedComponentCreationConfig       : loaded 3 times (x 66B)
Class com.android.build.gradle.tasks.MergeResources$CreationAction$handleProvider$4   : loaded 3 times (x 74B)
Class com.android.build.gradle.internal.dsl.VcsInfoImpl$AgpDecorated                  : loaded 3 times (x 77B)
Class com.android.build.api.artifact.impl.SingleInitialProviderRequestImpl$on$1       : loaded 3 times (x 71B)
Class com.android.build.gradle.internal.test.AbstractTestDataImpl$testCoverageEnabled$1: loaded 3 times (x 75B)
Class com.android.build.gradle.internal.attribution.CheckJetifierBuildService$Parameters: loaded 3 times (x 66B)
Class com.android.build.gradle.internal.dependency.DexingOutputSplitTransformKt       : loaded 3 times (x 67B)
Class [Lorg.jetbrains.kotlin.gradle.plugin.mpp.compilationImpl.DefaultKotlinCompilationFriendPathsResolver$FriendArtifactResolver;: loaded 3 times (x 65B)
Class org.jetbrains.kotlin.gradle.plugin.mpp.compilationImpl.KotlinCompilationCompilerOptionsFromTargetConfigurator: loaded 3 times (x 70B)
Class [Lcom.android.builder.model.v2.ide.BytecodeTransformation;                      : loaded 3 times (x 65B)
Class com.android.builder.model.v2.ide.ComponentInfo                                  : loaded 3 times (x 66B)
Class com.android.builder.model.v2.ide.AaptOptions                                    : loaded 3 times (x 66B)
Class org.jetbrains.kotlin.gradle.plugin.statistics.BuildFlowService$Inject           : loaded 3 times (x 100B)
Class org.gradle.internal.Cast                                                        : loaded 3 times (x 67B)
Class org.gradle.api.Action                                                           : loaded 3 times (x 66B)
Class org.jetbrains.kotlin.gradle.plugin.DefaultKotlinBasePlugin                      : loaded 3 times (x 78B)
Class com.android.build.api.variant.AndroidComponentsExtension                        : loaded 3 times (x 66B)
Class com.android.build.gradle.internal.plugins.AndroidPluginBaseServices$optionService$2: loaded 3 times (x 75B)
Class com.google.protobuf.ExtensionRegistryLite                                       : loaded 3 times (x 70B)
Class com.android.prefs.AbstractAndroidLocations                                      : loaded 3 times (x 78B)
Class com.android.build.gradle.internal.dependency.SourceSetManager                   : loaded 3 times (x 68B)
Class org.jetbrains.kotlin.gradle.plugin.KotlinGradleBuildServices$Inject             : loaded 3 times (x 96B)
Class com.android.build.gradle.internal.GradleLocalPropertiesFactory                  : loaded 3 times (x 67B)
Class org.jetbrains.kotlin.gradle.dsl.KotlinCompile                                   : loaded 3 times (x 66B)
Class org.jetbrains.kotlin.gradle.plugin.mpp.compilationImpl.DefaultKotlinCompilationFriendPathsResolver$DefaultFriendArtifactResolver: loaded 3 times (x 70B)
Class com.android.build.gradle.internal.tasks.factory.BootClasspathConfigImpl$bootClasspath$2$1: loaded 3 times (x 123B)
Class com.android.build.gradle.internal.DependencyConfigurator$configureGeneralTransforms$9$1: loaded 3 times (x 70B)
Class com.android.build.gradle.internal.HostTestTaskManager$setupAssembleTasks$2      : loaded 3 times (x 71B)
Class com.android.build.gradle.internal.tasks.DexFileDependenciesTask$CreationAction$handleProvider$2: loaded 3 times (x 123B)
Class com.android.build.gradle.internal.scope.InternalArtifactType$PROJECT_DEX_ARCHIVE: loaded 3 times (x 70B)
Class com.android.build.gradle.tasks.ManifestProcessorTask                            : loaded 3 times (x 326B)
Class com.android.tools.build.jetifier.processor.transform.TransformationContext      : loaded 3 times (x 68B)
Class com.android.build.api.component.impl.DefaultSourcesProviderImpl$defaultJavaSources$1: loaded 3 times (x 74B)
Class com.android.build.gradle.internal.VariantManager$createVariantsFromCombination$8: loaded 3 times (x 75B)
Class com.android.build.api.variant.impl.MetadataRecord                               : loaded 3 times (x 68B)
Class com.android.build.gradle.internal.component.features.AndroidResourcesCreationConfig: loaded 3 times (x 66B)
Class org.jetbrains.kotlin.gradle.plugin.diagnostics.checkers.InternalGradlePropertiesUsageChecker$runChecks$1: loaded 3 times (x 84B)
Class org.jetbrains.kotlin.gradle.utils.StringUtilsKt$lowerCamelCaseName$1            : loaded 3 times (x 121B)
Class org.jetbrains.kotlin.gradle.plugin.sources.android.checker.MultiplatformLayoutV1DeprecationChecker: loaded 3 times (x 71B)
Class org.jetbrains.kotlin.gradle.plugin.sources.android.configurator.KotlinAndroidSourceSetInfoConfigurator: loaded 3 times (x 71B)
Class org.jetbrains.kotlin.gradle.dsl.JvmTarget$Companion                             : loaded 3 times (x 67B)
Class org.jetbrains.kotlin.gradle.utils.ExperimentalConifgurationKt                   : loaded 3 times (x 67B)
Class org.jetbrains.kotlin.gradle.plugin.PropertiesBuildService$Params_Decorated      : loaded 3 times (x 130B)
Class org.jetbrains.kotlin.gradle.plugin.PropertiesBuildService$Params                : loaded 3 times (x 66B)
Class org.jetbrains.kotlin.gradle.plugin.internal.DefaultConfigurationCacheStartParameterAccessor: loaded 3 times (x 71B)
Class com.android.build.gradle.internal.dsl.ApplicationPublishingImpl$AgpDecorated_Decorated: loaded 3 times (x 130B)
Class org.jetbrains.kotlin.gradle.plugin.AndroidProjectHandler$configureTarget$plugin$1: loaded 3 times (x 75B)
Class com.android.build.api.dsl.ComposeOptions                                        : loaded 3 times (x 66B)
Class com.android.build.gradle.internal.dsl.NdkOptions$DebugSymbolLevel               : loaded 3 times (x 75B)
Class org.jetbrains.kotlin.gradle.utils.Completable$await$1                           : loaded 3 times (x 84B)
Class com.android.build.api.dsl.VectorDrawables                                       : loaded 3 times (x 66B)
Class com.android.build.gradle.internal.dsl.ViewBindingOptionsImpl                    : loaded 3 times (x 80B)
Class com.android.build.gradle.internal.dsl.ResourcesPackagingImpl                    : loaded 3 times (x 78B)
Class com.android.build.gradle.internal.dsl.BundleOptions                             : loaded 3 times (x 123B)
Class com.android.build.gradle.internal.SdkComponentsBuildService$Parameters          : loaded 3 times (x 66B)
Class com.android.build.gradle.internal.services.AndroidLocationsBuildService$androidLocations$1$1: loaded 3 times (x 71B)
Class com.android.build.gradle.internal.plugins.AndroidPluginBaseServices$basePluginApply$2: loaded 3 times (x 71B)
Class com.android.build.gradle.options.FeatureStage$Supported                         : loaded 3 times (x 68B)
Class com.google.common.util.concurrent.MoreExecutors                                 : loaded 3 times (x 67B)
Class com.android.build.gradle.internal.core.VariantSources                           : loaded 3 times (x 68B)
Class com.google.common.base.Converter$FunctionBasedConverter                         : loaded 3 times (x 86B)
Class com.android.build.gradle.internal.api.DefaultAndroidSourceSet                   : loaded 3 times (x 228B)
Class com.android.build.gradle.internal.dsl.LintImpl$AgpDecorated                     : loaded 3 times (x 215B)
Class com.android.builder.core.DexOptions                                             : loaded 3 times (x 66B)
Class com.android.build.gradle.internal.tasks.factory.TaskFactory                     : loaded 3 times (x 66B)
Class org.jetbrains.kotlin.gradle.utils.SingleActionPerProject                        : loaded 3 times (x 69B)
Class org.jetbrains.kotlin.gradle.dsl.DefaultToolchainSupport$wireToolchainToTasks$1$1: loaded 3 times (x 71B)
Class [Lorg.jetbrains.kotlin.tooling.core.HasExtras;                                  : loaded 3 times (x 65B)
Class com.android.builder.model.v2.dsl.BaseConfig                                     : loaded 3 times (x 66B)
Class org.jetbrains.kotlin.gradle.plugin.diagnostics.KotlinGradleProjectCheckersRunnerKt: loaded 3 times (x 67B)
Class com.android.build.gradle.internal.plugins.DslContainerProvider$lock$1           : loaded 3 times (x 70B)
Class com.android.build.gradle.internal.core.dsl.impl.VariantDslInfoImpl$applicationId$2: loaded 3 times (x 75B)
Class com.android.build.api.variant.DependenciesInfoBuilder                           : loaded 3 times (x 66B)
Class com.android.build.gradle.internal.core.dsl.impl.VariantDslInfoImpl$initApplicationId$2: loaded 3 times (x 71B)
Class com.android.build.gradle.internal.attributes.VariantAttr$ImplFactory            : loaded 3 times (x 71B)
Class com.android.builder.model.SyncIssue                                             : loaded 3 times (x 66B)
Class com.android.build.gradle.tasks.MergeResources$CreationAction$handleProvider$3   : loaded 3 times (x 74B)
Class com.android.build.gradle.internal.scope.InternalArtifactType$COMPILE_SYMBOL_LIST: loaded 3 times (x 70B)
Class com.android.build.gradle.internal.scope.InternalArtifactType$SOURCE_JAR         : loaded 3 times (x 70B)
Class org.jetbrains.kotlin.gradle.tooling.IncludeKotlinToolingMetadataInApkKt$includeKotlinToolingMetadataInApk$1$1$1: loaded 3 times (x 70B)
Class com.android.build.api.artifact.impl.InAndOutDirectoryOperationRequestImpl$Companion$initializeInput$1: loaded 3 times (x 71B)
Class com.android.tools.build.jetifier.processor.transform.proguard.ProGuardClassFilterParser: loaded 3 times (x 68B)
Class com.android.tools.build.jetifier.core.config.Config                             : loaded 3 times (x 68B)
Class com.android.build.api.variant.impl.FlatSourceDirectoriesImpl                    : loaded 3 times (x 88B)
Class com.android.build.gradle.internal.core.dsl.HostTestComponentDslInfo             : loaded 3 times (x 66B)
Class [Lcom.android.build.api.variant.VariantOutputConfiguration$OutputType;          : loaded 3 times (x 65B)
Class com.android.build.api.component.impl.AnnotationProcessorImpl                    : loaded 3 times (x 73B)
Class com.android.build.api.variant.impl.PackagingImpl                                : loaded 3 times (x 76B)
Class [Lcom.android.build.gradle.internal.profile.ProfilingMode;                      : loaded 3 times (x 65B)
Class org.jetbrains.kotlin.gradle.plugin.diagnostics.checkers.PreHmppDependenciesUsageChecker: loaded 3 times (x 70B)
Class org.jetbrains.kotlin.gradle.targets.js.npm.DevNpmDependencyExtension            : loaded 3 times (x 66B)
Class org.jetbrains.kotlin.gradle.plugin.AbstractKotlinMultiplatformPluginWrapper     : loaded 3 times (x 83B)
Class org.jetbrains.kotlin.gradle.plugin.KotlinAndroidPlugin$Companion                : loaded 3 times (x 67B)
Class org.jetbrains.kotlin.gradle.utils.GradleConfigurationUtilsKt$addGradlePluginMetadataAttributes$1: loaded 3 times (x 71B)
Class org.jetbrains.kotlin.gradle.plugin.internal.DefaultProjectIsolationStartParameterAccessor: loaded 3 times (x 71B)
Class com.android.build.gradle.internal.TaskManager$ConfigAttrTask                    : loaded 3 times (x 311B)
Class com.android.builder.core.AbstractBuildType$Companion                            : loaded 3 times (x 67B)
Class com.android.builder.testing.api.TestServer                                      : loaded 3 times (x 70B)
Class com.android.build.gradle.internal.dsl.ShaderOptions_Decorated                   : loaded 3 times (x 131B)
Class com.android.build.api.dsl.KmpOptimization                                       : loaded 3 times (x 66B)
Class com.android.build.gradle.internal.dsl.decorator.SupportedPropertyType$Var       : loaded 3 times (x 70B)
Class com.android.builder.signing.DefaultSigningConfig                                : loaded 3 times (x 105B)
Class com.android.build.gradle.internal.plugins.AndroidPluginBaseServices$basePluginApply$3: loaded 3 times (x 71B)
Class com.android.build.gradle.internal.services.LintClassLoaderBuildService$RegistrationAction: loaded 3 times (x 70B)
Class com.android.build.gradle.internal.utils.GradleEnvironmentProvider               : loaded 3 times (x 66B)
Class [Lcom.google.wireless.android.sdk.stats.GradleBuildProfileSpan$ExecutionType;   : loaded 3 times (x 65B)
Class com.android.tools.analytics.HostData$garbageCollectorBeans$2                    : loaded 3 times (x 74B)
Class com.android.build.gradle.internal.utils.AnalyticsSettingsUtils$analyticsEnabledProvider$1: loaded 3 times (x 70B)
Class com.android.utils.Environment$Companion$SYSTEM$1                                : loaded 3 times (x 70B)
Class com.android.build.api.variant.ApkPackaging                                      : loaded 3 times (x 66B)
Class com.android.build.gradle.internal.TaskManager                                   : loaded 3 times (x 77B)
Class com.android.build.gradle.AppPluginKt                                            : loaded 3 times (x 67B)
Class com.android.build.gradle.internal.component.features.RenderscriptCreationConfig : loaded 3 times (x 66B)
Class com.android.build.api.variant.impl.ResourcesApkPackagingImpl$excludes$1         : loaded 3 times (x 71B)
Class com.android.build.gradle.internal.scope.Java8LangSupport                        : loaded 3 times (x 75B)
Class com.android.build.gradle.internal.dependency.SubtractingArtifactCollection$SubtractingArtifactResult$artifactResults$1: loaded 3 times (x 75B)
Class com.android.build.gradle.internal.utils.D8BackportedMethodsGenerator$Parameters : loaded 3 times (x 66B)
Class com.android.build.gradle.internal.ApiObjectFactory                              : loaded 3 times (x 69B)
Class com.android.build.gradle.internal.api.BaseVariantOutputImpl                     : loaded 3 times (x 108B)
Class com.android.build.api.component.impl.OldVariantApiLegacySupportImpl$getVariantOutputs$1: loaded 3 times (x 71B)
Class org.jetbrains.kotlin.gradle.plugin.mpp.compilationImpl.DefaultKotlinCompilationPostConfigureKt: loaded 3 times (x 67B)
Class org.jetbrains.kotlin.gradle.plugin.mpp.compilationImpl.factory.ConfigurationNaming: loaded 3 times (x 66B)
Class [Lorg.jetbrains.kotlin.gradle.plugin.sources.KotlinDependencyScope;             : loaded 3 times (x 65B)
Class org.jetbrains.kotlin.gradle.plugin.sources.FragmentConsistencyChecks$unstableFeaturesCheck$1$1: loaded 3 times (x 74B)
Class com.android.build.gradle.internal.SdkLocator$SdkLocationSource$TEST_SDK_DIRECTORY: loaded 3 times (x 76B)
Class com.google.common.base.Verify                                                   : loaded 3 times (x 67B)
Class com.android.build.gradle.internal.dsl.InternalTestedExtension                   : loaded 3 times (x 66B)
Class com.android.build.gradle.internal.plugins.AppPlugin$2                           : loaded 3 times (x 82B)
Class com.android.build.gradle.internal.errors.SyncIssueReporter                      : loaded 3 times (x 72B)
Class com.android.build.gradle.options.SyncOptions$ErrorFormatMode                    : loaded 3 times (x 75B)
Class com.google.gson.internal.bind.CollectionTypeAdapterFactory                      : loaded 3 times (x 71B)
Class com.android.build.api.variant.impl.DirectoryEntries                             : loaded 3 times (x 68B)
Class com.android.tools.analytics.HostData$memoryBean$2                               : loaded 3 times (x 74B)
Class org.jetbrains.kotlin.gradle.plugin.SubpluginEnvironment$Companion               : loaded 3 times (x 67B)
Class org.jetbrains.kotlin.gradle.tasks.configuration.BaseKotlinCompileConfig$Companion: loaded 3 times (x 67B)
Class org.jetbrains.kotlin.gradle.plugin.mpp.compilationImpl.KotlinCompilationImpl$Params: loaded 3 times (x 68B)
Class com.android.build.gradle.internal.utils.D8BackportedMethodsGenerator$Inject1    : loaded 3 times (x 105B)
Class com.android.build.gradle.internal.dependency.BaseDexingTransform$Parameters     : loaded 3 times (x 66B)
Class com.android.build.gradle.internal.tasks.CheckJetifierTask                       : loaded 3 times (x 322B)
Class com.android.build.gradle.internal.tasks.GlobalSyntheticsMergeTask$CreationAction$handleProvider$1: loaded 3 times (x 123B)
Class com.android.build.gradle.internal.scope.InternalArtifactType$INTERMEDIARY_BUNDLE: loaded 3 times (x 70B)
Class com.android.build.api.variant.ResourcesPackaging                                : loaded 3 times (x 66B)
Class com.android.build.gradle.tasks.MergeSourceSetFolders$MergeShaderSourceFoldersCreationAction$handleProvider$1: loaded 3 times (x 123B)
Class com.android.build.gradle.tasks.GenerateResValues$CreationAction$handleProvider$1: loaded 3 times (x 123B)
Class com.android.tools.build.jetifier.core.rule.RewriteRulesMap$Companion            : loaded 3 times (x 67B)
Class com.android.build.api.variant.ManifestFiles                                     : loaded 3 times (x 66B)
Class com.android.build.api.variant.impl.FlatSourceDirectoriesImpl$addSource$1        : loaded 3 times (x 71B)
Class org.jetbrains.kotlin.gradle.dsl.KotlinJvmOptions$DefaultImpls                   : loaded 3 times (x 67B)
Class org.jetbrains.kotlin.gradle.plugin.internal.IdeaPropertiesValueSource$Parameters$Inject: loaded 3 times (x 102B)
Class org.jetbrains.kotlin.gradle.tooling.BuildKotlinToolingMetadataTask              : loaded 3 times (x 313B)
Class org.jetbrains.kotlin.gradle.plugin.internal.CompatibilityConventionRegistrarKt  : loaded 3 times (x 67B)
Class org.jetbrains.kotlin.gradle.plugin.internal.DefaultBasePluginConfiguration      : loaded 3 times (x 73B)
Class org.jetbrains.kotlin.build.report.metrics.GradleBuildPerformanceMetric$Companion: loaded 3 times (x 67B)
Class com.android.build.gradle.internal.tasks.factory.TaskConfigAction                : loaded 3 times (x 66B)
Class com.android.build.gradle.internal.plugins.AndroidPluginBaseServices$basePluginApply$4: loaded 3 times (x 71B)
Class com.android.build.gradle.internal.dsl.AndroidTestImpl$AgpDecorated_Decorated    : loaded 3 times (x 125B)
Class com.android.build.gradle.internal.ide.v2.NativeModelBuilder$configurationModels$2: loaded 3 times (x 75B)
Class com.android.build.api.artifact.impl.ScopedArtifactsImpl                         : loaded 3 times (x 71B)
Class com.android.build.api.artifact.impl.ArtifactsImpl                               : loaded 3 times (x 77B)
Class com.android.build.gradle.internal.core.ToolExecutionOptions                     : loaded 3 times (x 68B)
Class com.android.build.gradle.internal.api.artifact.SourceArtifactType$JNI_LIBS      : loaded 3 times (x 70B)
Class com.android.build.gradle.internal.dsl.CoreShaderOptions                         : loaded 3 times (x 66B)
Class com.android.build.api.dsl.DependencyVariantSelection                            : loaded 3 times (x 66B)
Class com.android.build.gradle.internal.dsl.AgpDslLockedException                     : loaded 3 times (x 78B)
Class com.android.build.gradle.internal.plugins.BasePlugin$variantInputModel$2$1      : loaded 3 times (x 75B)
Class com.android.build.gradle.internal.services.Aapt2DaemonBuildService              : loaded 3 times (x 76B)
Class com.android.build.gradle.internal.ide.v2.GlobalSyncService                      : loaded 3 times (x 76B)
Class [Lcom.google.protobuf.ProtocolMessageEnum;                                      : loaded 3 times (x 65B)
Class com.google.protobuf.LazyStringArrayList                                         : loaded 3 times (x 310B)
Class com.android.build.gradle.internal.scope.ProjectInfo                             : loaded 3 times (x 68B)
Class com.google.gson.internal.sql.SqlDateTypeAdapter                                 : loaded 3 times (x 70B)
Class com.android.build.api.component.impl.DefaultSourcesProviderImpl$getShaders$1    : loaded 3 times (x 74B)
Class com.android.build.api.variant.HasAndroidResources                               : loaded 3 times (x 66B)
Class com.android.build.gradle.internal.component.VariantCreationConfig               : loaded 3 times (x 66B)
Class com.android.build.api.variant.VariantBuilder                                    : loaded 3 times (x 66B)
Class com.android.build.gradle.internal.dsl.InternalApplicationExtension              : loaded 3 times (x 66B)
Class com.android.build.gradle.internal.services.Aapt2ThreadPoolBuildServiceKt        : loaded 3 times (x 67B)
Class com.android.build.gradle.internal.dsl.PrivacySandboxImpl                        : loaded 3 times (x 74B)
Class com.android.builder.core.AbstractProductFlavor$Companion                        : loaded 3 times (x 67B)
Class com.android.build.gradle.internal.variant.LegacyVariantInputManager$6           : loaded 3 times (x 70B)
Class com.android.build.gradle.internal.api.TestedVariant                             : loaded 3 times (x 66B)
Class com.android.build.gradle.internal.ide.v2.ModelBuilder$Companion                 : loaded 3 times (x 67B)
Class com.android.build.gradle.internal.lint.AndroidLintGlobalTask$UpdateBaselineCreationAction: loaded 3 times (x 87B)
Class org.jetbrains.kotlin.gradle.plugin.KotlinSourceSetContainer                     : loaded 3 times (x 66B)
Class org.jetbrains.kotlin.build.report.metrics.GradleBuildPerformanceMetric$Companion$children$2: loaded 3 times (x 74B)
Class org.jetbrains.kotlin.gradle.plugin.diagnostics.checkers.NoKotlinTargetsDeclaredChecker: loaded 3 times (x 70B)
Class org.jetbrains.kotlin.gradle.plugin.diagnostics.checkers.DisabledCinteropCommonizationInHmppProjectChecker: loaded 3 times (x 70B)
Class com.android.build.gradle.internal.plugins.BasePlugin$createAndroidTasks$3       : loaded 3 times (x 75B)
Class com.android.build.api.variant.GeneratesTestApkBuilder                           : loaded 3 times (x 66B)
Class com.android.build.api.component.impl.DeviceTestImpl$signingConfig$2             : loaded 3 times (x 75B)
Class com.android.build.api.component.impl.DeviceTestImpl$renderscript$2              : loaded 3 times (x 75B)
Class com.android.build.api.component.impl.HostTestImpl$buildConfigCreationConfig$2   : loaded 3 times (x 75B)
Class com.android.tools.build.jetifier.core.pom.PomRewriteRule$Companion              : loaded 3 times (x 67B)
Class android.databinding.tool.processing.ScopedException                             : loaded 3 times (x 82B)
Class [Lcom.android.build.gradle.internal.SdkLibDataFactory$Environment$SystemProperty;: loaded 3 times (x 65B)
Class com.android.build.gradle.tasks.AnalyzeDependenciesTask$CreationAction$handleProvider$1: loaded 3 times (x 123B)
Class com.android.build.gradle.internal.test.TestDataImpl$libraryType$1               : loaded 3 times (x 75B)
Class com.android.build.gradle.internal.HostTestTaskManager                           : loaded 3 times (x 77B)
Class com.android.tools.build.jetifier.core.pom.PomRewriteRule$JsonData               : loaded 3 times (x 68B)
Class com.android.build.api.variant.impl.ManifestFilesImpl$addSource$1                : loaded 3 times (x 71B)
Class com.android.build.api.variant.impl.AndroidResourcesImplKt                       : loaded 3 times (x 67B)
Class com.android.build.gradle.internal.core.dsl.impl.InstrumentedTestDslInfoImpl$functionalTest$2: loaded 3 times (x 70B)
Class com.android.build.VariantOutput$FilterType                                      : loaded 3 times (x 75B)
Class com.android.build.gradle.internal.variant.VariantPathHelper$apkLocation$2       : loaded 3 times (x 75B)
Class com.android.build.api.attributes.BuildTypeAttr$ImplFactory                      : loaded 3 times (x 71B)
Class com.android.builder.errors.IssueReporter$Type                                   : loaded 3 times (x 75B)
Class com.android.build.api.variant.AndroidResourcesBuilder                           : loaded 3 times (x 66B)
Class org.jetbrains.kotlin.gradle.utils.StringUtilsKt                                 : loaded 3 times (x 67B)
Class org.jetbrains.kotlin.gradle.utils.CompletableFuture                             : loaded 3 times (x 66B)
Class org.jetbrains.kotlin.tooling.core.ExtrasLazyProperty                            : loaded 3 times (x 66B)
Class org.jetbrains.kotlin.build.report.metrics.BuildPerformanceMetric                : loaded 3 times (x 66B)
Class [Lorg.jetbrains.kotlin.statistics.metrics.StringOverridePolicy;                 : loaded 3 times (x 65B)
Class com.android.build.gradle.api.AndroidBasePlugin                                  : loaded 3 times (x 70B)
Class com.android.build.gradle.internal.plugins.AppPlugin$ApplicationAndroidComponentsExtensionImplCompat_Decorated: loaded 3 times (x 155B)
Class com.android.build.gradle.internal.dsl.DensitySplitOptions$AgpDecorated_Decorated: loaded 3 times (x 153B)
Class com.android.build.gradle.internal.dsl.AbiSplitOptions$AgpDecorated              : loaded 3 times (x 94B)
Class com.android.build.api.artifact.Artifact$Category                                : loaded 3 times (x 75B)
Class com.android.build.gradle.internal.dsl.FusedLibraryExtensionImpl                 : loaded 3 times (x 82B)
Class com.android.build.gradle.internal.dsl.BundleOptionsAiModelVersion               : loaded 3 times (x 77B)
Class com.android.build.api.dsl.Publishing                                            : loaded 3 times (x 66B)
Class [Lcom.android.build.gradle.internal.profile.AnalyticsConfiguratorService$State; : loaded 3 times (x 65B)
Class com.google.gson.Gson$FutureTypeAdapter                                          : loaded 3 times (x 72B)
Class com.google.protobuf.UninitializedMessageException                               : loaded 3 times (x 80B)
Class com.android.build.gradle.internal.DependencyResolutionChecks                    : loaded 3 times (x 67B)
Class com.android.build.gradle.internal.tasks.DexMergingAction                        : loaded 3 times (x 75B)
Class com.android.build.gradle.internal.tasks.ApplicationTaskManager$doCreateTasksForVariant$r8DexStartupOptimizationEnabled$1: loaded 3 times (x 70B)
Class com.android.build.gradle.internal.tasks.BundleToApkTask                         : loaded 3 times (x 329B)
Class com.android.build.gradle.internal.tasks.MergeNativeDebugMetadataTask            : loaded 3 times (x 326B)
Class com.android.build.gradle.internal.tasks.ExtractVersionControlInfoTask$CreationAction: loaded 3 times (x 86B)
Class com.android.build.gradle.internal.tasks.CheckJetifierTask$CreationAction        : loaded 3 times (x 86B)
Class com.android.tools.build.jetifier.core.proguard.ProGuardType$Companion           : loaded 3 times (x 67B)
Class com.android.build.gradle.internal.cxx.logging.ThreadLoggingEnvironment          : loaded 3 times (x 78B)
Class com.android.build.gradle.internal.dependency.MockableJarTransform               : loaded 3 times (x 74B)
Class com.android.build.gradle.internal.utils.DesugarLibUtils$registerDesugarLibConfigExtractorTransformIfAbsent$1: loaded 3 times (x 70B)
Class com.android.build.gradle.internal.dependency.DexingRegistration$ComponentSpecificParameters$Companion: loaded 3 times (x 67B)
Class com.android.build.gradle.internal.dependency.DesugarGraph                       : loaded 3 times (x 71B)
Class com.android.build.gradle.internal.dependency.ModelArtifactCompatibilityRule     : loaded 3 times (x 72B)
Class com.android.build.gradle.internal.api.AndroidArtifactVariantImpl                : loaded 3 times (x 226B)
Class org.jetbrains.kotlin.gradle.targets.js.dsl.KotlinWasmSubTargetContainerDsl      : loaded 3 times (x 66B)
Class org.jetbrains.kotlin.gradle.plugin.internal.BuildIdService$Companion            : loaded 3 times (x 67B)
Class com.android.build.gradle.internal.scope.InternalArtifactType$LIBRARY_ASSETS     : loaded 3 times (x 70B)
Class com.android.build.gradle.internal.scope.BuildArtifactType                       : loaded 3 times (x 70B)
Class [Lcom.android.build.gradle.internal.SdkType;                                    : loaded 3 times (x 65B)
Class [Lcom.android.build.gradle.internal.SdkLocator$SdkLocationSource;               : loaded 3 times (x 65B)
Class [Lcom.android.builder.model.v2.ide.AaptOptions$Namespacing;                     : loaded 3 times (x 65B)
Class com.android.build.gradle.internal.UnitTestTaskManager                           : loaded 3 times (x 77B)
Class com.android.build.gradle.internal.plugins.AppPlugin$1                           : loaded 3 times (x 82B)
Class com.android.build.gradle.internal.plugins.BasePlugin$versionedSdkLoaderService$2: loaded 3 times (x 75B)
Class com.android.build.gradle.options.Version                                        : loaded 3 times (x 75B)
Class com.google.gson.JsonElement                                                     : loaded 3 times (x 88B)
Class com.android.tools.analytics.CommonMetricsData$GarbageCollectionStatsDiffs       : loaded 3 times (x 67B)
Class com.android.build.gradle.internal.TaskManager$createAnchorTasks$1               : loaded 3 times (x 71B)
Class org.jetbrains.kotlin.gradle.internal.transforms.ClasspathEntrySnapshotTransform : loaded 3 times (x 74B)
Class com.android.build.gradle.internal.api.TestVariantImpl_Decorated                 : loaded 3 times (x 307B)
Class com.android.build.gradle.internal.dependency.EnumerateClassesTransform          : loaded 3 times (x 74B)
Class com.android.build.gradle.internal.scope.InternalArtifactType$NAVIGATION_JSON    : loaded 3 times (x 70B)
Class com.android.build.gradle.internal.tasks.TestPreBuildTask$CreationAction         : loaded 3 times (x 87B)
Class com.android.build.gradle.internal.publishing.ArtifactCategory                   : loaded 3 times (x 75B)
Class com.android.tools.build.jetifier.core.config.ConfigParser                       : loaded 3 times (x 67B)
Class com.android.build.api.component.impl.DefaultSourcesProviderImpl$getJniLibs$1    : loaded 3 times (x 123B)
Class com.android.build.gradle.internal.core.dsl.impl.AndroidTestComponentDslInfoImpl$dexingDslInfo$2: loaded 3 times (x 75B)
Class com.android.build.api.variant.ApplicationAndroidResources                       : loaded 3 times (x 66B)
Class com.android.build.api.variant.impl.ApplicationVariantBuilderImpl$deviceTests$1  : loaded 3 times (x 75B)
Class com.android.build.gradle.internal.plugins.BasePlugin$createTasks$2$1            : loaded 3 times (x 71B)
Class com.android.build.api.dsl.LibraryDefaultConfig                                  : loaded 3 times (x 66B)
Class org.jetbrains.kotlin.gradle.plugin.diagnostics.checkers.CommonMainOrTestWithDependsOnChecker: loaded 3 times (x 70B)
Class org.jetbrains.kotlin.gradle.plugin.AndroidProjectHandler                        : loaded 3 times (x 68B)
Class org.jetbrains.kotlin.gradle.plugin.KotlinTarget                                 : loaded 3 times (x 66B)
Class org.jetbrains.kotlin.gradle.targets.js.nodejs.UnameExecutor$UnameExecutorVariantFactory: loaded 3 times (x 66B)
Class com.android.build.gradle.internal.ide.v2.NativeModelBuilder                     : loaded 3 times (x 76B)
Class com.android.build.gradle.api.BaseVariant                                        : loaded 3 times (x 66B)
Class com.android.build.gradle.internal.dsl.TestOptions$UnitTestOptions               : loaded 3 times (x 80B)
Class com.android.build.api.dsl.MultiDexConfig                                        : loaded 3 times (x 66B)
Class com.android.build.gradle.internal.dsl.AbiSplitOptions                           : loaded 3 times (x 91B)
Class com.android.build.gradle.internal.profile.AnalyticsConfiguratorService$Params   : loaded 3 times (x 66B)
Class com.android.build.gradle.internal.lint.LintFromMaven                            : loaded 3 times (x 68B)
Class com.google.gson.internal.bind.ReflectiveTypeAdapterFactory$RecordAdapter        : loaded 3 times (x 73B)
Class com.android.build.api.dsl.Split                                                 : loaded 3 times (x 66B)
Class com.android.build.gradle.api.ViewBindingOptions                                 : loaded 3 times (x 66B)
Class com.android.build.gradle.tasks.ProcessManifestForBundleTask$CreationAction      : loaded 3 times (x 86B)
Class com.android.build.gradle.internal.scope.InternalArtifactType$FEATURE_SET_METADATA: loaded 3 times (x 70B)
Class com.android.build.gradle.internal.variant.LegacyVariantInputManager$5           : loaded 3 times (x 71B)
Class com.intellij.gradle.toolingExtension.impl.model.utilDummyModel.DummyModel       : loaded 3 times (x 66B)
Class com.android.build.gradle.internal.dsl.TestOptions_Decorated                     : loaded 3 times (x 179B)
Class com.android.build.gradle.internal.dsl.EmulatorControl                           : loaded 3 times (x 80B)
Class com.android.build.gradle.internal.tasks.factory.BootClasspathConfigImpl$fullBootClasspath$2: loaded 3 times (x 75B)
Class com.android.build.api.variant.Aidl                                              : loaded 3 times (x 66B)
Class org.jetbrains.kotlin.gradle.plugin.VariantImplementationFactoriesConfigurator$Companion: loaded 3 times (x 67B)
Class org.jetbrains.kotlin.gradle.plugin.VariantImplementationFactories$Inject        : loaded 3 times (x 102B)
Class org.jetbrains.kotlin.gradle.plugin.PropertiesProvider$kotlinExperimentalTryK2$1 : loaded 3 times (x 71B)
Class org.jetbrains.kotlin.gradle.dsl.JvmTarget                                       : loaded 3 times (x 75B)
Class com.android.builder.model.v2.dsl.ProductFlavor                                  : loaded 3 times (x 66B)
Class org.jetbrains.kotlin.gradle.plugin.sources.android.KotlinAndroidSourceSetFactory$Companion: loaded 3 times (x 67B)
Class org.jetbrains.kotlin.gradle.plugin.diagnostics.checkers.DuplicateSourceSetChecker$runChecks$1: loaded 3 times (x 84B)
Class [Lcom.android.builder.model.v2.ide.TestInfo$Execution;                          : loaded 3 times (x 65B)
Class com.android.build.gradle.internal.utils.KgpUtils$syncAgpAndKgpSources$1         : loaded 3 times (x 71B)
Class com.android.build.api.variant.GeneratesAar                                      : loaded 3 times (x 66B)
Class com.android.build.api.variant.impl.ApplicationVariantImpl$targetSdk$2           : loaded 3 times (x 75B)
Class com.android.build.gradle.internal.variant.VariantComponentInfo                  : loaded 3 times (x 68B)
Class [Lcom.google.gson.ReflectionAccessFilter$FilterResult;                          : loaded 3 times (x 65B)
Class com.android.tools.build.jetifier.core.proguard.ProGuardTypesMap$expandedRules$2 : loaded 3 times (x 75B)
Class com.android.tools.build.jetifier.processor.transform.proguard.ProGuardClassSpecParser$replacer$4: loaded 3 times (x 75B)
Class com.android.build.gradle.internal.scope.InternalArtifactType$COMPILED_LOCAL_RESOURCES: loaded 3 times (x 70B)
Class org.jetbrains.kotlin.compilerRunner.CompilerSystemPropertiesService$Parameters  : loaded 3 times (x 66B)
Class org.jetbrains.kotlin.gradle.plugin.mpp.compilationImpl.KotlinCompilationSourceSetsContainer: loaded 3 times (x 66B)
Class com.android.build.gradle.internal.SdkLibDataFactory$Environment                 : loaded 3 times (x 68B)
Class com.android.build.gradle.internal.test.TestDataImpl                             : loaded 3 times (x 107B)
Class com.android.build.gradle.internal.tasks.BundleIdeModelProducerTask              : loaded 3 times (x 327B)
Class com.android.build.api.artifact.ScopedArtifact                                   : loaded 3 times (x 70B)
Class com.android.tools.build.jetifier.processor.TimestampsPolicy$Companion           : loaded 3 times (x 67B)
Class com.google.gson.internal.reflect.ReflectionHelper$RecordNotSupportedHelper      : loaded 3 times (x 74B)
Class com.android.build.api.variant.ApplicationAndroidResourcesBuilder                : loaded 3 times (x 66B)
Class com.android.build.gradle.internal.core.dsl.impl.DslInfoBuilder$computeNames$1   : loaded 3 times (x 75B)
Class org.jetbrains.kotlin.gradle.plugin.ProjectLocalConfigurations                   : loaded 3 times (x 67B)
Class org.jetbrains.kotlin.gradle.plugin.mpp.KotlinUsages$KotlinUsagesDisambiguation  : loaded 3 times (x 72B)
Class org.jetbrains.kotlin.tooling.core.Extras$Key$Companion                          : loaded 3 times (x 67B)
Class org.jetbrains.kotlin.tooling.core.Extras$Key                                    : loaded 3 times (x 68B)
Class org.jetbrains.kotlin.gradle.plugin.internal.DefaultProjectIsolationStartParameterAccessor$isProjectIsolationEnabled$2: loaded 3 times (x 75B)
Class com.android.build.gradle.internal.ide.v2.ModelBuilder                           : loaded 3 times (x 76B)
Class com.android.build.gradle.internal.tasks.PerModuleReportDependenciesTask$CreationAction$Companion: loaded 3 times (x 67B)
Class com.android.build.gradle.internal.dsl.JniLibsPackagingImpl$AgpDecorated         : loaded 3 times (x 89B)
Class com.android.build.api.artifact.ArtifactKind$FILE                                : loaded 3 times (x 68B)
Class com.android.build.gradle.internal.test.AbstractTestDataImpl                     : loaded 3 times (x 107B)
Class com.android.build.api.dsl.PrivacySandboxKeepRules                               : loaded 3 times (x 66B)
Class com.android.build.gradle.internal.dsl.AnnotationProcessorOptions                : loaded 3 times (x 98B)
Class com.android.build.gradle.internal.dsl.AarMetadataImpl                           : loaded 3 times (x 66B)
Class com.android.build.gradle.internal.dsl.decorator.SupportedPropertyType$Var$Boolean: loaded 3 times (x 70B)
Class com.android.build.gradle.internal.dsl.VariantDimensionBinaryCompatibilityFix    : loaded 3 times (x 66B)
Class com.android.build.gradle.internal.utils.GradleEnvironmentProviderImpl           : loaded 3 times (x 72B)
Class com.google.protobuf.Internal$LongList                                           : loaded 3 times (x 66B)
Class com.google.gson.internal.$Gson$Types                                            : loaded 3 times (x 67B)
Class com.google.gson.JsonDeserializer                                                : loaded 3 times (x 66B)
Class com.google.gson.JsonIOException                                                 : loaded 3 times (x 78B)
Class com.android.build.gradle.options.OptionalBooleanOption                          : loaded 3 times (x 82B)
Class com.android.build.gradle.internal.tasks.DeviceProviderInstrumentTestTask$CreationAction$Type: loaded 3 times (x 75B)
Class com.android.build.gradle.internal.plugins.BasePlugin$variantInputModel$2        : loaded 3 times (x 75B)
Class com.android.build.gradle.internal.variant.ApplicationVariantFactory             : loaded 3 times (x 102B)
Class org.gradle.accessors.dm.LibrariesForLibsInPluginsBlock                          : loaded 3 times (x 79B)
Class com.android.build.gradle.internal.core.dsl.impl.SigningConfigResolver$Companion : loaded 3 times (x 67B)
Class org.jetbrains.plugins.gradle.model.jar.JarTaskManifestConfiguration             : loaded 3 times (x 66B)
Class org.jetbrains.plugins.gradle.model.GradleSourceSetDependencyModel               : loaded 3 times (x 66B)
Class com.android.build.gradle.tasks.MergeResources$CreationAction                    : loaded 3 times (x 90B)
Class com.android.build.gradle.tasks.MergeResources$CreationAction$handleProvider$1   : loaded 3 times (x 74B)
Class com.android.build.gradle.internal.tasks.CheckAarMetadataTask$CreationAction     : loaded 3 times (x 86B)
Class com.android.build.gradle.internal.scope.InternalArtifactType$LOCAL_ONLY_SYMBOL_LIST: loaded 3 times (x 70B)
Class com.android.build.gradle.internal.dependency.ShrinkerVersion                    : loaded 3 times (x 71B)
Class com.android.build.gradle.internal.tasks.AsarsToCompatSplitsTask                 : loaded 3 times (x 334B)
Class com.android.build.gradle.internal.SdkComponentsBuildService$VersionedSdkLoader  : loaded 3 times (x 68B)
Class org.jetbrains.kotlin.gradle.internal.ClassLoadersCachingBuildService            : loaded 3 times (x 76B)
Class org.jetbrains.kotlin.gradle.tasks.configuration.TaskConfigAction$configureTask$1: loaded 3 times (x 75B)
Class org.jetbrains.kotlin.gradle.plugin.KotlinCompilationInfo$KPM                    : loaded 3 times (x 85B)
Class com.google.common.collect.ImmutableMultisetGwtSerializationDependencies         : loaded 3 times (x 121B)
Class org.gradle.accessors.dm.LibrariesForLibs$VersionAccessors                       : loaded 3 times (x 82B)
Class com.google.common.collect.ImmutableRangeSet$Builder                             : loaded 3 times (x 73B)
Class org.gradle.accessors.dm.LibrariesForLibs$AndroidxEspressoLibraryAccessors       : loaded 3 times (x 73B)
Class com.android.build.api.variant.Component                                         : loaded 3 times (x 66B)
Class com.android.build.gradle.internal.crash.CrashReporting                          : loaded 3 times (x 67B)
Class com.android.build.gradle.options.ApiStage$Stable                                : loaded 3 times (x 68B)
Class com.google.gson.JsonPrimitive                                                   : loaded 3 times (x 89B)
Class com.google.gson.internal.sql.SqlTimestampTypeAdapter$1                          : loaded 3 times (x 71B)
Class com.android.build.gradle.internal.errors.DeprecationReporter                    : loaded 3 times (x 66B)
Class com.android.tools.analytics.Environment                                         : loaded 3 times (x 69B)
Class com.android.build.gradle.internal.dependency.AarToClassTransform                : loaded 3 times (x 74B)
Class com.android.prefs.VariableType                                                  : loaded 3 times (x 75B)
Class com.android.build.gradle.internal.dependency.CollectResourceSymbolsTransform$Inject1: loaded 3 times (x 105B)
Class com.android.build.gradle.internal.dsl.decorator.DslDecorator$ManagedProperty    : loaded 3 times (x 68B)
Class com.android.build.gradle.internal.dsl.NdkOptions_Decorated                      : loaded 3 times (x 166B)
Class com.android.build.gradle.internal.scope.InternalArtifactType$TEST_FIXTURES_LINT_PARTIAL_RESULTS: loaded 3 times (x 70B)
Class com.android.build.gradle.internal.utils.D8BackportedMethodsGenerator            : loaded 3 times (x 74B)
Class com.android.build.gradle.internal.cxx.logging.IssueReporterLoggingEnvironmentKt : loaded 3 times (x 67B)
Class com.android.build.gradle.internal.AndroidTestTaskManager$createVariantPreBuildTask$1: loaded 3 times (x 70B)
Class com.android.build.gradle.internal.scope.InternalArtifactType$D8_METADATA        : loaded 3 times (x 70B)
Class com.android.build.gradle.internal.tasks.OptimizeResourcesTask                   : loaded 3 times (x 330B)
Class com.android.build.gradle.internal.tasks.BundleToApkTask$CreationAction$handleProvider$1: loaded 3 times (x 123B)
Class com.android.build.gradle.internal.tasks.FinalizeBundleTask                      : loaded 3 times (x 327B)
Class com.android.build.gradle.internal.dependency.ShrinkerVersion$Companion$R8$2     : loaded 3 times (x 74B)
Class com.android.build.gradle.internal.scope.InternalArtifactType$STABLE_RESOURCE_IDS_FILE: loaded 3 times (x 70B)
Class com.android.build.gradle.tasks.MergeSourceSetFolders$MergeShaderSourceFoldersCreationAction: loaded 3 times (x 87B)
Class com.android.build.api.component.impl.features.AndroidResourcesCreationConfigImpl: loaded 3 times (x 86B)
Class com.android.tools.build.jetifier.processor.transform.proguard.ProGuardClassSpecParser$bodyReplacers$10: loaded 3 times (x 75B)
Class com.android.build.api.variant.impl.ApplicationVariantImpl$packaging$2           : loaded 3 times (x 75B)
Class com.android.build.api.variant.impl.VariantImpl$buildConfigFields$2              : loaded 3 times (x 75B)
Class com.android.build.gradle.internal.core.dsl.features.OptimizationDslInfo         : loaded 3 times (x 66B)
Class com.android.build.gradle.internal.dependency.AsmClassesTransform                : loaded 3 times (x 75B)
Class com.android.build.gradle.internal.core.dsl.impl.ApplicationVariantDslInfoImpl$versionName$2: loaded 3 times (x 75B)
Class com.android.build.gradle.internal.core.dsl.impl.ComponentDslInfoImpl$1          : loaded 3 times (x 74B)
Class com.android.builder.core.DefaultApiVersion                                      : loaded 3 times (x 73B)
Class com.android.build.gradle.internal.utils.SdkUtilsKt                              : loaded 3 times (x 67B)
Class org.jetbrains.kotlin.gradle.plugin.diagnostics.CheckKotlinGradlePluginConfigurationErrors: loaded 3 times (x 313B)
Class org.jetbrains.kotlin.gradle.plugin.sources.DefaultKotlinSourceSetKt             : loaded 3 times (x 67B)
Class org.jetbrains.kotlin.gradle.dsl.KotlinJvmOptions                                : loaded 3 times (x 66B)
Class org.jetbrains.kotlin.gradle.plugin.mpp.HierarchyAttributeContainer$1            : loaded 3 times (x 74B)
Class org.jetbrains.kotlin.gradle.plugin.mpp.compilationImpl.factory.KotlinJvmCompilerOptionsFactory$create$compilerOptions$1: loaded 3 times (x 73B)
Class org.jetbrains.kotlin.gradle.plugin.KotlinPluginLifecycle                        : loaded 3 times (x 66B)
Class org.jetbrains.kotlin.gradle.plugin.KotlinJsPluginWrapper                        : loaded 3 times (x 83B)
Class org.jetbrains.kotlin.gradle.dsl.ToolchainSupport                                : loaded 3 times (x 66B)
Class org.jetbrains.kotlin.gradle.plugin.mpp.InternalKotlinTarget                     : loaded 3 times (x 66B)
Class org.jetbrains.kotlin.statistics.metrics.NumberAnonymizationPolicy$RANDOM_10_PERCENT: loaded 3 times (x 81B)
Class org.jetbrains.kotlin.statistics.metrics.StringMetrics                           : loaded 3 times (x 76B)
Class com.android.build.gradle.internal.lint.AndroidLintGlobalTask$GlobalCreationAction: loaded 3 times (x 87B)
Class com.android.build.gradle.internal.api.VariantFilter                             : loaded 3 times (x 76B)
Class com.android.build.gradle.internal.services.FakeDependencyJarBuildService$Params$Inject: loaded 3 times (x 102B)
Class com.android.build.gradle.internal.dsl.BundleOptionsTexture$AgpDecorated         : loaded 3 times (x 81B)
Class com.android.build.gradle.internal.dsl.TestFixturesImpl_Decorated                : loaded 3 times (x 127B)
Class com.android.build.api.dsl.ManagedVirtualDevice                                  : loaded 3 times (x 66B)
Class com.android.build.api.dsl.SdkComponents                                         : loaded 3 times (x 66B)
Class com.android.build.api.dsl.TestOptions                                           : loaded 3 times (x 66B)
Class com.android.build.gradle.internal.coverage.JacocoOptions                        : loaded 3 times (x 81B)
Class com.android.build.api.artifact.ArtifactKind$DIRECTORY                           : loaded 3 times (x 68B)
Class org.jetbrains.kotlin.gradle.utils.ParsedGradleVersionKt                         : loaded 3 times (x 67B)
Class org.jetbrains.kotlin.compilerRunner.CompilerSystemPropertiesService$Companion   : loaded 3 times (x 67B)
Class com.android.build.gradle.internal.publishing.PublishingSpecs$OutputSpec         : loaded 3 times (x 66B)
Class com.android.build.api.dsl.PrivacySandboxSdkOptimization                         : loaded 3 times (x 66B)
Class com.android.build.api.dsl.AbiSplit                                              : loaded 3 times (x 66B)
Class com.android.build.api.dsl.LibraryVariantDimension                               : loaded 3 times (x 66B)
Class com.android.build.gradle.internal.services.FakeDependencyJarBuildService$RegistrationAction: loaded 3 times (x 70B)
Class com.android.utils.EnvironmentProvider                                           : loaded 3 times (x 66B)
Class com.google.protobuf.InvalidProtocolBufferException                              : loaded 3 times (x 84B)
Class com.google.common.collect.EnumHashBiMap                                         : loaded 3 times (x 155B)
Class com.android.build.api.dsl.VcsInfo                                               : loaded 3 times (x 66B)
Class com.android.build.gradle.internal.api.artifact.SourceArtifactType$RENDERSCRIPT  : loaded 3 times (x 70B)
Class com.android.build.gradle.internal.variant.LegacyVariantInputManager$4           : loaded 3 times (x 70B)
Class com.android.build.gradle.internal.dsl.ResourcesPackagingImpl$AgpDecorated_Decorated: loaded 3 times (x 129B)
Class com.android.build.gradle.api.ApkVariant                                         : loaded 3 times (x 66B)
Class com.android.builder.core.DefaultDexOptions                                      : loaded 3 times (x 95B)
Class com.android.build.gradle.ProguardFiles                                          : loaded 3 times (x 67B)
Class com.android.build.gradle.internal.lint.AndroidLintGlobalTask$BaseGlobalCreationAction: loaded 3 times (x 87B)
Class com.android.build.gradle.internal.lint.AndroidLintGlobalTask$LintFixCreationAction: loaded 3 times (x 87B)
Class [Lorg.jetbrains.kotlin.statistics.metrics.NumberOverridePolicy;                 : loaded 3 times (x 65B)
Class [Lorg.jetbrains.kotlin.config.JVMAssertionsMode;                                : loaded 3 times (x 65B)
Class org.jetbrains.kotlin.config.JVMAssertionsMode                                   : loaded 3 times (x 75B)
Class org.jetbrains.kotlin.gradle.internal.Kapt3GradleSubplugin$Companion             : loaded 3 times (x 67B)
Class org.jetbrains.kotlin.gradle.tooling.BuildKotlinToolingMetadataTaskKt$buildKotlinToolingMetadataTask$1: loaded 3 times (x 74B)
Class org.jetbrains.kotlin.gradle.internal.KotlinDependenciesManagementKt$configureDefaultVersionsResolutionStrategy$1$1: loaded 3 times (x 71B)
Class org.jetbrains.kotlin.gradle.plugin.diagnostics.CheckKotlinGradlePluginConfigurationErrorsKt$locateOrRegisterCheckKotlinGradlePluginErrorsTask$taskProvider$1: loaded 3 times (x 71B)
Class com.android.build.gradle.internal.plugins.BasePlugin$createAndroidTasks$1       : loaded 3 times (x 73B)
Class com.android.build.gradle.internal.component.TestFixturesCreationConfig          : loaded 3 times (x 66B)
Class com.android.build.api.variant.impl.VariantImpl$renderscriptCreationConfig$2     : loaded 3 times (x 75B)
Class com.android.tools.build.jetifier.core.proguard.ProGuardType                     : loaded 3 times (x 68B)
Class com.android.tools.build.jetifier.processor.transform.proguard.patterns.PatternHelper: loaded 3 times (x 67B)
Class com.android.tools.build.jetifier.processor.transform.proguard.ProGuardClassSpecParser$replacer$3: loaded 3 times (x 75B)
Class com.android.build.gradle.internal.AndroidTestTaskManager$createTopLevelTasks$4  : loaded 3 times (x 71B)
Class org.jetbrains.kotlin.gradle.plugin.hierarchy.KotlinSourceSetTreeClassifier$Property: loaded 3 times (x 68B)
Class com.android.build.gradle.internal.tasks.TestPreBuildTask                        : loaded 3 times (x 327B)
Class com.android.build.gradle.internal.tasks.DexArchiveBuilderTask$CreationAction$handleProvider$10: loaded 3 times (x 74B)
Class com.android.build.gradle.internal.tasks.MergeStartupProfileTask$CreationAction$handleProvider$1: loaded 3 times (x 123B)
Class com.android.build.gradle.internal.tasks.featuresplit.FeatureSetMetadataWriterTask$CreationAction$handleProvider$1: loaded 3 times (x 123B)
Class com.android.build.gradle.tasks.PackageApplication$CreationAction$handleProvider$operationRequest$1: loaded 3 times (x 123B)
Class com.android.build.api.variant.impl.SigningConfigImpl$storeFile$1                : loaded 3 times (x 71B)
Class com.android.build.gradle.internal.tasks.factory.features.DexingTaskCreationAction: loaded 3 times (x 66B)
Class com.android.build.gradle.internal.VariantTaskManager$createTasks$1              : loaded 3 times (x 71B)
Class com.android.tools.build.jetifier.processor.transform.proguard.ProGuardClassSpecParser$bodyReplacers$11: loaded 3 times (x 75B)
Class com.android.build.gradle.internal.model.CoreCmakeOptions                        : loaded 3 times (x 66B)
Class com.android.build.gradle.internal.tasks.ModuleMetadataWriterTask$CreationAction : loaded 3 times (x 86B)
Class com.android.build.gradle.internal.core.dsl.impl.features.UnitTestOptionsDslInfoImpl: loaded 3 times (x 76B)
Class com.android.build.gradle.internal.core.dsl.impl.DslInfoCommonKt$getTestComponentNamespace$2$1: loaded 3 times (x 71B)
Class com.android.build.api.variant.impl.ApplicationVariantImpl$addVariantOutput$1    : loaded 3 times (x 71B)
Class com.android.build.api.variant.impl.VariantImpl$resValues$2                      : loaded 3 times (x 75B)
Class com.android.build.gradle.internal.component.legacy.OldVariantApiLegacySupport   : loaded 3 times (x 66B)
Class com.android.build.gradle.internal.core.dsl.impl.ComponentDslInfoImpl$2          : loaded 3 times (x 74B)
Class org.jetbrains.kotlin.gradle.plugin.sources.android.checker.CompositeKotlinAndroidSourceSetLayoutChecker: loaded 3 times (x 72B)
Class org.jetbrains.kotlin.gradle.dsl.KotlinCommonCompilerOptionsHelper               : loaded 3 times (x 67B)
Class org.jetbrains.kotlin.gradle.plugin.KotlinJvmPlugin$Companion                    : loaded 3 times (x 67B)
Class com.android.build.api.variant.ScopedArtifacts$Scope                             : loaded 3 times (x 75B)
Class com.android.build.gradle.internal.dsl.BundleOptions$AgpDecorated_Decorated      : loaded 3 times (x 185B)
Class com.android.build.gradle.internal.CompileOptions$AgpDecorated                   : loaded 3 times (x 111B)
Class com.android.build.gradle.internal.dsl.AbiSplitOptions$AgpDecorated_Decorated    : loaded 3 times (x 144B)
Class com.android.build.gradle.internal.dsl.BuildFeaturesImpl                         : loaded 3 times (x 106B)
Class com.android.build.gradle.internal.dsl.ExternalNativeNdkBuildOptions             : loaded 3 times (x 105B)
Class com.android.build.api.dsl.PrivacySandboxSdkBundle                               : loaded 3 times (x 66B)
Class com.android.build.gradle.internal.dsl.CmakeOptions                              : loaded 3 times (x 94B)
Class com.android.build.gradle.internal.dsl.decorator.SupportedPropertyType$Collection: loaded 3 times (x 70B)
Class com.google.wireless.android.sdk.stats.GradleBuildVariant$VariantType$1          : loaded 3 times (x 72B)
Class com.android.build.gradle.internal.errors.OptionInfo                             : loaded 3 times (x 68B)
Class com.android.build.gradle.internal.services.AndroidLocationsBuildService$AndroidDirectoryCreator$Params_Decorated: loaded 3 times (x 132B)
Class com.android.build.gradle.internal.ide.v2.GlobalSyncService$RegistrationAction   : loaded 3 times (x 70B)
Class com.android.build.gradle.internal.ide.dependencies.MavenCoordinatesCacheBuildService$Parameters: loaded 3 times (x 66B)
Class com.google.protobuf.Extension                                                   : loaded 3 times (x 81B)
Class com.google.wireless.android.sdk.stats.GradleBuildProfile                        : loaded 3 times (x 243B)
Class com.google.protobuf.MessageOrBuilder                                            : loaded 3 times (x 66B)
Class com.google.gson.LongSerializationPolicy$1                                       : loaded 3 times (x 76B)
Class com.android.build.api.component.impl.features.OptimizationCreationConfigImpl$consumerProguardFilePaths$2: loaded 3 times (x 75B)
Class org.gradle.internal.impldep.com.google.common.base.Preconditions                : loaded 3 times (x 67B)
Class com.android.build.gradle.internal.scope.InternalArtifactType$MANIFEST_METADATA  : loaded 3 times (x 70B)
Class com.android.build.gradle.internal.TaskManager$MergeType$MERGE                   : loaded 3 times (x 76B)
Class com.android.build.gradle.internal.scope.InternalArtifactType$GLOBAL_SYNTHETICS_MIXED_SCOPE: loaded 3 times (x 70B)
Class com.android.build.gradle.internal.cxx.logging.LoggingEnvironment                : loaded 3 times (x 66B)
Class com.android.build.gradle.internal.dependency.MockableJarTransform$Parameters    : loaded 3 times (x 66B)
Class com.android.build.gradle.internal.dependency.DexingOutputSplitTransformKt$registerTransformWithOutputType$1$1: loaded 3 times (x 71B)
Class org.jetbrains.kotlin.gradle.plugin.mpp.KotlinCompilationsKt$addSourcesToKotlinCompileTask$1: loaded 3 times (x 71B)
Class org.jetbrains.kotlin.compilerRunner.CompilerSystemPropertiesService$Companion$registerIfAbsent$2$1: loaded 3 times (x 75B)
Class org.jetbrains.kotlin.gradle.plugin.sources.KotlinDependencyScopeKt              : loaded 3 times (x 67B)
Class com.android.builder.model.v2.ide.AndroidGradlePluginProjectFlags                : loaded 3 times (x 66B)
Class [Lcom.android.builder.model.v2.ide.AndroidGradlePluginProjectFlags$BooleanFlag; : loaded 3 times (x 65B)
Class org.jetbrains.kotlin.gradle.plugin.mpp.KotlinCompilationsKt$moduleNameForCompilation$1: loaded 3 times (x 71B)
Class org.jetbrains.kotlin.gradle.plugin.statistics.KotlinBuildStatsService$Companion$getOrCreateInstance$1$1$1: loaded 3 times (x 70B)
Class org.jetbrains.kotlin.gradle.plugin.AbstractKotlinAndroidPluginWrapper           : loaded 3 times (x 83B)
Class org.jetbrains.kotlin.gradle.tasks.FailedCompilationException                    : loaded 3 times (x 78B)
Class com.android.builder.model.v2.ide.BasicVariant                                   : loaded 3 times (x 66B)
Class com.android.build.gradle.internal.dsl.decorator.SupportedPropertyType$Var$Enum  : loaded 3 times (x 70B)
Class com.android.builder.core.ComponentType                                          : loaded 3 times (x 66B)
Class com.android.build.gradle.internal.plugins.AndroidPluginBaseServices$settingsExtension$2: loaded 3 times (x 75B)
Class com.android.build.gradle.internal.plugins.BasePlugin$bootClasspathConfig$2      : loaded 3 times (x 75B)
Class com.google.wireless.android.sdk.stats.GradleBuildProject$Builder                : loaded 3 times (x 354B)
Class com.google.protobuf.AbstractMessageLite$Builder                                 : loaded 3 times (x 122B)
Class com.google.gson.reflect.TypeToken                                               : loaded 3 times (x 71B)
Class org.jetbrains.kotlin.gradle.plugin.mpp.compilationImpl.KotlinCompilationImpl$associateWith$2: loaded 3 times (x 75B)
Class org.jetbrains.kotlin.gradle.plugin.AndroidTestedVariantArtifactsFilter          : loaded 3 times (x 71B)
Class [Lcom.android.build.gradle.internal.scope.InternalArtifactType;                 : loaded 3 times (x 65B)
Class com.android.build.gradle.internal.scope.InternalArtifactType$PREFAB_PACKAGE_CONFIGURATION: loaded 3 times (x 70B)
Class org.jetbrains.kotlin.gradle.plugin.hierarchy.KotlinSourceSetTreeClassifier      : loaded 3 times (x 66B)
Class org.jetbrains.kotlin.gradle.plugin.mpp.KotlinNativeTarget                       : loaded 3 times (x 155B)
Class org.jetbrains.kotlin.gradle.plugin.mpp.compilationImpl.KotlinCompilationAssociator: loaded 3 times (x 66B)
Class com.android.build.gradle.internal.api.TestVariantImpl                           : loaded 3 times (x 258B)
Class com.android.build.gradle.internal.SdkComponentsBuildService$sdkHandlerDelegate$1: loaded 3 times (x 75B)
Class com.android.build.gradle.internal.tasks.DexArchiveBuilderTask$CreationAction$handleProvider$11: loaded 3 times (x 74B)
Class com.android.build.gradle.tasks.PackageApplication$CreationAction$handleProvider$operationRequest$2: loaded 3 times (x 123B)
Class com.android.ide.common.gradle.DEV                                               : loaded 3 times (x 73B)
Class com.android.build.api.variant.impl.JniLibsApkPackagingImpl                      : loaded 3 times (x 82B)
Class com.android.build.api.variant.DexPackagingOptions                               : loaded 3 times (x 66B)
Class com.android.build.gradle.internal.tasks.CheckAarMetadataTask$CreationAction$handleProvider$1: loaded 3 times (x 123B)
Class com.android.build.api.artifact.SingleArtifact$ASSETS                            : loaded 3 times (x 70B)
Class com.android.build.gradle.internal.dependency.AndroidAttributes                  : loaded 3 times (x 68B)
Class com.android.build.gradle.internal.tasks.AppPreBuildTask$EmptyCreationAction     : loaded 3 times (x 87B)
Class com.android.build.gradle.internal.AndroidTestTaskManager$createTopLevelTasks$1  : loaded 3 times (x 70B)
Class com.android.tools.build.jetifier.processor.transform.proguard.ProGuardClassSpecParser$bodyReplacers$12: loaded 3 times (x 75B)
Class com.android.build.gradle.internal.tasks.CompressAssetsTask$CreationAction       : loaded 3 times (x 86B)
Class com.android.build.api.component.impl.DeviceTestImpl$manifestPlaceholdersCreationConfig$2: loaded 3 times (x 75B)
Class com.android.build.gradle.internal.publishing.AndroidArtifacts$ArtifactType      : loaded 3 times (x 75B)
Class com.android.build.api.variant.impl.HasTestFixtures                              : loaded 3 times (x 66B)
Class com.android.build.gradle.internal.core.dsl.impl.ApplicationVariantDslInfoImpl$signingConfigResolver$2: loaded 3 times (x 75B)
Class com.android.build.gradle.internal.core.dsl.impl.DslInfoUtilsKt$computeMergedOptions$1: loaded 3 times (x 75B)
Class org.jetbrains.kotlin.gradle.plugin.diagnostics.checkers.KotlinSourceSetTreeDependsOnMismatchChecker$runChecks$1: loaded 3 times (x 84B)
Class org.jetbrains.kotlin.gradle.plugin.diagnostics.checkers.PreHmppDependenciesUsageChecker$runChecks$1: loaded 3 times (x 84B)
Class org.jetbrains.kotlin.gradle.plugin.diagnostics.KotlinGradleProjectChecker$Companion: loaded 3 times (x 67B)
Class org.jetbrains.kotlin.gradle.targets.js.npm.NpmDependencyExtensionKt$WhenMappings: loaded 3 times (x 67B)
Class org.jetbrains.kotlin.gradle.plugin.sources.android.KotlinAndroidSourceSets$applyKotlinAndroidSourceSetLayout$2: loaded 3 times (x 71B)
Class org.jetbrains.kotlin.gradle.plugin.KotlinSourceSetTree$Companion                : loaded 3 times (x 67B)
Class org.jetbrains.kotlin.gradle.plugin.KotlinGradleBuildServices$Parameters         : loaded 3 times (x 66B)
Class org.jetbrains.kotlin.gradle.plugin.PropertiesBuildService                       : loaded 3 times (x 72B)
Class com.android.build.gradle.internal.tasks.ExtractProguardFiles$CreationAction     : loaded 3 times (x 86B)
Class com.android.build.gradle.internal.dsl.BundleOptionsAiModelVersion$AgpDecorated_Decorated: loaded 3 times (x 130B)
Class com.android.build.gradle.internal.variant.LegacyVariantInputManager$1           : loaded 3 times (x 71B)
Class com.android.builder.internal.BaseConfigImpl$Companion                           : loaded 3 times (x 67B)
Class com.google.gson.Gson$5                                                          : loaded 3 times (x 72B)
Class com.android.build.gradle.internal.services.AndroidLocationsBuildService$Inject  : loaded 3 times (x 106B)
Class com.android.builder.model.v2.ide.ViewBindingOptions                             : loaded 3 times (x 66B)
Class com.google.gson.LongSerializationPolicy$2                                       : loaded 3 times (x 76B)
Class com.android.build.gradle.internal.errors.DeprecationReporter$DeprecationTarget  : loaded 3 times (x 75B)
Class com.android.build.gradle.internal.services.AndroidLocationsBuildService$RegistrationAction: loaded 3 times (x 70B)
Class com.android.build.gradle.internal.plugins.BasePlugin$sdkComponentsBuildService$2: loaded 3 times (x 75B)
Class com.android.build.gradle.internal.core.dsl.TestedVariantDslInfo                 : loaded 3 times (x 66B)
Class com.android.build.gradle.internal.variant.AbstractAppVariantFactory             : loaded 3 times (x 102B)
Class com.google.protobuf.AbstractMessage$BuilderParent                               : loaded 3 times (x 66B)
Class com.android.build.gradle.internal.services.AndroidLocationsBuildService$AndroidDirectoryCreator$Inject: loaded 3 times (x 107B)
Class com.android.build.gradle.internal.dsl.decorator.AndroidPluginDslDecoratorKt     : loaded 3 times (x 67B)
Class com.android.build.gradle.internal.dsl.CoreNdkOptions                            : loaded 3 times (x 66B)
Class com.android.build.gradle.internal.dsl.AarMetadataImpl$AgpDecorated_Decorated    : loaded 3 times (x 137B)
Class com.android.build.gradle.internal.variant.LegacyVariantInputManager$3           : loaded 3 times (x 71B)
Class com.android.build.api.dsl.EmulatorControl                                       : loaded 3 times (x 66B)
Class com.android.build.gradle.internal.dsl.PackagingOptions$AgpDecorated             : loaded 3 times (x 111B)
Class [Lorg.jetbrains.kotlin.gradle.report.BuildReportMode;                           : loaded 3 times (x 65B)
Class org.jetbrains.kotlin.gradle.plugin.KotlinSourceSet$Companion                    : loaded 3 times (x 67B)
Class org.jetbrains.kotlin.gradle.testing.internal.KotlinTestsRegistryKt              : loaded 3 times (x 67B)
Class com.android.build.api.variant.impl.VariantImpl$buildConfigCreationConfig$2      : loaded 3 times (x 75B)
Class com.android.build.gradle.internal.scope.HostTestBuildFeaturesValuesImpl         : loaded 3 times (x 96B)
Class com.android.builder.model.v2.ide.BundleInfo                                     : loaded 3 times (x 66B)
Class com.android.tools.build.jetifier.processor.Processor$Companion                  : loaded 3 times (x 67B)
Class com.android.tools.build.jetifier.processor.transform.proguard.ProGuardClassSpecParser$replacer$2: loaded 3 times (x 75B)
Class com.android.builder.model.v2.ide.SourceProvider                                 : loaded 3 times (x 66B)
Class com.android.build.gradle.internal.AndroidTestTaskManager$createTopLevelTasks$3  : loaded 3 times (x 70B)
Class com.android.build.gradle.tasks.MergeSourceSetFolders                            : loaded 3 times (x 333B)
Class com.android.build.gradle.tasks.JavaCompileCreationAction                        : loaded 3 times (x 86B)
Class com.android.build.gradle.internal.tasks.PerModuleBundleTask$CreationAction$handleProvider$1: loaded 3 times (x 123B)
Class com.android.build.gradle.internal.scope.BuildArtifactType$JAVA_COMPILE_CLASSPATH: loaded 3 times (x 70B)
Class org.jetbrains.kotlin.gradle.plugin.mpp.compilationImpl.KotlinCompilationSourceSetInclusion$AddSourcesToCompileTask: loaded 3 times (x 66B)
Class com.android.build.gradle.api.SourceKind                                         : loaded 3 times (x 75B)
Class com.android.build.gradle.tasks.factory.AndroidUnitTest                          : loaded 3 times (x 562B)
Class [Lcom.android.build.gradle.internal.tasks.DeviceProviderInstrumentTestTask$CreationAction$Type;: loaded 3 times (x 65B)
Class com.android.build.gradle.internal.core.dsl.impl.InstrumentedTestDslInfoImpl$getInstrumentationRunner$1: loaded 3 times (x 71B)
Class com.android.build.gradle.internal.tasks.DexArchiveBuilderTask$CreationAction$handleProvider$12: loaded 3 times (x 74B)
Class com.android.build.gradle.internal.scope.InternalArtifactType$JAVAC              : loaded 3 times (x 70B)
Class com.android.build.api.artifact.impl.OperationRequestsImplKt                     : loaded 3 times (x 67B)
Class com.android.build.gradle.internal.AndroidTestTaskManager$createTopLevelTasks$2  : loaded 3 times (x 71B)
Class com.android.tools.build.jetifier.processor.transform.proguard.ProGuardClassSpecParser$replacer$1: loaded 3 times (x 75B)
Class com.android.build.gradle.internal.core.dsl.features.UnitTestOptionsDslInfo      : loaded 3 times (x 66B)
Class com.android.build.gradle.internal.core.dsl.impl.ApplicationVariantDslInfoImpl$versionCode$2$versionCodeFromFlavors$1: loaded 3 times (x 74B)
Class com.android.build.api.component.impl.ComponentIdentityImpl                      : loaded 3 times (x 74B)
Class org.jetbrains.kotlin.gradle.plugin.internal.IdeaPropertiesValueSource$Parameters: loaded 3 times (x 66B)
Class org.jetbrains.kotlin.gradle.plugin.sources.android.KotlinAndroidSourceSets$applyKotlinAndroidSourceSetLayout$3: loaded 3 times (x 75B)
Class [Lorg.jetbrains.kotlin.gradle.plugin.HasProject;                                : loaded 3 times (x 65B)
Class org.jetbrains.kotlin.gradle.utils.MutableObservableSetImpl                      : loaded 3 times (x 159B)
Class org.jetbrains.kotlin.gradle.plugin.KotlinJsCompilerTypeHolder                   : loaded 3 times (x 66B)
Class org.jetbrains.kotlin.gradle.tasks.KotlinTasksProvider                           : loaded 3 times (x 68B)
Class org.jetbrains.kotlin.gradle.dsl.DefaultToolchainSupport$wireToolchainToTasks$1  : loaded 3 times (x 71B)
Class org.jetbrains.kotlin.gradle.dsl.KotlinCommonCompilerOptions                     : loaded 3 times (x 66B)
Class [Lorg.jetbrains.kotlin.build.report.metrics.GradleBuildTime;                    : loaded 3 times (x 65B)
Class com.android.build.gradle.internal.tasks.factory.GlobalTaskNamesImpl             : loaded 3 times (x 77B)
Class com.android.build.gradle.internal.dsl.CommonExtensionImpl$lintOptions$2         : loaded 3 times (x 75B)
Class com.android.build.gradle.internal.variant.LegacyVariantInputManager$2           : loaded 3 times (x 70B)
Class org.jetbrains.kotlin.gradle.plugin.internal.ConfigurationCacheStartParameterAccessor: loaded 3 times (x 66B)
Class com.android.build.gradle.internal.dsl.PrivacySandboxSdkBundleImpl               : loaded 3 times (x 88B)
Class com.android.build.api.dsl.Splits                                                : loaded 3 times (x 66B)
Class com.android.build.gradle.internal.dsl.BundleOptionsStoreArchive                 : loaded 3 times (x 73B)
Class com.google.protobuf.Reader                                                      : loaded 3 times (x 66B)
Class com.google.common.collect.Maps$UnmodifiableBiMap                                : loaded 3 times (x 149B)
Class com.android.build.gradle.TestedExtension                                        : loaded 3 times (x 215B)
Class org.gradle.accessors.dm.LibrariesForLibsInPluginsBlock$KotlinPluginAccessors    : loaded 3 times (x 70B)
Class com.android.build.gradle.internal.tasks.DexArchiveBuilderTask$CreationAction$handleProvider$13: loaded 3 times (x 74B)
Class com.android.build.gradle.internal.dependency.AarTransform$Inject1               : loaded 3 times (x 105B)
Class com.android.build.gradle.internal.tasks.UnsafeOutputsTask                       : loaded 3 times (x 324B)
Class org.jetbrains.plugins.gradle.model.GradleBuildScriptClasspathModel              : loaded 3 times (x 66B)
Class [Lorg.jetbrains.kotlin.gradle.plugin.mpp.compilationImpl.factory.KotlinCompilationImplFactory$PostConfigure;: loaded 3 times (x 65B)
Class org.jetbrains.kotlin.gradle.plugin.mpp.compilationImpl.KotlinCompilationImpl    : loaded 3 times (x 137B)
Class org.jetbrains.kotlin.gradle.plugin.AndroidProjectHandler$configureTarget$2$1    : loaded 3 times (x 75B)
Class com.android.build.gradle.internal.dependency.ArtifactCollectionWithExtraArtifact: loaded 3 times (x 88B)
Class kotlin.sequences.FilteringSequence                                              : loaded 2 times (x 71B)
Class kotlin.comparisons.ComparisonsKt                                                : loaded 2 times (x 67B)
Class kotlin.comparisons.ComparisonsKt___ComparisonsKt                                : loaded 2 times (x 67B)
Class kotlin.coroutines.jvm.internal.BaseContinuationImpl                             : loaded 2 times (x 83B)
Class kotlin.Result$Companion                                                         : loaded 2 times (x 67B)
Class org.gradle.util.internal.DefaultGradleVersion                                   : loaded 2 times (x 80B)
Class com.google.common.reflect.Types$ClassOwnership                                  : loaded 2 times (x 76B)
Class com.google.common.io.Java8Compatibility                                         : loaded 2 times (x 67B)
Class com.android.build.gradle.internal.lint.AndroidLintTask$FixSingleVariantCreationAction: loaded 2 times (x 91B)
Class com.google.common.io.Closer                                                     : loaded 2 times (x 74B)
Class org.jetbrains.kotlin.build.report.metrics.BuildAttributes                       : loaded 2 times (x 68B)
Class com.android.build.gradle.tasks.JavaCompileKt                                    : loaded 2 times (x 67B)
Class com.sun.xml.bind.v2.runtime.unmarshaller.UnmarshallingContext$DefaultRootLoader : loaded 2 times (x 76B)
Class com.sun.xml.bind.v2.runtime.reflect.PrimitiveArrayListerLong                    : loaded 2 times (x 72B)
Class com.sun.xml.bind.v2.model.core.ClassInfo                                        : loaded 2 times (x 66B)
Class com.android.repository.impl.generated.v1.package-info                           : loaded 2 times (x 66B)
Class kotlin.text.CharsKt__CharJVMKt                                                  : loaded 2 times (x 67B)
Class jdk.internal.jimage.decompressor.ZipDecompressorFactory                         : loaded 2 times (x 70B)
Class org.gradle.internal.impldep.com.google.common.collect.Iterators$MergingIterator : loaded 2 times (x 77B)
Class com.intellij.openapi.externalSystem.model.project.dependencies.ArtifactDependencyNode: loaded 2 times (x 66B)
Class org.jetbrains.kotlin.idea.gradleTooling.KotlinMPPGradleModelBinary              : loaded 2 times (x 66B)
Class com.amazon.ion.IonStruct                                                        : loaded 2 times (x 66B)
Class com.amazon.ion.impl.bin.IonManagedBinaryWriter$SymbolState                      : loaded 2 times (x 76B)
Class com.android.repository.impl.meta.SchemaModuleUtil                               : loaded 2 times (x 67B)
Class com.sun.xml.bind.v2.ContextFactory                                              : loaded 2 times (x 67B)
Class com.sun.xml.bind.v2.model.core.NonElement                                       : loaded 2 times (x 66B)
Class com.sun.xml.bind.api.impl.NameConverter                                         : loaded 2 times (x 66B)
Class org.jetbrains.kotlin.gradle.tasks.configuration.AbstractKotlinCompileConfig$1$7 : loaded 2 times (x 71B)
Class com.android.build.gradle.internal.utils.D8BackportedMethodsGenerator$Parameters$Inject: loaded 2 times (x 112B)
Class com.android.build.gradle.internal.lint.CustomLintCheckUtils                     : loaded 2 times (x 67B)
Class com.android.build.gradle.internal.cxx.configure.NativeModelBuilderOutcome$Outcome: loaded 2 times (x 83B)
Class com.android.build.gradle.internal.ide.v2.LibraryInfoImpl$toKeyComponent$$inlined$sortedBy$1: loaded 2 times (x 85B)
Class com.android.build.gradle.internal.ide.v2.ProjectSyncIssuesImpl$Companion        : loaded 2 times (x 67B)
Class org.gradle.internal.classpath.DefaultClassPath                                  : loaded 2 times (x 86B)
Class org.gradle.internal.classloader.VisitableURLClassLoader$Spec                    : loaded 2 times (x 70B)
Class kotlin.coroutines.Continuation                                                  : loaded 2 times (x 66B)
Class kotlin.sequences.SequencesKt__SequencesKt                                       : loaded 2 times (x 67B)
Class kotlin.collections.SetsKt___SetsKt                                              : loaded 2 times (x 67B)
Class kotlin.ranges.RangesKt__RangesKt                                                : loaded 2 times (x 67B)
Class kotlin.comparisons.ComparisonsKt__ComparisonsKt                                 : loaded 2 times (x 67B)
Class com.amazon.ion.UnsupportedIonVersionException                                   : loaded 2 times (x 81B)
Class [Lcom.amazon.ion.impl.bin.IonRawBinaryWriter$StreamFlushMode;                   : loaded 2 times (x 65B)
Class com.sun.xml.bind.unmarshaller.InfosetScanner                                    : loaded 2 times (x 66B)
Class [Lcom.sun.xml.bind.v2.util.QNameMap$Entry;                                      : loaded 2 times (x 65B)
Class com.sun.xml.bind.v2.model.impl.RuntimeBuiltinLeafInfoImpl$28                    : loaded 2 times (x 72B)
Class com.sun.xml.bind.v2.model.impl.RuntimeElementPropertyInfoImpl                   : loaded 2 times (x 135B)
Class com.android.sdklib.repository.generated.addon.v1.ExtraDetailsType               : loaded 2 times (x 81B)
Class com.sun.xml.bind.v2.runtime.property.StructureLoaderBuilder                     : loaded 2 times (x 66B)
Class com.sun.xml.bind.v2.runtime.unmarshaller.UnmarshallerImpl                       : loaded 2 times (x 135B)
Class [Lorg.jetbrains.kotlin.gradle.tasks.KotlinCompilerExecutionStrategy;            : loaded 2 times (x 65B)
Class org.jetbrains.kotlin.idea.gradleTooling.KotlinDslScriptTaskModelBuilder         : loaded 2 times (x 82B)
Class org.gradle.internal.impldep.com.google.common.collect.Lists                     : loaded 2 times (x 67B)
Class org.gradle.internal.classloader.ClassLoaderSpec                                 : loaded 2 times (x 67B)
Class [Lorg.jetbrains.kotlin.gradle.dsl.ExplicitApiMode;                              : loaded 2 times (x 65B)
Class com.android.build.gradle.internal.lint.CustomLintCheckUtils$getLocalCustomLintChecks$1$1: loaded 2 times (x 70B)
Class com.android.build.gradle.internal.ide.v2.BundleInfoImpl$Companion               : loaded 2 times (x 67B)
Class com.android.build.gradle.internal.AndroidJarInput_Decorated                     : loaded 2 times (x 124B)
Class org.jetbrains.kotlin.gradle.tasks.DefaultKotlinJavaToolchain$DefaultJavaToolchainSetter: loaded 2 times (x 71B)
Class org.jetbrains.kotlin.build.report.metrics.BuildAttributeKind                    : loaded 2 times (x 75B)
Class com.sun.xml.bind.AccessorFactoryImpl                                            : loaded 2 times (x 77B)
Class com.sun.xml.bind.v2.model.core.MapPropertyInfo                                  : loaded 2 times (x 66B)
Class javax.xml.bind.ModuleUtil                                                       : loaded 2 times (x 67B)
Class com.android.repository.impl.meta.RepoPackageImpl$Archives                       : loaded 2 times (x 68B)
Class com.android.sdklib.repository.meta.SysImgFactory                                : loaded 2 times (x 68B)
Class com.android.build.gradle.internal.services.VersionedSdkLoaderService$sam$java_util_concurrent_Callable$0: loaded 2 times (x 71B)
Class org.jetbrains.kotlin.gradle.tasks.configuration.AbstractKotlinCompileConfig$1$6 : loaded 2 times (x 71B)
Class org.jetbrains.kotlin.commonizer.CommonizerTarget                                : loaded 2 times (x 67B)
Class com.android.build.gradle.internal.ide.v2.JavaCompileOptionsImpl$Companion       : loaded 2 times (x 67B)
Class com.google.wireless.android.sdk.stats.AndroidStudioEventOrBuilder               : loaded 2 times (x 66B)
Class com.google.common.io.Files$FileByteSink                                         : loaded 2 times (x 73B)
Class com.android.build.gradle.internal.ide.v2.GraphItemImpl                          : loaded 2 times (x 73B)
Class com.android.build.gradle.internal.lint.LintModelWriterTask$Companion            : loaded 2 times (x 67B)
Class org.apache.commons.io.FileUtils                                                 : loaded 2 times (x 67B)
Class com.google.common.collect.MapMakerInternalMap$StrongKeyDummyValueEntry$Helper   : loaded 2 times (x 75B)
Class org.apache.commons.io.file.Counters                                             : loaded 2 times (x 67B)
Class org.gradle.internal.classloader.VisitableURLClassLoader$InstrumentingVisitableURLClassLoader: loaded 2 times (x 119B)
Class org.gradle.tooling.model.internal.ImmutableDomainObjectSet                      : loaded 2 times (x 151B)
Class org.jetbrains.plugins.gradle.tooling.util.IntObjectMap$1                        : loaded 2 times (x 73B)
Class com.android.build.gradle.internal.SdkComponentsBuildService$VersionedSdkLoader$adbExecutableProvider$1: loaded 2 times (x 71B)
Class com.android.repository.impl.generated.v1.ChannelRefType                         : loaded 2 times (x 73B)
Class com.android.repository.impl.generated.generic.v1.ObjectFactory                  : loaded 2 times (x 71B)
Class com.sun.xml.bind.v2.model.impl.ModelBuilder                                     : loaded 2 times (x 88B)
Class com.sun.xml.bind.v2.model.impl.RuntimeBuiltinLeafInfoImpl$27                    : loaded 2 times (x 132B)
Class [Lcom.sun.xml.bind.v2.model.annotation.Locatable;                               : loaded 2 times (x 65B)
Class com.android.sdklib.repository.generated.common.v3.ApiDetailsType                : loaded 2 times (x 101B)
Class com.sun.xml.bind.v2.runtime.unmarshaller.SAXConnector                           : loaded 2 times (x 97B)
Class org.jetbrains.kotlin.gradle.tasks.configuration.AbstractKotlinCompileConfig$1$5 : loaded 2 times (x 71B)
Class com.android.build.gradle.internal.ide.v2.BuildTypeImpl$Companion                : loaded 2 times (x 67B)
Class com.google.common.graph.SuccessorsFunction                                      : loaded 2 times (x 66B)
Class org.jetbrains.kotlin.gradle.tasks.CompilerPluginOptions                         : loaded 2 times (x 68B)
Class kotlin.sequences.SequencesKt__SequenceBuilderKt$sequence$$inlined$Sequence$1    : loaded 2 times (x 71B)
Class kotlin.text.Regex                                                               : loaded 2 times (x 68B)
Class kotlin.text.StringsKt__StringBuilderJVMKt                                       : loaded 2 times (x 67B)
Class com.intellij.gradle.toolingExtension.impl.model.taskModel.GradleTaskSerialisationService: loaded 2 times (x 72B)
Class com.amazon.ion.system.SimpleCatalog                                             : loaded 2 times (x 87B)
Class com.amazon.ion.BufferConfiguration                                              : loaded 2 times (x 69B)
Class com.android.ide.gradle.model.builder.GradlePropertiesModelBuilder               : loaded 2 times (x 71B)
Class com.android.ide.gradle.model.LegacyV1AgpVersionModel                            : loaded 2 times (x 66B)
Class com.android.build.gradle.internal.PlatformComponents                            : loaded 2 times (x 68B)
Class com.android.sdklib.repository.generated.common.v3.LibraryType                   : loaded 2 times (x 86B)
Class com.sun.xml.bind.v2.model.core.TypeInfo                                         : loaded 2 times (x 66B)
Class com.sun.xml.bind.v2.runtime.BinderImpl                                          : loaded 2 times (x 82B)
Class com.sun.xml.bind.v2.model.impl.RuntimeBuiltinLeafInfoImpl$10$1                  : loaded 2 times (x 352B)
Class com.sun.xml.bind.v2.model.impl.RuntimeBuiltinLeafInfoImpl$26                    : loaded 2 times (x 132B)
Class [Lcom.sun.xml.bind.v2.runtime.property.StructureLoaderBuilder;                  : loaded 2 times (x 65B)
Class com.android.build.gradle.internal.ide.v2.BasicVariantImpl                       : loaded 2 times (x 79B)
Class org.jetbrains.kotlin.gradle.tasks.configuration.AbstractKotlinCompileConfig$1$4 : loaded 2 times (x 71B)
Class com.android.build.gradle.internal.tasks.factory.BootClasspathConfigImpl$mockableJarArtifact$2$1: loaded 2 times (x 71B)
Class com.android.build.gradle.internal.ide.v2.AndroidGradlePluginProjectFlagsImpl$Companion: loaded 2 times (x 67B)
Class com.android.build.gradle.internal.ide.v2.DependenciesInfoImpl                   : loaded 2 times (x 71B)
Class com.android.build.gradle.internal.profile.TaskProfilingRecord                   : loaded 2 times (x 71B)
Class [Lcom.google.common.collect.Iterators$EmptyModifiableIterator;                  : loaded 2 times (x 65B)
Class com.android.ide.gradle.model.builder.LegacyAndroidGradlePluginPropertiesModelBuilder$PluginType$1: loaded 2 times (x 74B)
Class com.amazon.ion.impl.IonWriterSystemTextMarkup                                   : loaded 2 times (x 188B)
Class com.amazon.ion.impl.bin.BlockAllocator                                          : loaded 2 times (x 76B)
Class org.jetbrains.plugins.gradle.tooling.builder.IntelliJProjectSettingsBuilder     : loaded 2 times (x 74B)
Class kotlin.jvm.internal.FunctionReferenceImpl                                       : loaded 2 times (x 118B)
Class kotlin.collections.CollectionsKt___CollectionsJvmKt                             : loaded 2 times (x 67B)
Class com.google.common.collect.Interners                                             : loaded 2 times (x 67B)
Class kotlin.collections.AbstractCollection                                           : loaded 2 times (x 113B)
Class com.google.common.io.Closer$Suppressor                                          : loaded 2 times (x 66B)
Class com.google.common.io.LineProcessor                                              : loaded 2 times (x 66B)
Class com.android.build.api.variant.impl.SingleOutputHandler$singleOutputFileName$1   : loaded 2 times (x 71B)
Class org.jetbrains.kotlin.gradle.tasks.K2MultiplatformStructure$RefinesEdge          : loaded 2 times (x 68B)
Class com.sun.xml.bind.DatatypeConverterImpl                                          : loaded 2 times (x 107B)
Class com.sun.xml.bind.v2.ClassFactory                                                : loaded 2 times (x 67B)
Class com.android.sdklib.repository.generated.addon.v2.MavenType                      : loaded 2 times (x 76B)
Class com.android.repository.impl.generated.v2.LicenseRefType                         : loaded 2 times (x 73B)
Class com.android.repository.api.ProgressIndicatorAdapter                             : loaded 2 times (x 103B)
Class com.android.build.gradle.internal.FileExistsValueSource$Params$Inject           : loaded 2 times (x 102B)
Class org.jetbrains.kotlin.gradle.internal.ParcelizeSubplugin                         : loaded 2 times (x 78B)
Class kotlin.collections.AbstractList                                                 : loaded 2 times (x 193B)
Class org.gradle.tooling.model.Element                                                : loaded 2 times (x 66B)
Class org.gradle.tooling.internal.adapter.ProtocolToModelAdapter$NoOpDecoration       : loaded 2 times (x 75B)
Class org.gradle.tooling.internal.adapter.TypeInspector                               : loaded 2 times (x 69B)
Class kotlin.coroutines.jvm.internal.RestrictedSuspendLambda                          : loaded 2 times (x 87B)
Class kotlin.sequences.SequencesKt__SequencesJVMKt                                    : loaded 2 times (x 67B)
Class com.google.common.collect.CompoundOrdering                                      : loaded 2 times (x 111B)
Class kotlin.io.FilePathComponents                                                    : loaded 2 times (x 68B)
Class jdk.internal.jimage.ImageReader$Directory                                       : loaded 2 times (x 80B)
Class org.gradle.internal.impldep.com.google.common.collect.ImmutableCollection       : loaded 2 times (x 121B)
Class com.amazon.ion.IonString                                                        : loaded 2 times (x 66B)
Class com.sun.xml.bind.v2.runtime.unmarshaller.Base64Data                             : loaded 2 times (x 85B)
Class com.sun.xml.bind.v2.model.runtime.RuntimeNonElementRef                          : loaded 2 times (x 66B)
Class com.sun.xml.bind.v2.runtime.reflect.Accessor$FieldReflection                    : loaded 2 times (x 81B)
Class com.sun.xml.bind.v2.runtime.unmarshaller.DefaultIDResolver$1                    : loaded 2 times (x 72B)
Class com.android.sdklib.repository.targets.OptionalLibraryImpl                       : loaded 2 times (x 80B)
Class org.jetbrains.kotlin.gradle.tasks.K2MultiplatformStructure                      : loaded 2 times (x 69B)
Class [Lorg.jetbrains.kotlin.build.report.metrics.BuildAttributeKind;                 : loaded 2 times (x 65B)
Class com.android.build.gradle.internal.ide.v2.ApiVersionImpl$Companion               : loaded 2 times (x 67B)
Class com.android.build.gradle.internal.ide.v2.AndroidProjectImpl$Companion           : loaded 2 times (x 67B)
Class com.android.build.gradle.internal.ide.v2.AaptOptionsImpl$Companion              : loaded 2 times (x 67B)
Class org.jetbrains.kotlin.gradle.internal.KotlinDependenciesManagementKt$allNonProjectDependencies$1: loaded 2 times (x 70B)
Class com.google.common.collect.AbstractMapBasedMultimap$WrappedList                  : loaded 2 times (x 201B)
Class com.google.common.reflect.Invokable$MethodInvokable                             : loaded 2 times (x 103B)
Class org.gradle.internal.time.Clock                                                  : loaded 2 times (x 66B)
Class kotlin.text.StringsKt__RegexExtensionsKt                                        : loaded 2 times (x 67B)
Class kotlin.collections.EmptyIterator                                                : loaded 2 times (x 85B)
Class jdk.internal.jimage.decompressor.ResourceDecompressorRepository                 : loaded 2 times (x 67B)
Class com.intellij.gradle.toolingExtension.impl.model.buildScriptClasspathModel.GradleBuildScriptClasspathModelBuilder: loaded 2 times (x 82B)
Class org.gradle.internal.impldep.gnu.trove.TObjectHashingStrategy                    : loaded 2 times (x 66B)
Class org.jetbrains.plugins.gradle.model.FileCollectionDependency                     : loaded 2 times (x 66B)
Class com.amazon.ion.impl.lite.IonTimestampLite                                       : loaded 2 times (x 188B)
Class com.amazon.ion.impl.LocalSymbolTableAsStruct                                    : loaded 2 times (x 122B)
Class com.android.build.api.extension.impl.OperationsRegistrar$Operation              : loaded 2 times (x 68B)
Class [Lcom.android.sdklib.BuildToolInfo$PathId;                                      : loaded 2 times (x 65B)
Class com.android.repository.api.SchemaModule                                         : loaded 2 times (x 72B)
Class com.android.sdklib.repository.generated.common.v3.ObjectFactory                 : loaded 2 times (x 71B)
Class com.sun.xml.bind.Util                                                           : loaded 2 times (x 67B)
Class com.sun.xml.bind.v2.model.impl.RuntimeBuiltinLeafInfoImpl$24                    : loaded 2 times (x 133B)
Class com.sun.xml.bind.v2.model.annotation.XmlAttributeQuick                          : loaded 2 times (x 89B)
Class com.sun.xml.bind.v2.model.impl.RegistryInfoImpl                                 : loaded 2 times (x 76B)
Class com.android.ide.gradle.model.builder.LegacyAndroidGradlePluginPropertiesModelBuilder$PluginType$2: loaded 2 times (x 74B)
Class Settings_gradle$1$1                                                             : loaded 2 times (x 70B)
Class com.amazon.ion.system.IonWriterBuilderBase                                      : loaded 2 times (x 79B)
Class org.jetbrains.kotlin.idea.gradleTooling.KotlinGradleModelBuilder                : loaded 2 times (x 82B)
Class kotlin.TuplesKt                                                                 : loaded 2 times (x 67B)
Class kotlin.jvm.internal.markers.KMutableIterable                                    : loaded 2 times (x 66B)
Class kotlin.sequences.SequencesKt___SequencesJvmKt                                   : loaded 2 times (x 67B)
Class kotlin.Unit                                                                     : loaded 2 times (x 67B)
Class org.gradle.tooling.internal.adapter.ProtocolToModelAdapter$DefaultViewBuilder   : loaded 2 times (x 76B)
Class [Lorg.objectweb.asm.Label;                                                      : loaded 2 times (x 65B)
Class com.android.build.gradle.internal.lint.AndroidLintAnalysisTask                  : loaded 2 times (x 341B)
Class com.sun.xml.bind.v2.model.core.NonElementRef                                    : loaded 2 times (x 66B)
Class com.android.build.gradle.internal.ide.v2.ViewBindingOptionsImpl                 : loaded 2 times (x 70B)
Class org.jetbrains.kotlin.gradle.tasks.KotlinCompile_Decorated                       : loaded 2 times (x 587B)
Class com.android.build.gradle.internal.dependency.JdkImageTransformKt$getJdkImageFromTransform$1$1: loaded 2 times (x 71B)
Class com.sun.xml.bind.v2.runtime.reflect.ListIterator                                : loaded 2 times (x 66B)
Class com.sun.xml.bind.v2.model.impl.RuntimeModelBuilder$IDTransducerImpl             : loaded 2 times (x 84B)
Class com.android.sdklib.repository.generated.repository.v1.PlatformDetailsType       : loaded 2 times (x 113B)
Class javax.xml.bind.annotation.XmlElementRefs                                        : loaded 2 times (x 66B)
Class com.sun.xml.bind.v2.model.runtime.RuntimeElement                                : loaded 2 times (x 66B)
Class com.android.repository.impl.generated.v2.LicenseType                            : loaded 2 times (x 83B)
Class com.android.repository.impl.generated.v1.RepositoryType                         : loaded 2 times (x 82B)
Class com.android.sdklib.repository.generated.common.v2.LibraryType                   : loaded 2 times (x 86B)
Class com.android.sdklib.repository.generated.sysimg.v3.ObjectFactory                 : loaded 2 times (x 71B)
Class com.sun.xml.bind.v2.runtime.reflect.Lister                                      : loaded 2 times (x 72B)
Class org.jetbrains.kotlin.gradle.tasks.configuration.AbstractKotlinCompileConfig$1$2 : loaded 2 times (x 70B)
Class org.jetbrains.kotlin.gradle.tasks.configuration.AbstractKotlinCompileConfig$getClasspathSnapshotDir$1: loaded 2 times (x 70B)
Class com.android.build.gradle.internal.ide.v2.ProductFlavorImpl                      : loaded 2 times (x 105B)
Class com.android.build.gradle.internal.cxx.logging.LoggingEnvironmentKt              : loaded 2 times (x 67B)
Class com.android.build.gradle.internal.ide.v2.ProjectGraphImpl                       : loaded 2 times (x 71B)
Class com.android.build.gradle.internal.ide.dependencies.FullDependencyGraphBuilder$handleDependency$variantDependencies$2: loaded 2 times (x 75B)
Class com.android.build.gradle.internal.attribution.BuildAnalyzerService$RegistrationAction: loaded 2 times (x 70B)
Class com.google.common.collect.MapMakerInternalMap$StrongKeyDummyValueEntry          : loaded 2 times (x 78B)
Class org.apache.commons.io.filefilter.AndFileFilter                                  : loaded 2 times (x 123B)
Class com.google.common.collect.AbstractMapBasedMultimap$AsMap                        : loaded 2 times (x 124B)
Class com.google.common.collect.CollectSpliterators                                   : loaded 2 times (x 67B)
Class com.google.common.io.LineReader$1                                               : loaded 2 times (x 71B)
Class kotlin.jvm.internal.ArrayIterator                                               : loaded 2 times (x 75B)
Class com.intellij.gradle.toolingExtension.impl.modelBuilder.ExtraModelBuilder        : loaded 2 times (x 81B)
Class org.jetbrains.plugins.gradle.tooling.builder.WarModelBuilderImpl                : loaded 2 times (x 82B)
Class com.intellij.gradle.toolingExtension.impl.model.buildScriptClasspathModel.GradleBuildScriptClasspathSerializationService: loaded 2 times (x 73B)
Class com.amazon.ion.impl.bin.IonManagedBinaryWriter$ImportedSymbolResolverMode       : loaded 2 times (x 76B)
Class com.amazon.ion.impl.LocalSymbolTable$Factory                                    : loaded 2 times (x 73B)
Class com.android.build.gradle.internal.ide.v2.VersionImpl                            : loaded 2 times (x 73B)
Class com.android.repository.api.RepoPackage                                          : loaded 2 times (x 66B)
Class javax.xml.bind.JAXBException                                                    : loaded 2 times (x 81B)
Class com.sun.xml.bind.v2.model.impl.TypeInfoSetImpl                                  : loaded 2 times (x 107B)
Class com.sun.xml.bind.v2.model.runtime.RuntimeTypeInfoSet                            : loaded 2 times (x 66B)
Class javax.activation.DataHandler                                                    : loaded 2 times (x 88B)
Class com.sun.xml.bind.v2.model.impl.RuntimeBuiltinLeafInfoImpl$23                    : loaded 2 times (x 132B)
Class com.google.gms.googleservices.GoogleServicesPlugin$apply$2$1$1                  : loaded 2 times (x 75B)
Class com.sun.xml.bind.v2.runtime.reflect.Accessor$GetterSetterReflection             : loaded 2 times (x 81B)
Class com.sun.xml.bind.v2.model.nav.ParameterizedTypeImpl                             : loaded 2 times (x 81B)
Class org.jetbrains.kotlin.gradle.tasks.KotlinCompile$kotlinOptions$1                 : loaded 2 times (x 75B)
Class org.jetbrains.kotlin.gradle.plugin.statistics.JMXKotlinBuildStatsService        : loaded 2 times (x 86B)
Class org.jetbrains.kotlin.gradle.tasks.configuration.AbstractKotlinCompileConfig$1$1 : loaded 2 times (x 70B)
Class com.android.build.gradle.internal.ide.v2.BuildTypeImpl                          : loaded 2 times (x 96B)
Class com.android.build.gradle.internal.lint.LintModelWriterTask$Companion$registerOutputArtifacts$2: loaded 2 times (x 123B)
Class com.google.common.reflect.Types$JavaVersion                                     : loaded 2 times (x 79B)
Class jdk.internal.jimage.ImageReader$SharedImageReader$LocationVisitor               : loaded 2 times (x 66B)
Class com.amazon.ion.IonFloat                                                         : loaded 2 times (x 66B)
Class com.amazon.ion.impl.lite.IonListLite                                            : loaded 2 times (x 486B)
Class com.amazon.ion.impl.lite.IonSexpLite                                            : loaded 2 times (x 486B)
Class com.android.sdklib.BuildToolInfo$PathId                                         : loaded 2 times (x 75B)
Class com.sun.xml.bind.v2.model.nav.ReflectionNavigator$6                             : loaded 2 times (x 77B)
Class com.sun.xml.bind.v2.model.impl.RuntimeBuiltinLeafInfoImpl$22                    : loaded 2 times (x 132B)
Class com.android.sdklib.repository.generated.addon.v3.ExtraDetailsType               : loaded 2 times (x 81B)
Class org.jetbrains.kotlin.gradle.tasks.KotlinCompile$disableMultiModuleIC$2          : loaded 2 times (x 75B)
Class com.android.build.gradle.internal.scope.InternalArtifactType$DATA_BINDING_BASE_CLASS_SOURCE_OUT: loaded 2 times (x 70B)
Class com.android.builder.model.v2.ide.GraphItem                                      : loaded 2 times (x 66B)
Class com.android.ide.gradle.model.builder.LegacyAndroidGradlePluginPropertiesModelBuilder$PluginType$3: loaded 2 times (x 74B)
Class com.android.ide.gradle.model.composites.BuildMapModelBuilder                    : loaded 2 times (x 71B)
Class com.intellij.gradle.toolingExtension.impl.modelBuilder.DefaultModelBuilderContext: loaded 2 times (x 73B)
Class kotlin.ranges.RangesKt                                                          : loaded 2 times (x 67B)
Class org.gradle.tooling.internal.adapter.ProtocolToModelAdapter$ViewGraphDetails$1   : loaded 2 times (x 73B)
Class org.gradle.internal.classloader.VisitableURLClassLoader                         : loaded 2 times (x 113B)
Class org.apache.commons.io.file.PathVisitor                                          : loaded 2 times (x 66B)
Class com.android.ide.common.repository.AgpVersion$Companion                          : loaded 2 times (x 67B)
Class com.android.build.gradle.internal.ide.dependencies.FullDependencyGraphBuilderKt : loaded 2 times (x 67B)
Class com.android.build.gradle.internal.tasks.ProcessJavaResTaskKt$getProjectJavaRes$1: loaded 2 times (x 75B)
Class com.android.build.gradle.internal.attribution.BuildAnalyzerIssueReporter$Companion: loaded 2 times (x 67B)
Class com.sun.xml.bind.v2.runtime.unmarshaller.Scope                                  : loaded 2 times (x 68B)
Class javax.xml.bind.helpers.DefaultValidationEventHandler                            : loaded 2 times (x 71B)
Class [Ljavax.xml.bind.annotation.adapters.XmlJavaTypeAdapter;                        : loaded 2 times (x 65B)
Class javax.xml.bind.annotation.XmlElement$DEFAULT                                    : loaded 2 times (x 67B)
Class com.sun.xml.bind.v2.runtime.InternalBridge                                      : loaded 2 times (x 83B)
Class com.android.build.gradle.internal.lint.LintModelWriterTask$Companion$registerOutputArtifacts$1: loaded 2 times (x 123B)
Class org.apache.commons.io.file.PathFilter                                           : loaded 2 times (x 66B)
Class com.google.common.collect.MapMaker                                              : loaded 2 times (x 68B)
Class org.gradle.api.specs.Spec                                                       : loaded 2 times (x 66B)
Class kotlin.jvm.internal.DefaultConstructorMarker                                    : loaded 2 times (x 67B)
Class org.gradle.internal.time.TimeSource$1                                           : loaded 2 times (x 73B)
Class kotlin.sequences.DistinctSequence                                               : loaded 2 times (x 71B)
Class org.gradle.internal.impldep.com.google.common.collect.ImmutableList             : loaded 2 times (x 202B)
Class org.jetbrains.plugins.gradle.tooling.AbstractModelBuilderService                : loaded 2 times (x 82B)
Class [Lcom.amazon.ion.impl.bin.IonRawBinaryWriter$PreallocationMode;                 : loaded 2 times (x 65B)
Class com.amazon.ion.util._Private_FastAppendable                                     : loaded 2 times (x 66B)
Class com.amazon.ion.impl.lite.IonIntLite                                             : loaded 2 times (x 185B)
Class com.google.android.gms.dependencies.DependencyAnalyzer                          : loaded 2 times (x 71B)
Class com.android.sdklib.repository.IdDisplay                                         : loaded 2 times (x 76B)
Class com.sun.xml.bind.v2.model.runtime.RuntimeTypeInfo                               : loaded 2 times (x 66B)
Class com.sun.xml.bind.v2.model.impl.RuntimeBuiltinLeafInfoImpl$21                    : loaded 2 times (x 132B)
Class com.sun.xml.bind.v2.model.nav.ReflectionNavigator$5                             : loaded 2 times (x 73B)
Class [Lcom.sun.xml.bind.v2.model.core.PropertyInfo;                                  : loaded 2 times (x 65B)
Class com.android.build.gradle.internal.ide.v2.SourceSetContainerImpl                 : loaded 2 times (x 76B)
Class com.android.build.gradle.internal.ide.v2.AndroidDslImpl$Companion               : loaded 2 times (x 67B)
Class com.android.build.gradle.internal.ide.dependencies.GraphEdgeCacheImpl           : loaded 2 times (x 71B)
Class com.android.build.gradle.internal.ide.v2.AndroidLibraryDataImpl$Companion       : loaded 2 times (x 67B)
Class com.google.common.collect.ComparisonChain                                       : loaded 2 times (x 76B)
Class kotlin.io.FileSystemException                                                   : loaded 2 times (x 78B)
Class com.intellij.gradle.toolingExtension.impl.model.sourceSetDependencyModel.GradleSourceSetDependencyModelBuilder: loaded 2 times (x 82B)
Class com.intellij.gradle.toolingExtension.impl.model.sourceSetModel.GradleSourceSetSerialisationService: loaded 2 times (x 73B)
Class [Lcom.android.ide.gradle.model.builder.LegacyAndroidGradlePluginPropertiesModelBuilder$PluginType;: loaded 2 times (x 65B)
Class com.android.build.gradle.internal.SdkComponentsBuildService$VersionedSdkLoader$additionalLibrariesProvider$1: loaded 2 times (x 71B)
Class com.android.sdklib.repository.generated.sysimg.v2.ObjectFactory                 : loaded 2 times (x 71B)
Class com.sun.xml.bind.v2.model.impl.RuntimeBuiltinLeafInfoImpl$20                    : loaded 2 times (x 132B)
Class com.sun.xml.bind.v2.model.nav.ReflectionNavigator$4                             : loaded 2 times (x 73B)
Class com.sun.xml.bind.v2.model.runtime.RuntimeElementPropertyInfo                    : loaded 2 times (x 66B)
Class com.sun.xml.bind.v2.TODO                                                        : loaded 2 times (x 67B)
Class com.sun.xml.bind.v2.runtime.unmarshaller.TextLoader                             : loaded 2 times (x 74B)
Class com.android.ide.gradle.model.builder.LegacyAndroidGradlePluginPropertiesModelBuilder$PluginType$4: loaded 2 times (x 74B)
Class Settings_gradle                                                                 : loaded 2 times (x 124B)
Class com.amazon.ion.impl.bin.IonRawBinaryWriter$1                                    : loaded 2 times (x 73B)
Class [Lcom.amazon.ion.SymbolTable;                                                   : loaded 2 times (x 65B)
Class com.amazon.ion.impl.bin.IonBinaryWriterAdapter$Factory                          : loaded 2 times (x 66B)
Class com.amazon.ion.impl.BlockedBuffer$BufferedOutputStream                          : loaded 2 times (x 86B)
Class org.jetbrains.plugins.gradle.tooling.serialization.ExternalTestsSerializationService$ReadContext: loaded 2 times (x 68B)
Class org.jetbrains.kotlin.idea.gradleTooling.model.allopen.AllOpenModelBuilderService: loaded 2 times (x 81B)
Class com.google.common.collect.ImmutableList$SerializedForm                          : loaded 2 times (x 69B)
Class kotlin.collections.ArraysUtilJVM                                                : loaded 2 times (x 67B)
Class kotlin.sequences.FlatteningSequence$iterator$1                                  : loaded 2 times (x 75B)
Class kotlin.jvm.functions.Function0                                                  : loaded 2 times (x 66B)
Class com.sun.istack.SAXException2                                                    : loaded 2 times (x 79B)
Class com.sun.xml.bind.v2.runtime.property.UnmarshallerChain                          : loaded 2 times (x 68B)
Class org.gradle.tooling.model.idea.IdeaDependency                                    : loaded 2 times (x 66B)
Class com.google.common.collect.MapMakerInternalMap                                   : loaded 2 times (x 157B)
Class com.android.build.gradle.internal.EmulatorComponents$Companion                  : loaded 2 times (x 67B)
Class com.android.build.gradle.internal.cxx.configure.NativeModelBuilderOutcomeOrBuilder: loaded 2 times (x 66B)
Class com.google.wireless.android.sdk.stats.GradleBuildProfileSpan$Builder            : loaded 2 times (x 310B)
Class com.android.build.gradle.internal.ide.v2.JavaArtifactImpl$Companion             : loaded 2 times (x 67B)
Class com.android.build.gradle.internal.tasks.ProcessJavaResTaskKt$getProjectJavaRes$2: loaded 2 times (x 71B)
Class com.android.build.gradle.internal.ide.v2.LibraryInfoImpl                        : loaded 2 times (x 80B)
Class com.android.build.gradle.internal.ide.v2.BasicArtifactImpl$Companion            : loaded 2 times (x 67B)
Class com.android.build.gradle.internal.ide.v2.BasicArtifactImpl                      : loaded 2 times (x 72B)
Class com.sun.xml.bind.v2.runtime.unmarshaller.LocatorEx                              : loaded 2 times (x 66B)
Class com.android.sdklib.repository.meta.DetailsTypes$MavenType                       : loaded 2 times (x 66B)
Class com.sun.xml.bind.v2.model.core.ElementPropertyInfo                              : loaded 2 times (x 66B)
Class com.sun.xml.bind.v2.model.impl.RuntimeElementInfoImpl                           : loaded 2 times (x 115B)
Class com.android.repository.api.RemotePackage                                        : loaded 2 times (x 66B)
Class com.android.sdklib.repository.generated.sysimg.v1.package-info                  : loaded 2 times (x 66B)
Class com.android.sdklib.repository.meta.DetailsTypes$SourceDetailsType               : loaded 2 times (x 66B)
Class org.jetbrains.kotlin.gradle.dsl.KotlinCommonCompilerOptionsExtensionsKt$usesK2$1: loaded 2 times (x 70B)
Class org.jetbrains.kotlin.cli.common.arguments.ParseCommandLineArgumentsKt           : loaded 2 times (x 67B)
Class org.gradle.internal.classloader.ClasspathUtil                                   : loaded 2 times (x 67B)
Class com.google.common.reflect.Types$ClassOwnership$1LocalClass                      : loaded 2 times (x 67B)
Class org.gradle.tooling.model.ProjectIdentifier                                      : loaded 2 times (x 66B)
Class org.gradle.tooling.model.idea.IdeaCompilerOutput                                : loaded 2 times (x 66B)
Class kotlin.text.MatchResult$DefaultImpls                                            : loaded 2 times (x 67B)
Class jdk.internal.jrtfs.JrtPath                                                      : loaded 2 times (x 114B)
Class jdk.internal.jimage.ImageBufferCache                                            : loaded 2 times (x 67B)
Class com.amazon.ion.impl.bin.IonManagedBinaryWriter$ImportedSymbolContext            : loaded 2 times (x 68B)
Class com.amazon.ion.IonSystem                                                        : loaded 2 times (x 66B)
Class com.android.repository.Revision$PreviewComparison                               : loaded 2 times (x 75B)
Class com.android.build.gradle.internal.FileExistsValueSource$Params                  : loaded 2 times (x 66B)
Class com.android.repository.impl.generated.v2.ArchivesType                           : loaded 2 times (x 71B)
Class com.sun.istack.Pool                                                             : loaded 2 times (x 66B)
Class com.sun.xml.bind.v2.model.annotation.XmlValueQuick                              : loaded 2 times (x 86B)
Class com.sun.xml.bind.v2.model.nav.ReflectionNavigator$3                             : loaded 2 times (x 73B)
Class com.sun.xml.bind.v2.runtime.unmarshaller.Patcher                                : loaded 2 times (x 66B)
Class com.android.build.gradle.internal.ide.v2.BasicAndroidProjectImpl                : loaded 2 times (x 79B)
Class org.jetbrains.kotlin.build.report.metrics.BuildMetricsReporterImpl              : loaded 2 times (x 94B)
Class org.gradle.internal.exceptions.ResolutionProvider                               : loaded 2 times (x 66B)
Class org.gradle.tooling.internal.adapter.ProtocolToModelAdapter$MixInMappingAction   : loaded 2 times (x 76B)
Class org.jetbrains.kotlin.idea.gradleTooling.KotlinDslScriptTaskModelBuilder$Companion: loaded 2 times (x 67B)
Class org.jetbrains.plugins.gradle.tooling.serialization.internal.adapter.Supplier    : loaded 2 times (x 66B)
Class com.amazon.ion.IonList                                                          : loaded 2 times (x 66B)
Class com.android.build.gradle.internal.ide.CustomSourceDirectoryImpl                 : loaded 2 times (x 72B)
Class javax.xml.bind.ServiceLoaderUtil$ExceptionHandler                               : loaded 2 times (x 68B)
Class com.sun.xml.bind.v2.model.impl.EnumLeafInfoImpl                                 : loaded 2 times (x 124B)
Class com.sun.xml.bind.v2.model.nav.ReflectionNavigator$2                             : loaded 2 times (x 77B)
Class com.sun.xml.bind.v2.model.annotation.XmlTransientQuick                          : loaded 2 times (x 86B)
Class javax.xml.bind.annotation.XmlAccessorType                                       : loaded 2 times (x 66B)
Class com.sun.xml.bind.v2.runtime.reflect.DefaultTransducedAccessor                   : loaded 2 times (x 75B)
Class com.sun.xml.bind.v2.runtime.reflect.Lister$2                                    : loaded 2 times (x 73B)
Class com.android.build.gradle.internal.ide.v2.SigningConfigImpl                      : loaded 2 times (x 80B)
Class org.apache.commons.io.output.AbstractByteArrayOutputStream                      : loaded 2 times (x 98B)
Class kotlin.enums.EnumEntries                                                        : loaded 2 times (x 66B)
Class org.gradle.tooling.internal.gradle.GradleBuildIdentity                          : loaded 2 times (x 66B)
Class org.jetbrains.plugins.gradle.tooling.ModelBuilderService$ParameterizedModelBuilderService: loaded 2 times (x 66B)
Class org.jetbrains.plugins.gradle.tooling.builder.EarModelBuilderImpl                : loaded 2 times (x 83B)
Class org.jetbrains.plugins.gradle.tooling.serialization.SerializationService         : loaded 2 times (x 66B)
Class com.amazon.ion.impl.LocalSymbolTable                                            : loaded 2 times (x 117B)
Class com.amazon.ion.impl.lite.IonBlobLite                                            : loaded 2 times (x 215B)
Class com.android.ide.gradle.model.builder.LegacyAndroidGradlePluginPropertiesModelBuilder$PluginType$5: loaded 2 times (x 74B)
Class com.amazon.ion.impl.bin.AbstractIonWriter$WriteValueOptimization                : loaded 2 times (x 75B)
Class org.jetbrains.kotlin.idea.gradleTooling.PrepareKotlinIdeaImportTaskModelBuilder : loaded 2 times (x 82B)
Class org.gradle.internal.impldep.com.google.common.collect.Lists$StringAsImmutableList: loaded 2 times (x 203B)
Class jdk.internal.jimage.decompressor.ZipDecompressor                                : loaded 2 times (x 71B)
Class kotlin.collections.AbstractMutableList                                          : loaded 2 times (x 202B)
Class kotlin.jvm.functions.Function1                                                  : loaded 2 times (x 66B)
Class com.android.build.gradle.internal.ide.v2.EdgeImpl$Companion                     : loaded 2 times (x 67B)
Class com.android.build.gradle.internal.SdkDirectLoadingStrategy$components$2         : loaded 2 times (x 75B)
Class org.jetbrains.kotlin.tooling.KotlinToolingMetadata                              : loaded 2 times (x 68B)
Class org.jetbrains.kotlin.gradle.tasks.KotlinCompile$javaSources$1                   : loaded 2 times (x 71B)
Class com.sun.xml.bind.v2.runtime.unmarshaller.StructureLoader                        : loaded 2 times (x 74B)
Class com.sun.xml.bind.v2.runtime.reflect.Accessor$SetterOnlyReflection               : loaded 2 times (x 81B)
Class com.sun.xml.bind.v2.model.impl.ElementPropertyInfoImpl                          : loaded 2 times (x 119B)
Class com.sun.xml.bind.v2.model.impl.TypeInfoSetImpl$1                                : loaded 2 times (x 76B)
Class com.sun.xml.bind.v2.model.runtime.RuntimeArrayInfo                              : loaded 2 times (x 66B)
Class com.android.repository.impl.generated.generic.v2.ObjectFactory                  : loaded 2 times (x 71B)
Class com.android.repository.impl.generated.v1.DependenciesType                       : loaded 2 times (x 71B)
Class com.android.repository.impl.generated.v1.ArchiveType                            : loaded 2 times (x 92B)
Class com.android.repository.impl.meta.TypeDetails$GenericType                        : loaded 2 times (x 66B)
Class com.sun.xml.bind.v2.util.TypeCast                                               : loaded 2 times (x 67B)
Class com.sun.xml.bind.v2.model.nav.ReflectionNavigator$1                             : loaded 2 times (x 77B)
Class com.sun.xml.bind.v2.runtime.reflect.Lister$1                                    : loaded 2 times (x 72B)
Class com.android.build.api.variant.impl.MultiOutputHandlerImplBase                   : loaded 2 times (x 91B)
Class com.android.build.gradle.internal.tasks.factory.BootClasspathConfigImpl$mockableJarArtifact$2$attributes$1: loaded 2 times (x 71B)
Class com.android.build.gradle.internal.ide.v2.AaptOptionsImpl                        : loaded 2 times (x 71B)
Class org.jetbrains.kotlin.cli.common.arguments.CommonCompilerArguments$Companion     : loaded 2 times (x 67B)
Class com.android.build.gradle.internal.attribution.BuildAnalyzerConfiguratorService$RegistrationAction: loaded 2 times (x 70B)
Class com.google.common.reflect.Types$TypeVariableInvocationHandler                   : loaded 2 times (x 71B)
Class org.gradle.tooling.model.kotlin.dsl.KotlinDslScriptsModel                       : loaded 2 times (x 66B)
Class org.gradle.internal.time.TimeSource                                             : loaded 2 times (x 66B)
Class org.gradle.tooling.model.idea.IdeaDependencyScope                               : loaded 2 times (x 66B)
Class kotlin.ranges.IntRange                                                          : loaded 2 times (x 89B)
Class [Lorg.gradle.api.JavaVersion;                                                   : loaded 2 times (x 65B)
Class org.gradle.internal.impldep.com.google.common.collect.UnmodifiableIterator      : loaded 2 times (x 76B)
Class org.jetbrains.plugins.gradle.tooling.serialization.internal.IdeaProjectSerializationService$WriteContext$8: loaded 2 times (x 79B)
Class com.amazon.ion.impl.bin.IonManagedBinaryWriter                                  : loaded 2 times (x 162B)
Class com.amazon.ion.impl.bin.WriteBuffer                                             : loaded 2 times (x 74B)
Class org.jetbrains.kotlin.commonizer.SharedCommonizerTarget                          : loaded 2 times (x 68B)
Class com.android.build.api.extension.impl.AndroidComponentsExtensionImpl$onVariants$1: loaded 2 times (x 71B)
Class com.google.gms.googleservices.GoogleServicesPlugin$apply$2$1                    : loaded 2 times (x 75B)
Class com.sun.xml.bind.api.AccessorException                                          : loaded 2 times (x 78B)
Class javax.xml.bind.annotation.XmlType$DEFAULT                                       : loaded 2 times (x 67B)
Class com.sun.xml.bind.v2.model.impl.RuntimeAttributePropertyInfoImpl                 : loaded 2 times (x 140B)
Class com.sun.xml.bind.v2.runtime.reflect.Accessor                                    : loaded 2 times (x 81B)
Class javax.xml.bind.annotation.adapters.XmlAdapter                                   : loaded 2 times (x 69B)
Class com.sun.xml.bind.v2.runtime.reflect.TransducedAccessor$CompositeContextDependentTransducedAccessorImpl: loaded 2 times (x 75B)
Class com.android.build.gradle.internal.EmulatorComponents                            : loaded 2 times (x 68B)
Class com.android.build.gradle.internal.scope.InternalArtifactType$RENDERSCRIPT_GENERATED_RES: loaded 2 times (x 70B)
Class com.android.build.gradle.internal.scope.InternalArtifactType$BUILT_IN_KAPT_GENERATED_KOTLIN_SOURCES: loaded 2 times (x 70B)
Class com.android.build.gradle.internal.utils.DesugarLibUtils$getD8DesugarMethodFileFromTransform$1: loaded 2 times (x 70B)
Class com.android.build.gradle.internal.ide.v2.ProjectGraphImpl$Companion             : loaded 2 times (x 67B)
Class org.jetbrains.kotlin.gradle.plugin.mpp.KotlinMetadataTarget                     : loaded 2 times (x 149B)
Class com.android.build.gradle.internal.attribution.BuildAnalyzerConfiguratorService$initBuildAnalyzerService$1: loaded 2 times (x 71B)
Class com.android.build.gradle.internal.scope.InternalArtifactType$LINT_TEXT_REPORT   : loaded 2 times (x 70B)
Class com.google.common.collect.MapMakerInternalMap$InternalEntry                     : loaded 2 times (x 66B)
Class org.apache.commons.io.file.Counters$AbstractPathCounters                        : loaded 2 times (x 78B)
Class kotlin.jvm.internal.CallableReference                                           : loaded 2 times (x 102B)
Class kotlin.collections.AbstractList$SubList                                         : loaded 2 times (x 194B)
Class org.jetbrains.kotlin.android.synthetic.idea.AndroidExtensionsModelBuilderService: loaded 2 times (x 74B)
Class org.jetbrains.plugins.gradle.tooling.serialization.internal.IdeaProjectSerializationService$WriteContext$7: loaded 2 times (x 79B)
Class com.amazon.ion.impl.bin.BlockAllocatorProvider                                  : loaded 2 times (x 68B)
Class org.jetbrains.plugins.gradle.tooling.serialization.internal.IdeaProjectSerializationService$WriteContext: loaded 2 times (x 68B)
Class com.intellij.gradle.toolingExtension.impl.model.sourceSetDependencyModel.GradleSourceSetDependencySerialisationService: loaded 2 times (x 73B)
Class com.amazon.ion.impl.lite.ValueFactoryLite                                       : loaded 2 times (x 214B)
Class kotlin.KotlinNothingValueException                                              : loaded 2 times (x 78B)
Class kotlin.jvm.functions.Function2                                                  : loaded 2 times (x 66B)
Class org.gradle.internal.classpath.DefaultClassPath$ImmutableUniqueList$Builder      : loaded 2 times (x 71B)
Class com.google.common.collect.MapMakerInternalMap$WeakValueReference                : loaded 2 times (x 66B)
Class org.gradle.accessors.dm.LibrariesForLibs$GooglePluginAccessors                  : loaded 2 times (x 70B)
Class com.android.build.gradle.internal.utils.CompileData                             : loaded 2 times (x 68B)
Class com.android.build.gradle.internal.ide.dependencies.LibraryServiceKt             : loaded 2 times (x 67B)
Class com.android.build.gradle.internal.ide.dependencies.ArtifactUtils$filterProjectDependenciesWithNonAndroidVariants$2: loaded 2 times (x 75B)
Class com.android.build.gradle.internal.ide.v2.ModelBuilder$getGraphBuilder$1         : loaded 2 times (x 75B)
Class com.android.build.gradle.internal.ide.dependencies.GraphEdgeCache               : loaded 2 times (x 66B)
Class com.android.build.gradle.internal.ide.v2.ModelBuilder$createAndroidArtifact$testInfo$1: loaded 2 times (x 73B)
Class com.android.build.gradle.internal.dependency.JdkImageTransformKt$registerJdkImageTransform$1: loaded 2 times (x 71B)
Class com.sun.xml.bind.v2.runtime.unmarshaller.Intercepter                            : loaded 2 times (x 66B)
Class javax.xml.bind.annotation.adapters.XmlJavaTypeAdapters                          : loaded 2 times (x 66B)
Class [Ljavax.xml.bind.annotation.XmlAccessOrder;                                     : loaded 2 times (x 65B)
Class com.android.sdklib.repository.meta.AddonFactory                                 : loaded 2 times (x 70B)
Class com.android.build.gradle.internal.SdkDirectLoadingStrategy$Companion            : loaded 2 times (x 67B)
Class com.android.build.gradle.internal.SdkFullLoadingStrategy                        : loaded 2 times (x 68B)
Class com.android.sdklib.repository.generated.addon.v3.ObjectFactory                  : loaded 2 times (x 76B)
Class com.android.sdklib.repository.generated.common.v2.ObjectFactory                 : loaded 2 times (x 71B)
Class com.sun.xml.bind.v2.model.impl.ClassInfoImpl$PropertySorter                     : loaded 2 times (x 148B)
Class com.android.repository.impl.generated.generic.v1.GenericDetailsType             : loaded 2 times (x 72B)
Class com.android.build.gradle.internal.ide.v2.ModelBuilder$DimensionInformation$Companion: loaded 2 times (x 67B)
Class org.jetbrains.kotlin.gradle.dsl.jvm.JvmTargetValidationMode                     : loaded 2 times (x 75B)
Class com.android.build.gradle.internal.lint.AndroidLintTask$SingleVariantCreationAction$Companion: loaded 2 times (x 67B)
Class org.apache.commons.io.filefilter.ConditionalFileFilter                          : loaded 2 times (x 66B)
Class org.gradle.internal.service.CachingServiceLocator                               : loaded 2 times (x 78B)
Class org.jetbrains.plugins.gradle.tooling.util.IntObjectMap                          : loaded 2 times (x 69B)
Class org.jetbrains.plugins.gradle.tooling.serialization.internal.IdeaProjectSerializationService$WriteContext$6: loaded 2 times (x 79B)
Class com.amazon.ion.IonType                                                          : loaded 2 times (x 75B)
Class com.amazon.ion.impl.lite._Private_LiteDomTrampoline                             : loaded 2 times (x 67B)
Class com.amazon.ion.impl.bin.IntList                                                 : loaded 2 times (x 73B)
Class com.android.ide.gradle.model.builder.LegacyAndroidGradlePluginPropertiesModelBuilder$PluginType: loaded 2 times (x 75B)
Class com.android.build.gradle.internal.SdkComponentsBuildService$VersionedSdkLoader$apiVersionsFile$1: loaded 2 times (x 71B)
Class javax.xml.bind.annotation.XmlNsForm                                             : loaded 2 times (x 75B)
Class com.android.repository.api.RepoManager                                          : loaded 2 times (x 90B)
Class com.android.repository.impl.generated.v2.RemotePackage                          : loaded 2 times (x 153B)
Class javax.xml.bind.MarshalException                                                 : loaded 2 times (x 81B)
Class com.sun.xml.bind.v2.runtime.unmarshaller.XsiNilLoader                           : loaded 2 times (x 76B)
Class com.sun.xml.bind.v2.runtime.property.SingleReferenceNodeProperty$1              : loaded 2 times (x 81B)
Class com.android.build.api.variant.impl.SourceDirectoriesImpl$addGeneratedSourceDirectory$mappedValue$1: loaded 2 times (x 71B)
Class com.sun.xml.bind.v2.runtime.reflect.PrimitiveArrayListerByte                    : loaded 2 times (x 72B)
Class org.jetbrains.kotlin.gradle.tasks.DefaultKotlinJavaToolchain$currentJvmJdkToolsJar$1: loaded 2 times (x 70B)
Class com.android.build.gradle.internal.ide.dependencies.Graph                        : loaded 2 times (x 67B)
Class com.android.build.gradle.internal.ide.dependencies.LibraryCacheImpl$getAttributeMap$3: loaded 2 times (x 74B)
Class org.jetbrains.kotlin.cli.common.arguments.ArgumentParseErrors                   : loaded 2 times (x 68B)
Class org.apache.commons.io.CloseableURLConnection                                    : loaded 2 times (x 113B)
Class [Lorg.apache.commons.io.FileSystem;                                             : loaded 2 times (x 65B)
Class org.apache.commons.io.function.IOBiFunction                                     : loaded 2 times (x 66B)
Class org.gradle.internal.classloader.ClassLoaderFactory                              : loaded 2 times (x 66B)
Class com.google.common.primitives.Booleans                                           : loaded 2 times (x 67B)
Class kotlin.sequences.SequencesKt___SequencesKt$sortedWith$1                         : loaded 2 times (x 71B)
Class [Lkotlin.sequences.Sequence;                                                    : loaded 2 times (x 65B)
Class jdk.internal.jrtfs.JrtFileAttributes                                            : loaded 2 times (x 79B)
Class org.jetbrains.plugins.gradle.tooling.builder.ProjectExtensionsDataBuilderImpl$Companion: loaded 2 times (x 67B)
Class com.intellij.gradle.toolingExtension.impl.model.sourceSetDependencyModel.GradleSourceSetDependencySerialisationService$SourceSetDependencyModelWriteContext: loaded 2 times (x 68B)
Class org.jetbrains.plugins.gradle.tooling.serialization.internal.IdeaProjectSerializationService$WriteContext$5: loaded 2 times (x 79B)
Class com.amazon.ion.BufferConfiguration$Builder                                      : loaded 2 times (x 74B)
Class org.gradle.accessors.dm.LibrariesForLibsInPluginsBlock$GoogleGmsGooglePluginAccessors: loaded 2 times (x 70B)
Class com.android.repository.impl.generated.v1.LicenseRefType                         : loaded 2 times (x 73B)
Class com.sun.xml.bind.v2.runtime.ArrayBeanInfoImpl                                   : loaded 2 times (x 85B)
Class com.sun.xml.bind.v2.model.annotation.Quick                                      : loaded 2 times (x 84B)
Class com.amazon.ion.impl.lite.IonSequenceLite                                        : loaded 2 times (x 428B)
Class com.amazon.ion.impl._Private_Utils$1                                            : loaded 2 times (x 85B)
Class com.amazon.ion.impl.SymbolTableAsStruct                                         : loaded 2 times (x 66B)
Class kotlin.collections.MapsKt___MapsJvmKt                                           : loaded 2 times (x 67B)
Class org.gradle.tooling.internal.adapter.WeakIdentityHashMap$AbsentValueProvider     : loaded 2 times (x 66B)
Class com.android.build.gradle.internal.attribution.BuildAnalyzerService$Inject       : loaded 2 times (x 100B)
Class com.android.build.gradle.internal.lint.AndroidLintAnalysisTask$PerComponentCreationAction: loaded 2 times (x 86B)
Class com.android.buildanalyzer.common.AndroidGradlePluginAttributionData$JavaInfo    : loaded 2 times (x 68B)
Class org.jetbrains.kotlin.gradle.plugin.sources.SourceSetsVisibilityInferenceKt      : loaded 2 times (x 67B)
Class com.sun.xml.bind.v2.model.impl.FieldPropertySeed                                : loaded 2 times (x 86B)
Class com.android.build.gradle.internal.ide.v2.LibraryImpl                            : loaded 2 times (x 80B)
Class com.android.build.gradle.internal.ide.dependencies.LocalJarCacheImpl            : loaded 2 times (x 71B)
Class com.android.build.gradle.internal.lint.CustomLintCheckUtils$getLocalCustomLintChecks$1: loaded 2 times (x 70B)
Class org.jetbrains.kotlin.gradle.tooling.BuildKotlinToolingMetadataTask$Companion    : loaded 2 times (x 67B)
Class com.android.build.gradle.internal.tasks.ProcessJavaResTaskKt                    : loaded 2 times (x 67B)
Class org.jetbrains.kotlin.gradle.tasks.AbstractKotlinCompile$kotlinLogger$2          : loaded 2 times (x 75B)
Class org.jetbrains.kotlin.build.report.metrics.BuildPerformanceMetrics$Companion     : loaded 2 times (x 67B)
Class org.jetbrains.kotlin.cli.common.arguments.K2JVMCompilerArguments                : loaded 2 times (x 77B)
Class [Lcom.sun.xml.bind.v2.runtime.property.PropertyImpl;                            : loaded 2 times (x 65B)
Class com.sun.xml.bind.v2.runtime.IllegalAnnotationException                          : loaded 2 times (x 82B)
Class com.sun.xml.bind.v2.model.impl.RuntimeEnumLeafInfoImpl                          : loaded 2 times (x 145B)
Class javax.xml.bind.JAXBIntrospector                                                 : loaded 2 times (x 69B)
Class com.android.repository.api.SettingsController                                   : loaded 2 times (x 66B)
Class com.sun.xml.bind.v2.model.core.TypeRef                                          : loaded 2 times (x 66B)
Class com.sun.xml.bind.v2.runtime.reflect.Lister$IDREFS                               : loaded 2 times (x 73B)
Class com.sun.xml.bind.v2.runtime.reflect.PrimitiveArrayListerCharacter               : loaded 2 times (x 72B)
Class org.jetbrains.kotlin.build.report.statistics.BuildStartParameters               : loaded 2 times (x 68B)
Class org.jetbrains.kotlin.gradle.tasks.GradleCompileTaskProvider_Decorated           : loaded 2 times (x 116B)
Class com.android.build.gradle.internal.profile.WorkerProfilingRecord                 : loaded 2 times (x 68B)
Class org.jetbrains.kotlin.gradle.internal.StdlibDependencyManagementKt$isStdlibAddedByUser$2: loaded 2 times (x 74B)
Class com.android.build.gradle.internal.ide.dependencies.LibraryCacheImpl$getLibraryInfo$1: loaded 2 times (x 75B)
Class com.android.build.gradle.internal.ide.dependencies.LibraryCacheImpl$getAttributeMap$2: loaded 2 times (x 75B)
Class org.jetbrains.kotlin.gradle.plugin.ide.IdeCompilerArgumentsResolver$Companion   : loaded 2 times (x 67B)
Class org.gradle.internal.service.ServiceLookupException                              : loaded 2 times (x 78B)
Class com.google.common.reflect.TypeResolver$TypeTable$1                              : loaded 2 times (x 69B)
Class org.gradle.internal.time.MonotonicClock                                         : loaded 2 times (x 73B)
Class kotlin.jvm.internal.markers.KMutableList                                        : loaded 2 times (x 66B)
Class kotlin.text.MatchNamedGroupCollection                                           : loaded 2 times (x 66B)
Class com.google.common.collect.UsingToStringOrdering                                 : loaded 2 times (x 110B)
Class kotlin.io.FilesKt__FileReadWriteKt                                              : loaded 2 times (x 67B)
Class [Lkotlin.Pair;                                                                  : loaded 2 times (x 65B)
Class jdk.internal.jimage.ImageReader$Resource                                        : loaded 2 times (x 80B)
Class jdk.internal.jimage.decompressor.Decompressor                                   : loaded 2 times (x 68B)
Class com.intellij.gradle.toolingExtension.impl.model.sourceSetDependencyModel.GradleSourceSetDependencySerialisationService$Companion: loaded 2 times (x 67B)
Class org.jetbrains.plugins.gradle.tooling.serialization.internal.IdeaProjectSerializationService$WriteContext$4: loaded 2 times (x 79B)
Class org.jetbrains.kotlin.idea.gradleTooling.AndroidAwareGradleModelProvider         : loaded 2 times (x 79B)
Class com.android.repository.api.Downloader                                           : loaded 2 times (x 66B)
Class javax.xml.bind.JAXBElement                                                      : loaded 2 times (x 77B)
Class javax.xml.bind.annotation.XmlAccessorOrder                                      : loaded 2 times (x 66B)
Class com.sun.xml.bind.v2.runtime.unmarshaller.SAXConnector$TagNameImpl               : loaded 2 times (x 71B)
Class com.android.build.gradle.internal.dependency.JdkImageTransformKt$getJdkImageFromTransform$1: loaded 2 times (x 71B)
Class org.jetbrains.kotlin.gradle.tasks.KotlinCompilerPluginData                      : loaded 2 times (x 68B)
Class org.jetbrains.kotlin.gradle.plugin.mpp.KotlinCompilationsKt$sam$java_util_concurrent_Callable$0: loaded 2 times (x 71B)
Class com.android.build.gradle.internal.res.LinkApplicationAndroidResourcesTask_Decorated: loaded 2 times (x 446B)
Class org.jetbrains.kotlin.gradle.internal.StdlibDependencyManagementKt$isStdlibAddedByUser$1: loaded 2 times (x 75B)
Class org.jetbrains.kotlin.gradle.targets.js.npm.SemverKt                             : loaded 2 times (x 67B)
Class com.android.build.gradle.internal.ide.dependencies.LibraryCacheImpl$getAttributeMap$1: loaded 2 times (x 75B)
Class com.google.common.reflect.TypeResolver$TypeTable                                : loaded 2 times (x 69B)
Class kotlin.coroutines.jvm.internal.RestrictedContinuationImpl                       : loaded 2 times (x 83B)
Class org.gradle.util.internal.DefaultGradleVersion$Stage                             : loaded 2 times (x 71B)
Class org.jetbrains.plugins.gradle.tooling.serialization.internal.IdeaProjectSerializationService$WriteContext$3: loaded 2 times (x 79B)
Class org.jetbrains.plugins.gradle.tooling.serialization.AnnotationProcessingModelSerializationService$ReadContext: loaded 2 times (x 68B)
Class com.amazon.ion.impl.bin.PooledBlockAllocatorProvider                            : loaded 2 times (x 69B)
Class com.amazon.ion.IonContainer                                                     : loaded 2 times (x 66B)
Class com.amazon.ion.impl.lite.IonValueLite                                           : loaded 2 times (x 143B)
Class com.amazon.ion.impl._Private_IonSymbol                                          : loaded 2 times (x 66B)
Class com.android.ide.gradle.model.artifacts.AdditionalClassifierArtifacts            : loaded 2 times (x 66B)
Class com.google.gms.googleservices.GoogleServicesPlugin                              : loaded 2 times (x 70B)
Class com.android.sdklib.repository.meta.DetailsTypes$PlatformDetailsType             : loaded 2 times (x 66B)
Class com.amazon.ion.impl.bin.AbstractIonWriter                                       : loaded 2 times (x 157B)
Class org.jetbrains.plugins.gradle.tooling.util.ObjectCollector$Processor             : loaded 2 times (x 66B)
Class com.android.sdklib.repository.generated.repository.v1.package-info              : loaded 2 times (x 66B)
Class kotlin.collections.State                                                        : loaded 2 times (x 75B)
Class kotlin.jvm.functions.Function4                                                  : loaded 2 times (x 66B)
Class kotlin.collections.EmptySet                                                     : loaded 2 times (x 118B)
Class kotlin.collections.CollectionsKt___CollectionsKt                                : loaded 2 times (x 67B)
Class kotlin.annotation.Target                                                        : loaded 2 times (x 66B)
Class com.android.sdklib.repository.generated.sysimg.v1.ObjectFactory                 : loaded 2 times (x 71B)
Class org.gradle.internal.exceptions.NonGradleCauseExceptionsHolder                   : loaded 2 times (x 66B)
Class org.gradle.tooling.model.idea.IdeaModuleDependency                              : loaded 2 times (x 66B)
Class org.gradle.tooling.internal.adapter.ViewBuilder                                 : loaded 2 times (x 66B)
Class com.google.common.base.Suppliers$MemoizingSupplier                              : loaded 2 times (x 75B)
Class com.android.build.gradle.internal.attribution.BuildAnalyzerConfiguratorService$Inject: loaded 2 times (x 92B)
Class org.apache.commons.io.StandardLineSeparator                                     : loaded 2 times (x 75B)
Class [Lcom.sun.xml.bind.v2.model.annotation.Quick;                                   : loaded 2 times (x 65B)
Class javax.xml.bind.annotation.XmlSeeAlso                                            : loaded 2 times (x 66B)
Class com.android.repository.impl.generated.v1.PatchType                              : loaded 2 times (x 83B)
Class com.sun.xml.bind.v2.runtime.reflect.Accessor$ReadOnlyFieldReflection            : loaded 2 times (x 81B)
Class com.sun.xml.bind.v2.model.impl.RuntimeReferencePropertyInfoImpl                 : loaded 2 times (x 137B)
Class com.sun.xml.bind.v2.model.core.AttributePropertyInfo                            : loaded 2 times (x 66B)
Class javax.xml.bind.Binder                                                           : loaded 2 times (x 81B)
Class javax.xml.bind.JAXBContext                                                      : loaded 2 times (x 74B)
Class [Lcom.android.repository.Revision$PreviewComparison;                            : loaded 2 times (x 65B)
Class com.android.builder.sdk.SdkLibData                                              : loaded 2 times (x 73B)
Class com.sun.xml.bind.v2.runtime.unmarshaller.Receiver                               : loaded 2 times (x 66B)
Class [Lcom.sun.xml.bind.v2.model.impl.ClassInfoImpl$PropertyGroup;                   : loaded 2 times (x 65B)
Class com.sun.xml.bind.v2.model.core.PropertyKind                                     : loaded 2 times (x 75B)
Class com.android.sdklib.repository.generated.sysimg.v2.SysImgDetailsType             : loaded 2 times (x 132B)
Class org.jetbrains.kotlin.gradle.tasks.DefaultKotlinJavaToolchain$javaVersion$1      : loaded 2 times (x 70B)
Class [Lorg.jetbrains.kotlin.gradle.dsl.jvm.JvmTargetValidationMode;                  : loaded 2 times (x 65B)
Class org.jetbrains.kotlin.gradle.plugin.AndroidProjectHandler$wireKotlinTasks$1$2    : loaded 2 times (x 70B)
Class com.android.build.gradle.internal.AndroidJarInput                               : loaded 2 times (x 75B)
Class com.android.build.gradle.internal.attribution.BuildAnalyzerService$Parameters_Decorated: loaded 2 times (x 148B)
Class [Lcom.android.buildanalyzer.common.TaskCategoryIssue$Severity;                  : loaded 2 times (x 65B)
Class com.android.build.gradle.internal.lint.AndroidLintTask$VariantCreationAction    : loaded 2 times (x 91B)
Class com.google.common.io.CharStreams                                                : loaded 2 times (x 67B)
Class kotlin.text.StringsKt                                                           : loaded 2 times (x 67B)
Class sync_studio_tooling3_q1ef83pk4b34vea583ngndnm                                   : loaded 2 times (x 175B)
Class org.jetbrains.kotlin.idea.gradleTooling.model.annotation.AnnotationBasedPluginModelBuilderService: loaded 2 times (x 81B)
Class com.intellij.gradle.toolingExtension.impl.model.taskModel.GradleTaskModelBuilder: loaded 2 times (x 82B)
Class org.jetbrains.plugins.gradle.tooling.serialization.internal.IdeaProjectSerializationService$WriteContext$2: loaded 2 times (x 79B)
Class com.amazon.ion.impl._Private_SymtabExtendsCache                                 : loaded 2 times (x 68B)
Class com.amazon.ion.impl.bin.utf8.Pool                                               : loaded 2 times (x 70B)
Class com.android.ide.gradle.model.builder.AndroidStudioToolingPlugin                 : loaded 2 times (x 71B)
Class com.android.sdklib.repository.generated.sysimg.v2.package-info                  : loaded 2 times (x 66B)
Class com.android.repository.impl.generated.v2.ArchiveType                            : loaded 2 times (x 93B)
Class com.sun.xml.bind.v2.runtime.NameBuilder                                         : loaded 2 times (x 68B)
Class com.sun.xml.bind.v2.model.annotation.XmlRootElementQuick                        : loaded 2 times (x 88B)
Class com.android.repository.impl.meta.Archive$PatchesType                            : loaded 2 times (x 68B)
Class javax.xml.bind.ValidationEventHandler                                           : loaded 2 times (x 66B)
Class com.sun.xml.bind.v2.runtime.Coordinator                                         : loaded 2 times (x 79B)
Class org.jetbrains.kotlin.gradle.plugin.CompilerPluginConfig                         : loaded 2 times (x 68B)
Class org.jetbrains.kotlin.gradle.tasks.KotlinCompilerExecutionStrategy$Companion     : loaded 2 times (x 67B)
Class org.jetbrains.kotlin.gradle.plugin.AndroidProjectHandler$wireKotlinTasks$1$1    : loaded 2 times (x 75B)
Class com.android.build.gradle.internal.ide.v2.AndroidGradlePluginProjectFlagsImpl    : loaded 2 times (x 71B)
Class com.amazon.ion.system.IonReaderBuilder                                          : loaded 2 times (x 89B)
Class org.jetbrains.plugins.gradle.model.AnnotationProcessingConfig                   : loaded 2 times (x 66B)
Class com.amazon.ion.IonReader                                                        : loaded 2 times (x 66B)
Class com.intellij.gradle.toolingExtension.impl.model.dependencyGraphModel.GradleDependencyReportGenerator: loaded 2 times (x 69B)
Class jdk.internal.jimage.ImageStrings                                                : loaded 2 times (x 66B)
Class gnu.trove.Equality                                                              : loaded 2 times (x 66B)
Class kotlin.text.StringsKt___StringsJvmKt                                            : loaded 2 times (x 67B)
Class kotlin.reflect.KDeclarationContainer                                            : loaded 2 times (x 66B)
Class kotlin.annotation.Retention                                                     : loaded 2 times (x 66B)
Class [Lcom.google.common.collect.MapMakerInternalMap$Strength;                       : loaded 2 times (x 65B)
Class org.jetbrains.kotlin.gradle.tasks.CompilerPluginOptionsKt                       : loaded 2 times (x 67B)
Class com.android.ide.common.caching.CreatingCache$ValueState                         : loaded 2 times (x 68B)
Class com.android.build.gradle.internal.ide.dependencies.LibraryCacheImpl$getLibrary$1$1: loaded 2 times (x 75B)
Class [Lcom.google.common.io.FileWriteMode;                                           : loaded 2 times (x 65B)
Class com.android.build.gradle.internal.ide.dependencies.LibraryServiceImpl           : loaded 2 times (x 72B)
Class com.android.build.gradle.internal.ide.dependencies.LibraryService               : loaded 2 times (x 66B)
Class com.android.build.gradle.internal.cxx.configure.NativeModelBuilderOutcome$1     : loaded 2 times (x 147B)
Class com.android.build.gradle.internal.dependency.JdkImageTransform$Inject1          : loaded 2 times (x 106B)
Class com.sun.xml.bind.v2.runtime.reflect.PrimitiveArrayListerBoolean                 : loaded 2 times (x 72B)
Class com.sun.xml.bind.v2.runtime.property.Property                                   : loaded 2 times (x 66B)
Class com.android.sdklib.repository.generated.sysimg.v3.SysImgDetailsType             : loaded 2 times (x 132B)
Class com.android.repository.api.RepositorySource                                     : loaded 2 times (x 66B)
Class com.sun.xml.bind.v2.model.impl.ClassInfoImpl$1                                  : loaded 2 times (x 67B)
Class com.sun.xml.bind.v2.runtime.reflect.Accessor$GetterOnlyReflection               : loaded 2 times (x 81B)
Class javax.xml.bind.annotation.XmlMixed                                              : loaded 2 times (x 66B)
Class com.sun.xml.bind.v2.model.nav.ReflectionNavigator                               : loaded 2 times (x 119B)
Class com.sun.xml.bind.v2.model.annotation.AnnotationReader                           : loaded 2 times (x 66B)
Class com.android.repository.impl.generated.v1.LicenseType                            : loaded 2 times (x 83B)
Class com.android.sdklib.repository.generated.common.v1.LibraryType                   : loaded 2 times (x 86B)
Class com.android.sdklib.repository.meta.DetailsTypes$AddonDetailsType                : loaded 2 times (x 66B)
Class com.android.sdklib.repository.legacy.remote.internal.DownloadCache              : loaded 2 times (x 73B)
Class com.android.ide.common.caching.CreatingCache                                    : loaded 2 times (x 72B)
Class com.android.build.gradle.internal.ide.dependencies.Graph$Companion              : loaded 2 times (x 67B)
Class com.android.build.api.attributes.ProductFlavorAttr                              : loaded 2 times (x 66B)
Class com.android.build.gradle.internal.DependencyResolutionChecks$registerDependencyCheck$4$1: loaded 2 times (x 71B)
Class kotlin.sequences.SequencesKt                                                    : loaded 2 times (x 67B)
Class kotlin.collections.CollectionsKt__IteratorsKt                                   : loaded 2 times (x 67B)
Class jdk.internal.jimage.BasicImageReader$1                                          : loaded 2 times (x 73B)
Class org.jetbrains.plugins.gradle.tooling.serialization.internal.IdeaProjectSerializationService$WriteContext$1: loaded 2 times (x 79B)
Class com.amazon.ion.impl.bin.IonManagedBinaryWriter$SymbolState$4                    : loaded 2 times (x 76B)
Class com.google.gms.googleservices.GoogleServicesPlugin$handleVariant$1              : loaded 2 times (x 123B)
Class com.android.builder.sdk.InstallFailedException                                  : loaded 2 times (x 78B)
Class com.android.build.gradle.internal.SdkComponentsBuildService$VersionedSdkLoader$renderScriptSupportJarProvider$1: loaded 2 times (x 71B)
Class com.android.build.gradle.internal.FileExistsValueSource                         : loaded 2 times (x 74B)
Class javax.xml.bind.Unmarshaller                                                     : loaded 2 times (x 66B)
Class com.android.ide.common.caching.CreatingCache$ValueFactory                       : loaded 2 times (x 66B)
Class org.jetbrains.kotlin.gradle.plugin.ide.IdeCompilerArgumentsResolverImpl         : loaded 2 times (x 70B)
Class org.jetbrains.kotlin.gradle.dsl.KotlinProjectExtensionKt$WhenMappings           : loaded 2 times (x 67B)
Class sync_studio_tooling1656_c5qs0xzr4ytq4h26d8dbk6ke7                               : loaded 2 times (x 175B)
Class org.gradle.api.internal.classpath.DefaultModuleRegistry                         : loaded 2 times (x 82B)
Class kotlin.collections.CollectionsKt__CollectionsJVMKt                              : loaded 2 times (x 67B)
Class com.google.common.collect.Lists$TransformingRandomAccessList                    : loaded 2 times (x 195B)
Class kotlin.io.FilesKt__UtilsKt                                                      : loaded 2 times (x 67B)
Class jdk.internal.jimage.ImageReader$Node                                            : loaded 2 times (x 80B)
Class com.amazon.ion.IonBinaryWriter                                                  : loaded 2 times (x 66B)
Class com.amazon.ion.impl.bin.IonRawBinaryWriter$StreamFlushMode                      : loaded 2 times (x 75B)
Class com.amazon.ion.impl.bin.IonManagedBinaryWriter$SymbolState$3                    : loaded 2 times (x 76B)
Class com.amazon.ion.impl.bin.IonRawBinaryWriter$ContainerInfo                        : loaded 2 times (x 72B)
Class com.android.repository.impl.meta.RepoPackageImpl                                : loaded 2 times (x 110B)
Class com.sun.xml.bind.v2.model.nav.TypeVisitor                                       : loaded 2 times (x 72B)
Class com.sun.xml.bind.v2.model.annotation.MethodLocatable                            : loaded 2 times (x 74B)
Class com.sun.xml.bind.v2.model.runtime.RuntimeMapPropertyInfo                        : loaded 2 times (x 66B)
Class com.android.sdklib.repository.generated.addon.v1.AddonDetailsType               : loaded 2 times (x 129B)
Class com.sun.xml.bind.v2.runtime.LifecycleMethods                                    : loaded 2 times (x 68B)
Class com.sun.xml.bind.v2.runtime.unmarshaller.UnmarshallingContext                   : loaded 2 times (x 99B)
Class com.android.build.api.variant.MultiOutputHandler$Companion                      : loaded 2 times (x 67B)
Class kotlin.coroutines.intrinsics.IntrinsicsKt__IntrinsicsKt                         : loaded 2 times (x 67B)
Class kotlin.text.RegexKt                                                             : loaded 2 times (x 67B)
Class com.google.common.collect.ImmutableSortedAsList                                 : loaded 2 times (x 217B)
Class org.jetbrains.plugins.gradle.model.ProjectImportModelProvider                   : loaded 2 times (x 66B)
Class com.amazon.ion.IonClob                                                          : loaded 2 times (x 66B)
Class org.gradle.internal.impldep.com.google.common.collect.AbstractIndexedListIterator: loaded 2 times (x 92B)
Class com.amazon.ion.IonNull                                                          : loaded 2 times (x 66B)
Class kotlin.io.FilesKt                                                               : loaded 2 times (x 67B)
Class kotlin.collections.MapsKt___MapsKt                                              : loaded 2 times (x 67B)
Class kotlin.collections.ArraysKt___ArraysKt                                          : loaded 2 times (x 67B)
Class com.google.common.collect.MapMakerInternalMap$StrongKeyDummyValueSegment        : loaded 2 times (x 138B)
Class com.google.common.cache.LocalCache$WriteThroughEntry                            : loaded 2 times (x 75B)
Class com.google.common.cache.LocalCache$HashIterator                                 : loaded 2 times (x 82B)
Class org.jetbrains.kotlin.gradle.plugin.ide.IdeCompilerArgumentsResolver             : loaded 2 times (x 66B)
Class com.google.common.io.Files                                                      : loaded 2 times (x 67B)
Class com.android.build.gradle.internal.ide.dependencies.BuildIdentifierMethods       : loaded 2 times (x 67B)
Class com.android.build.gradle.internal.tasks.PrepareLintJarForPublishKt$getPublishedCustomLintChecks$1: loaded 2 times (x 71B)
Class org.jetbrains.kotlin.gradle.tasks.DefaultKotlinJavaToolchain$DefaultJdkSetter   : loaded 2 times (x 72B)
Class org.jetbrains.kotlin.cli.common.arguments.CommonCompilerArguments               : loaded 2 times (x 76B)
Class com.sun.xml.bind.v2.model.impl.PropertyInfoImpl$1                               : loaded 2 times (x 67B)
Class javax.xml.bind.annotation.XmlInlineBinaryData                                   : loaded 2 times (x 66B)
Class com.sun.xml.bind.v2.runtime.Location                                            : loaded 2 times (x 66B)
Class javax.xml.bind.JAXBContextFactory                                               : loaded 2 times (x 66B)
Class com.amazon.ion.impl.bin.IonManagedBinaryWriter$SymbolState$2                    : loaded 2 times (x 76B)
Class com.android.build.gradle.internal.SdkComponentsBuildService$VersionedSdkLoader$sdkDirectoryProvider$1: loaded 2 times (x 71B)
Class com.android.build.gradle.internal.SupportToolsComponents$Companion              : loaded 2 times (x 67B)
Class com.android.repository.impl.meta.CommonFactory                                  : loaded 2 times (x 87B)
Class com.android.repository.impl.meta.Archive$CompleteType                           : loaded 2 times (x 75B)
Class javax.xml.bind.ServiceLoaderUtil                                                : loaded 2 times (x 67B)
Class com.sun.xml.bind.v2.model.impl.RuntimeModelBuilder                              : loaded 2 times (x 96B)
Class com.sun.xml.bind.v2.model.runtime.RuntimeElementInfo                            : loaded 2 times (x 66B)
Class com.sun.xml.bind.v2.model.core.Ref                                              : loaded 2 times (x 68B)
Class javax.xml.bind.annotation.XmlRootElement                                        : loaded 2 times (x 66B)
Class com.sun.xml.bind.v2.model.runtime.RuntimeReferencePropertyInfo                  : loaded 2 times (x 66B)
Class com.sun.xml.bind.v2.runtime.unmarshaller.ValuePropertyLoader                    : loaded 2 times (x 74B)
Class com.android.build.gradle.internal.scope.InternalArtifactType$BUILT_IN_KOTLINC   : loaded 2 times (x 70B)
Class com.google.common.io.Closer$SuppressingSuppressor                               : loaded 2 times (x 71B)
Class com.android.buildanalyzer.common.AndroidGradlePluginAttributionData$TaskCategoryInfo: loaded 2 times (x 68B)
Class org.gradle.tooling.internal.adapter.ObjectGraphAdapter                          : loaded 2 times (x 66B)
Class jdk.internal.jimage.decompressor.ResourceDecompressorFactory                    : loaded 2 times (x 70B)
Class com.intellij.gradle.toolingExtension.impl.model.dependencyModel.DependencyReadContext: loaded 2 times (x 68B)
Class com.intellij.gradle.toolingExtension.impl.model.sourceSetDependencyModel.GradleSourceSetDependencySerialisationService$SourceSetDependencyModelReadContext: loaded 2 times (x 68B)
Class [Lcom.amazon.ion.IonType;                                                       : loaded 2 times (x 65B)
Class com.amazon.ion.impl.LocalSymbolTableAsStruct$Factory                            : loaded 2 times (x 75B)
Class com.amazon.ion.impl.bin.IonManagedBinaryWriter$SymbolState$1                    : loaded 2 times (x 76B)
Class com.android.build.gradle.internal.api.artifact.SourceArtifactType$CUSTOMS       : loaded 2 times (x 70B)
Class com.android.build.gradle.internal.SdkLoadingStrategy                            : loaded 2 times (x 68B)
Class com.android.sdklib.repository.generated.addon.v2.ObjectFactory                  : loaded 2 times (x 76B)
Class com.sun.xml.bind.v2.model.core.TypeInfoSet                                      : loaded 2 times (x 66B)
Class com.sun.xml.bind.api.BridgeContext                                              : loaded 2 times (x 72B)
Class [Lcom.sun.xml.bind.v2.model.impl.ClassInfoImpl$SecondaryAnnotation;             : loaded 2 times (x 65B)
Class org.jetbrains.kotlin.gradle.logging.GradleKotlinLogger                          : loaded 2 times (x 76B)
Class com.android.build.gradle.internal.tasks.MergeJavaResourceTask$Companion$predicate$1: loaded 2 times (x 76B)
Class org.jetbrains.kotlin.gradle.plugin.KotlinCompilerArgumentsProducer$CreateCompilerArgumentsContext$Companion: loaded 2 times (x 67B)
Class org.apache.commons.io.output.NullWriter                                         : loaded 2 times (x 95B)
Class com.android.ide.common.repository.AgpVersion$PreviewKind$Companion              : loaded 2 times (x 67B)
Class org.gradle.api.internal.classpath.ModuleRegistry                                : loaded 2 times (x 66B)
Class org.gradle.internal.installation.GradleInstallation$1                           : loaded 2 times (x 71B)
Class jdk.internal.jimage.ImageReader$SharedImageReader                               : loaded 2 times (x 91B)
Class com.intellij.gradle.toolingExtension.impl.model.utilDummyModel.DummyModelBuilder: loaded 2 times (x 82B)
Class com.intellij.openapi.externalSystem.model.project.dependencies.AbstractDependencyNode: loaded 2 times (x 83B)
Class org.jetbrains.plugins.gradle.tooling.builder.VersionCatalogsModelBuilder        : loaded 2 times (x 82B)
Class com.intellij.util.containers.IntObjectHashMap                                   : loaded 2 times (x 68B)
Class org.jetbrains.plugins.gradle.model.ExternalDependency                           : loaded 2 times (x 66B)
Class com.android.ide.gradle.model.builder.LegacyAndroidGradlePluginPropertiesModelBuilder: loaded 2 times (x 76B)
Class com.amazon.ion.impl.lite.IonLobLite                                             : loaded 2 times (x 180B)
Class com.amazon.ion.impl.lite.IonTextLite                                            : loaded 2 times (x 177B)
Class com.amazon.ion.IonNumber                                                        : loaded 2 times (x 66B)
Class org.gradle.internal.impldep.gnu.trove.TObjectIntProcedure                       : loaded 2 times (x 66B)
Class gnu.trove.TObjectHashingStrategy                                                : loaded 2 times (x 66B)
Class kotlin.collections.MapsKt__MapWithDefaultKt                                     : loaded 2 times (x 67B)
Class org.gradle.tooling.internal.adapter.ProtocolToModelAdapter$ReflectionMethodInvoker: loaded 2 times (x 72B)
Class [Lcom.google.common.collect.MapMaker$Dummy;                                     : loaded 2 times (x 65B)
Class com.android.build.gradle.internal.ide.v2.ProjectInfoImpl                        : loaded 2 times (x 79B)
Class com.android.build.gradle.internal.ide.v2.ArtifactDependenciesAdjacencyListImpl  : loaded 2 times (x 73B)
Class com.android.build.gradle.internal.ide.v2.LintOptionsImpl$Companion              : loaded 2 times (x 67B)
Class com.android.build.gradle.internal.ide.v2.LintOptionsImpl                        : loaded 2 times (x 103B)
Class com.android.build.gradle.internal.ide.Utils                                     : loaded 2 times (x 67B)
Class org.jetbrains.kotlin.gradle.tasks.TaskOutputsBackup                             : loaded 2 times (x 68B)
Class com.sun.xml.bind.v2.runtime.JaxBeanInfo$1                                       : loaded 2 times (x 73B)
Class javax.xml.bind.ValidationEvent                                                  : loaded 2 times (x 66B)
Class com.sun.xml.bind.v2.model.impl.Utils                                            : loaded 2 times (x 67B)
Class com.android.repository.api.Channel                                              : loaded 2 times (x 77B)
Class com.android.sdklib.repository.meta.Library                                      : loaded 2 times (x 85B)
Class com.android.sdklib.repository.generated.sysimg.v4.ObjectFactory                 : loaded 2 times (x 71B)
Class com.android.build.gradle.internal.FileExistsValueSource$Inject                  : loaded 2 times (x 105B)
Class com.android.build.gradle.internal.PlatformToolsComponents$Companion$build$fileExists$1: loaded 2 times (x 71B)
Class com.android.build.gradle.internal.SdkComponentsBuildService$VersionedSdkLoader$coreForSystemModulesProvider$1: loaded 2 times (x 71B)
Class com.google.gms.googleservices.GoogleServicesPlugin$apply$4                      : loaded 2 times (x 75B)
Class com.android.sdklib.repository.legacy.LegacyDownloader                           : loaded 2 times (x 80B)
Class com.android.sdklib.repository.generated.addon.v1.package-info                   : loaded 2 times (x 66B)
Class com.android.repository.impl.generated.v2.package-info                           : loaded 2 times (x 66B)
Class com.sun.xml.bind.v2.model.impl.ValuePropertyInfoImpl                            : loaded 2 times (x 116B)
Class javax.xml.bind.annotation.XmlAnyAttribute                                       : loaded 2 times (x 66B)
Class org.jetbrains.kotlin.gradle.tasks.KotlinCompile$ClasspathSnapshotProperties     : loaded 2 times (x 71B)
Class org.jetbrains.kotlin.build.report.metrics.BuildTimes                            : loaded 2 times (x 68B)
Class com.android.build.gradle.internal.tasks.PrepareLintJarForPublishKt              : loaded 2 times (x 67B)
Class org.jetbrains.kotlin.gradle.plugin.KotlinCompilerArgumentsProducer$ArgumentType$Companion: loaded 2 times (x 67B)
Class com.android.build.gradle.internal.attribution.BuildAnalyzerConfiguratorService$State: loaded 2 times (x 75B)
Class com.google.common.reflect.TypeToken$2                                           : loaded 2 times (x 106B)
Class org.gradle.tooling.internal.adapter.ProtocolToModelAdapter$MethodInvocationCache: loaded 2 times (x 69B)
Class kotlin.sequences.SequencesKt___SequencesKt$filterNotNull$1                      : loaded 2 times (x 74B)
Class jdk.internal.jimage.ImageReader                                                 : loaded 2 times (x 71B)
Class org.jetbrains.kotlin.idea.gradleTooling.model.assignment.AssignmentModelBuilderService: loaded 2 times (x 81B)
Class com.google.gms.googleservices.GoogleServicesPlugin$apply$3                      : loaded 2 times (x 75B)
Class com.android.sdklib.repository.meta.SdkCommonFactory                             : loaded 2 times (x 69B)
Class com.android.sdklib.repository.generated.common.v1.package-info                  : loaded 2 times (x 66B)
Class com.android.build.gradle.internal.plugins.BasePlugin$createAndroidTasks$3$1     : loaded 2 times (x 73B)
Class com.android.repository.api.ProgressRunner                                       : loaded 2 times (x 66B)
Class com.android.repository.impl.meta.RemotePackageImpl                              : loaded 2 times (x 140B)
Class com.sun.xml.bind.v2.runtime.JAXBContextImpl                                     : loaded 2 times (x 86B)
Class com.sun.xml.bind.v2.util.QNameMap                                               : loaded 2 times (x 68B)
Class com.sun.xml.bind.v2.runtime.output.Pcdata                                       : loaded 2 times (x 84B)
Class com.sun.xml.bind.v2.model.annotation.SecureLoader                               : loaded 2 times (x 67B)
Class com.sun.xml.bind.v2.model.impl.PropertyInfoImpl                                 : loaded 2 times (x 104B)
Class com.sun.xml.bind.v2.model.nav.ReflectionNavigator$BinderArg                     : loaded 2 times (x 69B)
Class com.android.sdklib.repository.generated.common.v2.ApiDetailsType                : loaded 2 times (x 101B)
Class org.jetbrains.kotlin.gradle.internal.KotlinDependenciesManagementKt$configureDefaultVersionsResolutionStrategy$1$1$1: loaded 2 times (x 71B)
Class com.android.build.gradle.internal.ide.v2.EdgeImpl                               : loaded 2 times (x 72B)
Class com.google.common.collect.AbstractMapBasedMultimap$AsMap$AsMapEntries           : loaded 2 times (x 134B)
Class com.google.common.reflect.TypeToken$1                                           : loaded 2 times (x 106B)
Class kotlin.UninitializedPropertyAccessException                                     : loaded 2 times (x 78B)
Class kotlin.Metadata                                                                 : loaded 2 times (x 66B)
Class kotlin.text.MatchResult$Destructured                                            : loaded 2 times (x 68B)
Class com.amazon.ion.UnknownSymbolException                                           : loaded 2 times (x 82B)
Class com.amazon.ion.impl.bin.IonRawBinaryWriter$PatchList                            : loaded 2 times (x 81B)
Class com.android.ide.gradle.model.composites.BuildMap                                : loaded 2 times (x 66B)
Class com.google.gms.googleservices.GoogleServicesPlugin$apply$2                      : loaded 2 times (x 75B)
Class com.sun.xml.bind.v2.model.annotation.ClassLocatable                             : loaded 2 times (x 74B)
Class com.sun.xml.bind.AccessorFactory                                                : loaded 2 times (x 66B)
Class com.android.sdklib.repository.generated.repository.v3.SourceDetailsType         : loaded 2 times (x 108B)
Class com.sun.xml.bind.v2.runtime.unmarshaller.XsiNilLoader$Array                     : loaded 2 times (x 76B)
Class com.sun.xml.bind.v2.runtime.property.ArrayReferenceNodeProperty$MixedTextLoader : loaded 2 times (x 74B)
Class com.sun.xml.bind.v2.runtime.Utils                                               : loaded 2 times (x 67B)
Class com.android.build.gradle.tasks.JavaCompileUtils$checkDeprecatedSourceAndTargetAtExecutionTime$1: loaded 2 times (x 71B)
Class [Lcom.amazon.ion.impl.bin.IonManagedBinaryWriter$UserState;                     : loaded 2 times (x 65B)
Class com.amazon.ion.impl.bin.utf8.Utf8StringEncoder                                  : loaded 2 times (x 76B)
Class com.amazon.ion.IonBool                                                          : loaded 2 times (x 66B)
Class org.jetbrains.kotlin.gradle.tasks.KotlinJavaToolchain$JavaToolchainSetter       : loaded 2 times (x 66B)
Class com.intellij.openapi.externalSystem.model.project.dependencies.ComponentDependencies: loaded 2 times (x 66B)
Class org.jetbrains.plugins.gradle.tooling.ModelBuilderService$Ex                     : loaded 2 times (x 66B)
Class kotlin.text.StringsKt___StringsKt                                               : loaded 2 times (x 67B)
Class com.google.common.collect.NullsLastOrdering                                     : loaded 2 times (x 111B)
Class kotlin.collections.CollectionsKt__MutableCollectionsJVMKt                       : loaded 2 times (x 67B)
Class org.jetbrains.kotlin.gradle.tasks.KotlinCompile$defaultKotlinJavaToolchain$1    : loaded 2 times (x 75B)
Class kotlin.enums.EnumEntriesKt                                                      : loaded 2 times (x 67B)
Class com.google.common.reflect.Types$NativeTypeVariableEquals                        : loaded 2 times (x 67B)
Class com.google.common.reflect.TypeParameter                                         : loaded 2 times (x 68B)
Class org.apache.commons.io.filefilter.TrueFileFilter                                 : loaded 2 times (x 90B)
Class com.google.common.collect.ImmutableMapKeySet                                    : loaded 2 times (x 146B)
Class com.android.build.gradle.internal.attribution.BuildAnalyzerService$Parameters   : loaded 2 times (x 66B)
Class com.android.build.gradle.internal.lint.AndroidLintAnalysisTask$Companion$registerOutputArtifacts$1: loaded 2 times (x 123B)
Class org.jetbrains.kotlin.cli.common.arguments.InternalArgument                      : loaded 2 times (x 66B)
Class com.android.ide.common.caching.CreatingCache$State                              : loaded 2 times (x 75B)
Class com.android.build.api.dsl.TestExtension                                         : loaded 2 times (x 66B)
Class org.gradle.tooling.model.Model                                                  : loaded 2 times (x 66B)
Class com.android.build.gradle.internal.ide.v2.TestInfoImpl$Companion                 : loaded 2 times (x 67B)
Class com.sun.xml.bind.v2.runtime.property.ArrayERProperty$ReceiverImpl               : loaded 2 times (x 71B)
Class com.sun.xml.bind.v2.runtime.reflect.Utils$1                                     : loaded 2 times (x 73B)
Class [Ljavax.xml.bind.annotation.XmlElement;                                         : loaded 2 times (x 65B)
Class javax.xml.bind.annotation.XmlAccessType                                         : loaded 2 times (x 75B)
Class javax.xml.bind.annotation.XmlType                                               : loaded 2 times (x 66B)
Class com.sun.xml.bind.v2.model.annotation.XmlEnumQuick                               : loaded 2 times (x 87B)
Class com.sun.xml.bind.v2.model.annotation.RuntimeInlineAnnotationReader              : loaded 2 times (x 102B)
Class jdk.internal.jimage.ImageStringsReader                                          : loaded 2 times (x 76B)
Class org.gradle.internal.impldep.com.google.common.collect.UnmodifiableListIterator  : loaded 2 times (x 91B)
Class org.jetbrains.kotlin.idea.gradleTooling.model.noarg.NoArgModelBuilderService    : loaded 2 times (x 81B)
Class com.amazon.ion.impl.bin.IonManagedBinaryWriter$LocalSymbolTableView             : loaded 2 times (x 103B)
Class com.android.ide.gradle.model.ArtifactIdentifier                                 : loaded 2 times (x 66B)
Class com.google.gms.googleservices.GoogleServicesPlugin$apply$1                      : loaded 2 times (x 75B)
Class com.android.build.gradle.internal.SdkComponentsBuildService$VersionedSdkLoader$adbHelper$1: loaded 2 times (x 71B)
Class com.android.sdklib.repository.generated.common.v1.ObjectFactory                 : loaded 2 times (x 71B)
Class com.android.repository.impl.generated.v1.RevisionType                           : loaded 2 times (x 78B)
Class com.sun.xml.bind.v2.model.annotation.Init                                       : loaded 2 times (x 67B)
Class com.sun.xml.bind.api.impl.NameConverter$Standard                                : loaded 2 times (x 89B)
Class com.android.sdklib.repository.generated.addon.v3.AddonDetailsType               : loaded 2 times (x 129B)
Class com.sun.xml.bind.v2.runtime.property.SingleElementLeafProperty                  : loaded 2 times (x 98B)
Class com.android.build.gradle.internal.scope.InternalArtifactType$AIDL_SOURCE_OUTPUT_DIR: loaded 2 times (x 70B)
Class com.android.build.gradle.internal.ide.v2.DependenciesInfoImpl$Companion         : loaded 2 times (x 67B)
Class com.android.build.gradle.internal.ide.v2.SigningConfigImpl$Companion            : loaded 2 times (x 67B)
Class com.android.build.gradle.internal.ide.v2.ArtifactDependenciesAdjacencyListImpl$Companion: loaded 2 times (x 67B)
Class com.android.build.gradle.internal.ide.v2.ProjectInfoImpl$Companion              : loaded 2 times (x 67B)
Class org.jetbrains.kotlin.gradle.plugin.KotlinPlatformPluginBase                     : loaded 2 times (x 72B)
Class org.jetbrains.kotlin.gradle.plugin.KotlinPlatformJsPlugin                       : loaded 2 times (x 77B)
Class com.android.build.gradle.internal.scope.InternalArtifactType$LINT_SARIF_REPORT  : loaded 2 times (x 70B)
Class com.android.build.gradle.internal.lint.LintTaskManager$createLintTasks$lintVitalTask$1$1: loaded 2 times (x 71B)
Class kotlin.jvm.internal.Lambda                                                      : loaded 2 times (x 71B)
Class kotlin.collections.MapsKt__MapsKt                                               : loaded 2 times (x 67B)
Class org.jetbrains.plugins.gradle.tooling.serialization.ExternalTestsSerializationService$WriteContext: loaded 2 times (x 68B)
Class com.amazon.ion.impl.bin.IonManagedBinaryWriter$SymbolResolverBuilder            : loaded 2 times (x 66B)
Class com.amazon.ion.system.IonSystemBuilder$Mutable                                  : loaded 2 times (x 71B)
Class com.amazon.ion.impl.bin.IonRawBinaryWriter$PatchList$Node                       : loaded 2 times (x 68B)
Class [Lcom.android.build.api.variant.impl.DirectoryEntry;                            : loaded 2 times (x 65B)
Class com.android.build.gradle.internal.SdkDirectLoadingStrategy                      : loaded 2 times (x 68B)
Class com.android.repository.impl.meta.LocalPackageImpl                               : loaded 2 times (x 127B)
Class com.android.repository.impl.generated.v1.RemotePackage                          : loaded 2 times (x 153B)
Class com.sun.xml.bind.v2.model.impl.RuntimeValuePropertyInfoImpl                     : loaded 2 times (x 131B)
Class com.sun.xml.bind.annotation.OverrideAnnotationOf                                : loaded 2 times (x 66B)
Class org.jetbrains.kotlin.cli.common.arguments.Freezable                             : loaded 2 times (x 68B)
Class org.jetbrains.kotlin.daemon.common.MultiModuleICSettings                        : loaded 2 times (x 68B)
Class org.jetbrains.kotlin.gradle.report.BuildReportsService                          : loaded 2 times (x 68B)
Class org.jetbrains.kotlin.gradle.tasks.AbstractKotlinCompile$defaultKotlinJavaToolchain$1: loaded 2 times (x 74B)
Class org.jetbrains.kotlin.gradle.plugin.DefaultKotlinBasePlugin$addKotlinCompilerConfiguration$3$1: loaded 2 times (x 75B)
Class com.android.build.gradle.internal.scope.InternalArtifactType$COMPILE_BUILD_CONFIG_JAR: loaded 2 times (x 70B)
Class com.android.build.gradle.internal.ide.v2.LibraryInfoImpl$toKeyComponent$2       : loaded 2 times (x 74B)
Class org.jetbrains.kotlin.gradle.plugin.AbstractKotlinPluginWrapper                  : loaded 2 times (x 83B)
Class org.jetbrains.kotlin.gradle.plugin.ide.IdeMultiplatformImport                   : loaded 2 times (x 66B)
Class com.android.build.gradle.internal.lint.AndroidLintTask                          : loaded 2 times (x 360B)
Class com.google.common.io.CharStreams$NullWriter                                     : loaded 2 times (x 95B)
Class [Lcom.google.common.reflect.Types$JavaVersion;                                  : loaded 2 times (x 65B)
Class kotlin.collections.ArrayDeque                                                   : loaded 2 times (x 203B)
Class com.google.gms.googleservices.GoogleServicesPlugin$GoogleServicesPluginConfig   : loaded 2 times (x 68B)
Class com.amazon.ion.IonLoader                                                        : loaded 2 times (x 66B)
Class org.jetbrains.plugins.gradle.model.GradleProperty                               : loaded 2 times (x 66B)
Class org.jetbrains.plugins.gradle.model.web.WebConfiguration                         : loaded 2 times (x 66B)
Class org.jetbrains.plugins.gradle.tooling.builder.WarModelBuilderImpl$Companion      : loaded 2 times (x 67B)
Class org.gradle.internal.classloader.SystemClassLoaderSpec                           : loaded 2 times (x 67B)
Class org.jetbrains.kotlin.compilerRunner.ArgumentsToStrings                          : loaded 2 times (x 67B)
Class com.android.build.gradle.internal.ide.dependencies.ResolvedArtifact             : loaded 2 times (x 68B)
Class com.android.build.gradle.internal.dependency.GenericTransformParameters$Inject  : loaded 2 times (x 102B)
Class com.android.build.gradle.internal.profile.NoOpAnalyticsService$Inject           : loaded 2 times (x 126B)
Class kotlin.reflect.KFunction                                                        : loaded 2 times (x 66B)
Class com.android.build.gradle.internal.dependency.JdkImageTransform                  : loaded 2 times (x 75B)
Class com.sun.xml.bind.v2.runtime.Utils$1                                             : loaded 2 times (x 73B)
Class com.sun.xml.bind.v2.runtime.reflect.PrimitiveArrayListerFloat                   : loaded 2 times (x 72B)
Class com.sun.xml.bind.v2.util.FlattenIterator                                        : loaded 2 times (x 75B)
Class com.sun.xml.bind.v2.model.impl.RuntimeElementInfoImpl$RuntimePropertyImpl       : loaded 2 times (x 156B)
Class com.sun.xml.bind.v2.model.runtime.RuntimePropertyInfo                           : loaded 2 times (x 66B)
Class com.sun.xml.bind.v2.model.annotation.XmlElementRefsQuick                        : loaded 2 times (x 87B)
Class javax.xml.bind.annotation.XmlElementRef                                         : loaded 2 times (x 66B)
Class com.android.repository.impl.generated.v1.ArchivesType                           : loaded 2 times (x 71B)
Class com.android.sdklib.BuildToolInfo                                                : loaded 2 times (x 72B)
Class org.jetbrains.kotlin.idea.gradleTooling.model.kapt.KaptModelBuilderService      : loaded 2 times (x 82B)
Class com.intellij.gradle.toolingExtension.impl.model.sourceSetArtifactIndex.GradleSourceSetArtifactIndexBuilder: loaded 2 times (x 82B)
Class org.jetbrains.plugins.gradle.tooling.serialization.KotlinDslScriptsModelSerializationService: loaded 2 times (x 77B)
Class org.jetbrains.plugins.gradle.model.ExternalProjectDependency                    : loaded 2 times (x 66B)
Class org.jetbrains.kotlin.commonizer.KonanDistribution                               : loaded 2 times (x 68B)
Class com.android.sdklib.repository.legacy.io.FileOpImpl                              : loaded 2 times (x 74B)
Class com.android.repository.impl.generated.v1.LocalPackage                           : loaded 2 times (x 136B)
Class com.sun.xml.bind.v2.model.annotation.AnnotationSource                           : loaded 2 times (x 66B)
Class javax.xml.bind.annotation.adapters.XmlJavaTypeAdapter                           : loaded 2 times (x 66B)
Class javax.xml.bind.annotation.XmlElementWrapper                                     : loaded 2 times (x 66B)
Class org.jetbrains.kotlin.gradle.incremental.IncrementalModuleInfoProvider           : loaded 2 times (x 66B)
Class com.android.build.gradle.internal.UsesSdkComponentsBuildService                 : loaded 2 times (x 66B)
Class com.android.build.gradle.internal.dependency.MockableJarTransform$Parameters$Inject: loaded 2 times (x 106B)
Class com.android.build.gradle.internal.ide.v2.VariantImpl                            : loaded 2 times (x 83B)
Class com.android.build.gradle.internal.ide.v2.ProductFlavorImpl$Companion            : loaded 2 times (x 67B)
Class com.google.common.io.Files$FileByteSource                                       : loaded 2 times (x 81B)
Class com.android.build.gradle.internal.attribution.BuildAnalyzerConfiguratorService  : loaded 2 times (x 72B)
Class com.google.common.collect.Interners$InternerBuilder                             : loaded 2 times (x 72B)
Class org.gradle.internal.classpath.ClassPath                                         : loaded 2 times (x 66B)
Class kotlin.collections.SetsKt                                                       : loaded 2 times (x 67B)
Class kotlin.text.StringsKt__IndentKt                                                 : loaded 2 times (x 67B)
Class org.jetbrains.plugins.gradle.tooling.ModelBuilderService                        : loaded 2 times (x 66B)
Class org.jetbrains.kotlin.idea.gradleTooling.PrepareKotlinIdeaImportTaskModelBuilder$Companion: loaded 2 times (x 67B)
Class [Lcom.amazon.ion.SymbolToken;                                                   : loaded 2 times (x 65B)
Class Settings_gradle$1                                                               : loaded 2 times (x 70B)
Class com.sun.xml.bind.v2.model.nav.Navigator                                         : loaded 2 times (x 66B)
Class com.sun.xml.bind.v2.model.impl.RuntimeAnyTypeImpl                               : loaded 2 times (x 90B)
Class javax.xml.bind.annotation.XmlAccessOrder                                        : loaded 2 times (x 75B)
Class com.sun.xml.bind.v2.runtime.reflect.Lister$CollectionLister                     : loaded 2 times (x 73B)
Class com.android.build.gradle.internal.ide.v2.ConvertersKt$convertResValues$1        : loaded 2 times (x 74B)
Class com.google.common.io.ByteSink                                                   : loaded 2 times (x 72B)
Class com.android.build.gradle.internal.ide.dependencies.ArtifactUtils$resolveArtifacts$projectJarsMap$2: loaded 2 times (x 75B)
Class com.android.build.gradle.internal.lint.AndroidLintTask$SingleVariantCreationAction: loaded 2 times (x 91B)
Class com.google.common.reflect.TypeToken                                             : loaded 2 times (x 69B)
Class com.google.common.collect.NullnessCasts                                         : loaded 2 times (x 67B)
Class kotlin.collections.IntIterator                                                  : loaded 2 times (x 78B)
Class kotlin.text.StringsKt__StringsJVMKt                                             : loaded 2 times (x 67B)
Class jdk.internal.jimage.decompressor.ResourceDecompressor                           : loaded 2 times (x 66B)
Class org.jetbrains.plugins.gradle.tooling.builder.MavenRepositoriesModelBuilder      : loaded 2 times (x 77B)
Class com.intellij.gradle.toolingExtension.impl.model.projectModel.GradleExternalProjectSerializationService$WriteContext: loaded 2 times (x 69B)
Class org.jetbrains.plugins.gradle.tooling.serialization.internal.adapter.InternalBuildIdentifier: loaded 2 times (x 71B)
Class com.amazon.ion.impl.bin._Private_IonManagedBinaryWriterBuilder                  : loaded 2 times (x 68B)
Class com.amazon.ion.impl._Private_IonWriter                                          : loaded 2 times (x 66B)
Class com.amazon.ion.impl._Private_Utils                                              : loaded 2 times (x 67B)
Class kotlin.ranges.IntRange$Companion                                                : loaded 2 times (x 67B)
Class kotlin.text.MatcherMatchResult$groups$1                                         : loaded 2 times (x 147B)
Class kotlin.collections.EmptyMap                                                     : loaded 2 times (x 105B)
Class kotlin.reflect.KAnnotatedElement                                                : loaded 2 times (x 66B)
Class kotlin.jvm.internal.markers.KMutableCollection                                  : loaded 2 times (x 66B)
Class kotlin.coroutines.intrinsics.IntrinsicsKt                                       : loaded 2 times (x 67B)
Class org.gradle.internal.exceptions.MultiCauseException                              : loaded 2 times (x 66B)
Class org.gradle.internal.time.CountdownTimer                                         : loaded 2 times (x 66B)
Class kotlin.jvm.internal.Intrinsics                                                  : loaded 2 times (x 67B)
Class com.google.common.base.Suppliers$NonSerializableMemoizingSupplier               : loaded 2 times (x 75B)
Class com.google.common.io.ByteStreams$LimitedInputStream                             : loaded 2 times (x 88B)
Class [Lcom.android.build.gradle.internal.cxx.configure.NativeModelBuilderOutcome$Outcome;: loaded 2 times (x 65B)
Class com.android.build.gradle.internal.tasks.ProcessJavaResTask_Decorated            : loaded 2 times (x 646B)
Class com.android.ide.common.process.ProcessException                                 : loaded 2 times (x 78B)
Class org.jetbrains.kotlin.gradle.tasks.GradleCompileTaskProvider                     : loaded 2 times (x 68B)
Class javax.xml.bind.annotation.W3CDomHandler                                         : loaded 2 times (x 81B)
Class com.sun.xml.bind.v2.runtime.reflect.TransducedAccessor$IDREFTransducedAccessorImpl: loaded 2 times (x 76B)
Class com.sun.xml.bind.v2.runtime.unmarshaller.WildcardLoader                         : loaded 2 times (x 75B)
Class com.sun.xml.bind.v2.runtime.unmarshaller.XsiTypeLoader                          : loaded 2 times (x 74B)
Class com.sun.xml.bind.v2.runtime.reflect.AdaptedAccessor                             : loaded 2 times (x 81B)
Class com.sun.xml.bind.v2.model.impl.LeafInfoImpl                                     : loaded 2 times (x 98B)
Class com.android.sdklib.repository.generated.addon.v1.LibrariesType                  : loaded 2 times (x 71B)
Class com.android.sdklib.repository.AndroidSdkHandler                                 : loaded 2 times (x 68B)
Class [Lcom.android.sdklib.repository.legacy.remote.internal.DownloadCache$Strategy;  : loaded 2 times (x 65B)
Class com.amazon.ion.impl.bin.IonManagedBinaryWriter$UserState                        : loaded 2 times (x 81B)
Class com.google.android.gms.dependencies.ArtifactDependencyManager                   : loaded 2 times (x 68B)
Class com.android.sdklib.repository.generated.common.v3.IdDisplayType                 : loaded 2 times (x 79B)
Class com.sun.xml.bind.v2.model.impl.RuntimeBuiltinLeafInfoImpl$19                    : loaded 2 times (x 132B)
Class javax.xml.bind.annotation.XmlRegistry                                           : loaded 2 times (x 66B)
Class com.android.repository.impl.meta.Archive$HostConfig                             : loaded 2 times (x 68B)
Class com.sun.xml.bind.v2.runtime.SchemaTypeTransducer                                : loaded 2 times (x 84B)
Class com.sun.xml.bind.v2.runtime.unmarshaller.XmlVisitor$TextPredictor               : loaded 2 times (x 66B)
Class com.google.gson.internal.ConstructorConstructor$9                               : loaded 2 times (x 72B)
Class com.android.build.gradle.internal.tasks.ListingFileRedirectTask_Decorated       : loaded 2 times (x 377B)
Class org.apache.commons.io.IOUtils                                                   : loaded 2 times (x 67B)
Class com.android.build.gradle.internal.attribution.BuildAnalyzerIssueReporter        : loaded 2 times (x 68B)
Class com.google.common.base.ExtraObjectsMethodsForWeb                                : loaded 2 times (x 67B)
Class com.google.common.collect.MapMakerInternalMap$Segment                           : loaded 2 times (x 138B)
Class org.gradle.internal.classpath.DefaultClassPath$ImmutableUniqueList              : loaded 2 times (x 195B)
Class org.gradle.api.internal.ClassPathRegistry                                       : loaded 2 times (x 66B)
Class com.google.common.reflect.Invokable$ConstructorInvokable                        : loaded 2 times (x 103B)
Class kotlin.ranges.ClosedRange                                                       : loaded 2 times (x 66B)
Class com.intellij.gradle.toolingExtension.impl.model.dependencyDownloadPolicyModel.GradleDependencyDownloadPolicyBuilder: loaded 2 times (x 82B)
Class org.jetbrains.plugins.gradle.tooling.serialization.RepositoriesModelSerializationService$ReadContext: loaded 2 times (x 68B)
Class [Lcom.amazon.ion.impl.bin.AbstractIonWriter$WriteValueOptimization;             : loaded 2 times (x 65B)
Class org.gradle.accessors.dm.LibrariesForLibsInPluginsBlock$GooglePluginAccessors    : loaded 2 times (x 70B)
Class com.android.sdklib.repository.generated.repository.v3.ObjectFactory             : loaded 2 times (x 75B)
Class com.sun.xml.bind.v2.model.annotation.Locatable                                  : loaded 2 times (x 66B)
Class com.sun.xml.bind.v2.runtime.AttributeAccessor                                   : loaded 2 times (x 66B)
Class com.sun.xml.bind.WhiteSpaceProcessor                                            : loaded 2 times (x 67B)
Class javax.activation.MimeTypeParseException                                         : loaded 2 times (x 78B)
Class com.sun.xml.bind.v2.model.impl.RuntimeBuiltinLeafInfoImpl$18                    : loaded 2 times (x 132B)
Class com.sun.xml.bind.v2.model.core.PropertyInfo                                     : loaded 2 times (x 66B)
Class com.sun.xml.bind.v2.model.impl.AttributePropertyInfoImpl$1                      : loaded 2 times (x 67B)
Class com.android.build.gradle.internal.scope.ArtifactTypeUtil                        : loaded 2 times (x 67B)
Class com.android.build.gradle.internal.ide.v2.GlobalSyncService$Parameters$Inject    : loaded 2 times (x 102B)
Class org.jetbrains.kotlin.gradle.tasks.KotlinCompile$createCompilerArguments$1$4     : loaded 2 times (x 75B)
Class com.android.build.gradle.internal.lint.LintTaskManager$createLintTasks$7        : loaded 2 times (x 71B)
Class org.apache.commons.io.file.DeleteOption                                         : loaded 2 times (x 66B)
Class com.intellij.gradle.toolingExtension.impl.model.projectModel.GradleExternalProjectSerializationService$ReadContext: loaded 2 times (x 69B)
Class com.intellij.gradle.toolingExtension.impl.model.dependencyModel.DependencyWriteContext: loaded 2 times (x 68B)
Class org.gradle.api.internal.DefaultClassPathRegistry                                : loaded 2 times (x 72B)
Class org.jetbrains.plugins.gradle.tooling.builder.AnnotationProcessingModelBuilder   : loaded 2 times (x 82B)
Class jdk.internal.jrtfs.JrtFileSystem                                                : loaded 2 times (x 98B)
Class kotlin.sequences.SequencesKt__SequencesKt$flatten$1                             : loaded 2 times (x 74B)
Class kotlin.collections.MapsKt                                                       : loaded 2 times (x 67B)
Class kotlin.collections.CollectionsKt__IterablesKt                                   : loaded 2 times (x 67B)
Class kotlin.coroutines.intrinsics.CoroutineSingletons                                : loaded 2 times (x 75B)
Class org.gradle.tooling.model.ProjectModel                                           : loaded 2 times (x 66B)
Class com.google.common.collect.AbstractMapBasedMultimap$RandomAccessWrappedList      : loaded 2 times (x 201B)
Class com.android.build.gradle.internal.ide.dependencies.AdditionalArtifacts          : loaded 2 times (x 68B)
Class org.gradle.tooling.internal.gradle.GradleProjectIdentity                        : loaded 2 times (x 66B)
Class com.android.build.gradle.internal.cxx.configure.NativeModelBuilderOutcome$Builder: loaded 2 times (x 316B)
Class javax.xml.bind.ValidationEventLocator                                           : loaded 2 times (x 66B)
Class com.sun.xml.bind.v2.runtime.ElementBeanInfoImpl$IntercepterLoader               : loaded 2 times (x 77B)
Class com.android.sdklib.repository.generated.repository.v2.PlatformDetailsType       : loaded 2 times (x 114B)
Class [Lcom.sun.xml.bind.v2.model.impl.PropertyInfoImpl;                              : loaded 2 times (x 65B)
Class com.sun.xml.bind.v2.model.annotation.XmlElementDeclQuick                        : loaded 2 times (x 92B)
Class com.android.repository.impl.generated.v2.ChannelRefType                         : loaded 2 times (x 73B)
Class com.android.build.gradle.internal.SdkComponentsBuildService$VersionedSdkLoader$emulatorDirectoryProvider$1: loaded 2 times (x 71B)
Class com.android.repository.impl.downloader.LocalFileAwareDownloader                 : loaded 2 times (x 80B)
Class org.jetbrains.plugins.gradle.tooling.serialization.RepositoriesModelSerializationService: loaded 2 times (x 78B)
Class com.amazon.ion.impl.bin.Symbols                                                 : loaded 2 times (x 67B)
Class com.amazon.ion.IonBufferConfiguration                                           : loaded 2 times (x 69B)
Class com.android.ide.gradle.model.artifacts.AdditionalClassifierArtifactsModel       : loaded 2 times (x 66B)
Class com.android.build.gradle.internal.errors.SyncIssueReporterImpl$GlobalSyncIssueService$Inject: loaded 2 times (x 98B)
Class com.android.repository.impl.meta.Archive$ArchiveFile                            : loaded 2 times (x 75B)
Class com.sun.xml.bind.v2.runtime.BridgeAdapter                                       : loaded 2 times (x 83B)
Class com.sun.xml.bind.v2.runtime.ElementBeanInfoImpl                                 : loaded 2 times (x 85B)
Class com.sun.xml.bind.v2.runtime.BridgeContextImpl                                   : loaded 2 times (x 73B)
Class com.sun.xml.bind.v2.model.impl.RuntimeBuiltinLeafInfoImpl$17                    : loaded 2 times (x 132B)
Class com.sun.xml.bind.v2.runtime.property.PropertyImpl                               : loaded 2 times (x 98B)
Class com.sun.xml.bind.v2.runtime.reflect.Lister$ArrayLister                          : loaded 2 times (x 73B)
Class com.android.build.gradle.tasks.CommandLineArgumentProviderAdapter               : loaded 2 times (x 71B)
Class com.android.build.gradle.internal.res.LinkApplicationAndroidResourcesTask$Companion: loaded 2 times (x 67B)
Class com.android.build.gradle.internal.ide.v2.AndroidArtifactImpl                    : loaded 2 times (x 97B)
Class com.android.build.gradle.internal.ide.v2.NativeModelBuilder$buildAll$1$2        : loaded 2 times (x 75B)
Class org.jetbrains.kotlin.gradle.plugin.KotlinPlatformImplementationPluginBase       : loaded 2 times (x 77B)
Class org.jetbrains.kotlin.cli.common.arguments.CommonToolArguments$Companion         : loaded 2 times (x 67B)
Class org.jetbrains.kotlin.gradle.tasks.KotlinCompile$createCompilerArguments$1$3     : loaded 2 times (x 75B)
Class com.android.build.gradle.internal.lint.LintTaskManager$createLintTasks$6        : loaded 2 times (x 71B)
Class com.google.common.collect.AbstractMapBasedMultimap$WrappedCollection$WrappedIterator: loaded 2 times (x 80B)
Class com.google.common.base.Present                                                  : loaded 2 times (x 77B)
Class com.sun.xml.bind.v2.runtime.IllegalAnnotationsException                         : loaded 2 times (x 82B)
Class com.sun.xml.bind.v2.model.impl.RuntimeBuiltinLeafInfoImpl$16                    : loaded 2 times (x 132B)
Class com.sun.xml.bind.v2.model.impl.AnyTypeImpl                                      : loaded 2 times (x 85B)
Class javax.xml.bind.annotation.XmlTransient                                          : loaded 2 times (x 66B)
Class com.sun.xml.bind.v2.model.impl.ReferencePropertyInfoImpl                        : loaded 2 times (x 123B)
Class com.android.sdklib.repository.generated.addon.v1.MavenType                      : loaded 2 times (x 76B)
Class com.android.build.gradle.internal.ide.v2.TestInfoImpl                           : loaded 2 times (x 74B)
Class com.google.common.io.Files$2                                                    : loaded 2 times (x 72B)
Class org.jetbrains.kotlin.gradle.tasks.KotlinCompile$createCompilerArguments$1$2     : loaded 2 times (x 75B)
Class com.android.build.gradle.internal.lint.LintTaskManager$createLintTasks$5        : loaded 2 times (x 71B)
Class org.apache.commons.io.filefilter.IOFileFilter                                   : loaded 2 times (x 66B)
Class org.jetbrains.plugins.gradle.model.GradleConfiguration                          : loaded 2 times (x 66B)
Class com.amazon.ion.impl.bin.utf8.Utf8StringEncoderPool                              : loaded 2 times (x 70B)
Class com.amazon.ion.impl._Private_IonSystem                                          : loaded 2 times (x 66B)
Class com.amazon.ion.BufferConfiguration$OversizedValueHandler                        : loaded 2 times (x 66B)
Class jdk.internal.jimage.decompressor.CompressedResourceHeader                       : loaded 2 times (x 67B)
Class kotlin.ranges.OpenEndRange                                                      : loaded 2 times (x 66B)
Class kotlin.sequences.SequenceBuilderIterator                                        : loaded 2 times (x 81B)
Class kotlin.KotlinNullPointerException                                               : loaded 2 times (x 79B)
Class com.android.ide.common.repository.AgpVersion$Companion$WhenMappings             : loaded 2 times (x 67B)
Class com.android.build.gradle.internal.scope.InternalArtifactType$LINT_VITAL_INTERMEDIATE_TEXT_REPORT: loaded 2 times (x 70B)
Class com.google.common.io.AppendableWriter                                           : loaded 2 times (x 96B)
Class com.android.build.gradle.internal.ide.v2.ProjectInfoImpl$toKeyComponent$$inlined$sortedBy$1: loaded 2 times (x 85B)
Class kotlin.sequences.DistinctIterator                                               : loaded 2 times (x 79B)
Class com.android.build.gradle.internal.ide.dependencies.ArtifactUtils                : loaded 2 times (x 67B)
Class org.jetbrains.kotlin.gradle.tasks.DefaultKotlinJavaToolchain$javaExecutable$1   : loaded 2 times (x 71B)
Class org.jetbrains.kotlin.build.report.metrics.BuildAttribute                        : loaded 2 times (x 75B)
Class com.android.build.gradle.tasks.JavaCompileOptionsForRoom                        : loaded 2 times (x 71B)
Class com.sun.xml.bind.v2.runtime.property.SingleMapNodeProperty$1                    : loaded 2 times (x 74B)
Class javax.xml.bind.annotation.XmlList                                               : loaded 2 times (x 66B)
Class com.sun.xml.bind.v2.model.core.EnumLeafInfo                                     : loaded 2 times (x 66B)
Class com.android.build.gradle.internal.SupportToolsComponents                        : loaded 2 times (x 68B)
Class com.android.build.gradle.internal.PlatformToolsComponents                       : loaded 2 times (x 68B)
Class jdk.internal.jimage.ImageHeader                                                 : loaded 2 times (x 67B)
Class com.android.repository.io.FileOpUtils                                           : loaded 2 times (x 67B)
Class org.gradle.internal.impldep.com.google.common.collect.PeekingIterator           : loaded 2 times (x 66B)
Class org.jetbrains.plugins.gradle.tooling.builder.IntelliJSettingsBuilder            : loaded 2 times (x 74B)
Class org.gradle.internal.impldep.gnu.trove.TObjectIdentityHashingStrategy            : loaded 2 times (x 74B)
Class org.jetbrains.plugins.gradle.tooling.serialization.ProjectDependenciesSerializationService$ReadContext: loaded 2 times (x 68B)
Class com.android.sdklib.repository.meta.DetailsTypes                                 : loaded 2 times (x 67B)
Class javax.xml.bind.ContextFinder                                                    : loaded 2 times (x 67B)
Class com.sun.xml.bind.v2.model.core.MaybeElement                                     : loaded 2 times (x 66B)
Class com.sun.xml.bind.v2.runtime.AnyTypeBeanInfo                                     : loaded 2 times (x 88B)
Class com.sun.xml.bind.v2.model.impl.RuntimeBuiltinLeafInfoImpl$15                    : loaded 2 times (x 132B)
Class com.sun.xml.bind.v2.model.impl.ClassInfoImpl$SecondaryAnnotation                : loaded 2 times (x 76B)
Class org.jetbrains.kotlin.cli.common.arguments.K2JVMCompilerArguments$Companion      : loaded 2 times (x 67B)
Class org.jetbrains.kotlin.gradle.tasks.KotlinCompile$createCompilerArguments$1$1     : loaded 2 times (x 75B)
Class com.android.build.gradle.internal.lint.LintTaskManager$createLintTasks$4        : loaded 2 times (x 71B)
Class org.apache.commons.io.file.Counters$PathCounters                                : loaded 2 times (x 66B)
Class org.gradle.api.internal.classpath.UnknownModuleException                        : loaded 2 times (x 78B)
Class kotlin.internal.ProgressionUtilKt                                               : loaded 2 times (x 67B)
Class kotlin.io.FileAlreadyExistsException                                            : loaded 2 times (x 78B)
Class com.intellij.openapi.externalSystem.model.project.dependencies.ArtifactDependencyNodeImpl: loaded 2 times (x 91B)
Class com.intellij.openapi.externalSystem.model.project.IExternalSystemSourceType     : loaded 2 times (x 66B)
Class com.google.gms.googleservices.GoogleServicesPlugin$GoogleServicesPluginConfig_Decorated: loaded 2 times (x 117B)
Class com.amazon.ion.impl._Private_IonReaderBuilder$Mutable                           : loaded 2 times (x 91B)
Class com.android.build.gradle.internal.SdkComponentsBuildService$VersionedSdkLoader$sdkLoadStrategy$2: loaded 2 times (x 75B)
Class com.android.sdklib.repository.generated.addon.v1.ObjectFactory                  : loaded 2 times (x 76B)
Class com.android.repository.impl.generated.v2.ChecksumType                           : loaded 2 times (x 78B)
Class com.sun.xml.bind.v2.model.core.RegistryInfo                                     : loaded 2 times (x 66B)
Class com.sun.xml.bind.v2.model.impl.RuntimeBuiltinLeafInfoImpl$14                    : loaded 2 times (x 132B)
Class com.sun.xml.bind.v2.model.impl.RuntimeBuiltinLeafInfoImpl$UUIDImpl              : loaded 2 times (x 132B)
Class com.android.repository.impl.generated.v1.TypeDetails                            : loaded 2 times (x 71B)
Class com.sun.xml.bind.v2.model.nav.ReflectionNavigator$10                            : loaded 2 times (x 73B)
Class com.sun.xml.bind.v2.runtime.reflect.AdaptedLister                               : loaded 2 times (x 73B)
Class com.android.build.gradle.internal.ide.v2.ModelBuilder$BuildTypeSourceSetBuilder : loaded 2 times (x 79B)
Class com.android.build.gradle.internal.dependency.JdkImageTransformKt                : loaded 2 times (x 67B)
Class com.android.build.gradle.tasks.JdkImageInput$jrtFsJar$1                         : loaded 2 times (x 70B)
Class org.jetbrains.kotlin.gradle.report.BuildReportsService$Companion                : loaded 2 times (x 67B)
Class org.jetbrains.kotlin.gradle.tasks.KotlinCompile$ClasspathSnapshotProperties_Decorated: loaded 2 times (x 133B)
Class com.android.build.gradle.internal.ide.v2.InstallationImpl$Companion             : loaded 2 times (x 67B)
Class com.android.build.gradle.internal.ide.v2.AndroidLibraryDataImpl                 : loaded 2 times (x 83B)
Class org.gradle.api.internal.classpath.Module                                        : loaded 2 times (x 66B)
Class kotlin.Function                                                                 : loaded 2 times (x 66B)
Class org.gradle.tooling.internal.gradle.DefaultBuildIdentifier                       : loaded 2 times (x 75B)
Class org.gradle.tooling.internal.adapter.ProtocolToModelAdapter$AdaptingMethodInvoker: loaded 2 times (x 72B)
Class kotlin.collections.SetsKt__SetsJVMKt                                            : loaded 2 times (x 67B)
Class com.amazon.ion.IonDecimal                                                       : loaded 2 times (x 66B)
Class org.jetbrains.plugins.gradle.tooling.util.ObjectCollector                       : loaded 2 times (x 68B)
Class kotlin.sequences.SequencesKt__SequencesKt$flatten$3                             : loaded 2 times (x 74B)
Class kotlin.ranges.RangesKt___RangesKt                                               : loaded 2 times (x 67B)
Class org.gradle.tooling.model.idea.IdeaLanguageLevel                                 : loaded 2 times (x 66B)
Class org.gradle.tooling.internal.adapter.ProtocolToModelAdapter$SafeMethodInvoker    : loaded 2 times (x 72B)
Class org.gradle.tooling.internal.adapter.WeakIdentityHashMap$WeakKey                 : loaded 2 times (x 75B)
Class org.gradle.internal.exceptions.DefaultMultiCauseException                       : loaded 2 times (x 91B)
Class com.google.common.reflect.Types$JavaVersion$1                                   : loaded 2 times (x 79B)
Class com.amazon.ion.impl.bin._Private_IonManagedBinaryWriterBuilder$AllocatorMode    : loaded 2 times (x 76B)
Class com.android.build.gradle.internal.component.TestVariantCreationConfig           : loaded 2 times (x 66B)
Class org.jetbrains.kotlin.gradle.tasks.internal.KotlinJvmOptionsCompat               : loaded 2 times (x 99B)
Class org.jetbrains.kotlin.cli.common.arguments.CommonToolArguments                   : loaded 2 times (x 69B)
Class com.android.sdklib.repository.targets.PlatformTarget                            : loaded 2 times (x 125B)
Class javax.xml.bind.helpers.AbstractUnmarshallerImpl                                 : loaded 2 times (x 126B)
Class com.sun.xml.bind.v2.runtime.property.SingleMapNodeProperty$2                    : loaded 2 times (x 74B)
Class com.android.repository.impl.meta.Archive$PatchType                              : loaded 2 times (x 77B)
Class com.sun.xml.bind.v2.model.core.ValuePropertyInfo                                : loaded 2 times (x 66B)
Class com.sun.xml.bind.v2.runtime.RuntimeUtil                                         : loaded 2 times (x 67B)
Class com.android.sdklib.repository.meta.DetailsTypes$SysImgDetailsType               : loaded 2 times (x 66B)
Class com.amazon.ion.impl._Private_SymbolToken                                        : loaded 2 times (x 66B)
Class com.amazon.ion.impl.bin.IonManagedBinaryWriter$SymbolResolver                   : loaded 2 times (x 66B)
Class com.amazon.ion.impl._Private_IonReaderBuilder$TwoElementSequenceInputStream     : loaded 2 times (x 88B)
Class com.android.build.gradle.internal.SdkLibDataFactory$getSettingsController$1     : loaded 2 times (x 74B)
Class com.sun.xml.bind.v2.runtime.LeafBeanInfoImpl                                    : loaded 2 times (x 85B)
Class com.sun.xml.bind.v2.model.impl.ModelBuilderI                                    : loaded 2 times (x 66B)
Class com.sun.xml.bind.v2.model.impl.RuntimeBuiltinLeafInfoImpl$13                    : loaded 2 times (x 133B)
Class com.sun.xml.bind.v2.model.annotation.XmlElementQuick                            : loaded 2 times (x 92B)
Class com.sun.xml.bind.v2.model.impl.ClassInfoImpl$ConflictException                  : loaded 2 times (x 78B)
Class javax.xml.bind.annotation.XmlElements                                           : loaded 2 times (x 66B)
Class [Lcom.sun.xml.bind.v2.runtime.property.AttributeProperty;                       : loaded 2 times (x 65B)
Class com.sun.xml.bind.v2.runtime.property.ArrayReferenceNodeProperty                 : loaded 2 times (x 100B)
Class com.sun.xml.bind.v2.runtime.unmarshaller.LeafPropertyXsiLoader                  : loaded 2 times (x 74B)
Class com.android.build.gradle.internal.core.dsl.impl.ComponentDslInfoImpl$computeApplicationIdSuffix$2: loaded 2 times (x 74B)
Class org.jetbrains.kotlin.gradle.plugin.KotlinPlatformCommonPlugin                   : loaded 2 times (x 73B)
Class org.apache.commons.io.output.NullOutputStream                                   : loaded 2 times (x 81B)
Class com.android.buildanalyzer.common.AndroidGradlePluginAttributionData$BuildInfo   : loaded 2 times (x 68B)
Class org.gradle.internal.time.DefaultCountdownTimer                                  : loaded 2 times (x 84B)
Class kotlin.Result$Failure                                                           : loaded 2 times (x 68B)
Class kotlin.collections.ArraysKt__ArraysKt                                           : loaded 2 times (x 67B)
Class org.jetbrains.kotlin.idea.gradleTooling.MultiplatformModelImportingChecker      : loaded 2 times (x 66B)
Class org.jetbrains.plugins.gradle.model.ExternalTask                                 : loaded 2 times (x 66B)
Class com.amazon.ion.ValueFactory                                                     : loaded 2 times (x 66B)
Class [Lcom.amazon.ion.impl.bin.IonManagedBinaryWriter$ImportedSymbolResolverMode;    : loaded 2 times (x 65B)
Class com.amazon.ion.impl.IonWriterSystemText                                         : loaded 2 times (x 186B)
Class com.amazon.ion.impl.lite.IonContext                                             : loaded 2 times (x 66B)
Class com.amazon.ion.impl.lite.IonLoaderLite                                          : loaded 2 times (x 78B)
Class com.amazon.ion.impl.bin.utf8.Utf8StringEncoderPool$1                            : loaded 2 times (x 72B)
Class com.android.sdklib.repository.meta.RepoFactory                                  : loaded 2 times (x 70B)
Class com.sun.xml.bind.v2.model.annotation.AbstractInlineAnnotationReaderImpl         : loaded 2 times (x 100B)
Class com.sun.xml.bind.v2.model.impl.ElementInfoImpl                                  : loaded 2 times (x 105B)
Class com.sun.xml.bind.v2.model.impl.RuntimeBuiltinLeafInfoImpl$PcdataImpl            : loaded 2 times (x 130B)
Class com.sun.xml.bind.v2.model.impl.RuntimeBuiltinLeafInfoImpl$12                    : loaded 2 times (x 132B)
Class com.sun.xml.bind.v2.util.ByteArrayOutputStreamEx                                : loaded 2 times (x 90B)
Class com.sun.xml.bind.api.impl.NameUtil                                              : loaded 2 times (x 76B)
Class com.sun.xml.bind.v2.runtime.property.ArrayElementProperty                       : loaded 2 times (x 101B)
Class com.android.build.gradle.internal.ide.v2.SourceProviderImpl                     : loaded 2 times (x 84B)
Class com.android.build.gradle.internal.ide.v2.BasicAndroidProjectImpl$Companion      : loaded 2 times (x 67B)
Class org.jetbrains.kotlin.build.report.metrics.BuildAttributeKind$Companion          : loaded 2 times (x 67B)
Class org.jetbrains.kotlin.gradle.tasks.UsesKotlinJavaToolchain$DefaultImpls          : loaded 2 times (x 67B)
Class com.android.build.gradle.internal.tasks.ProcessJavaResTaskKt$getProjectJavaRes$3$3: loaded 2 times (x 71B)
Class com.android.build.gradle.internal.ide.dependencies.LibraryCacheImpl$getProjectInfo$1: loaded 2 times (x 75B)
Class org.apache.commons.io.file.CountingPathVisitor                                  : loaded 2 times (x 87B)
Class com.google.common.reflect.Reflection                                            : loaded 2 times (x 67B)
Class com.amazon.ion.impl.bin.IonRawBinaryWriter$StreamCloseMode                      : loaded 2 times (x 75B)
Class com.amazon.ion.impl._Private_IonBinaryWriterBuilder$Mutable                     : loaded 2 times (x 105B)
Class com.intellij.gradle.toolingExtension.impl.model.projectModel.GradleExternalProjectSerializationService: loaded 2 times (x 73B)
Class kotlin.text.CharsKt__CharKt                                                     : loaded 2 times (x 67B)
Class kotlin.collections.ArraysKt                                                     : loaded 2 times (x 67B)
Class kotlin.collections.ArrayDeque$Companion                                         : loaded 2 times (x 67B)
Class org.gradle.tooling.model.HierarchicalElement                                    : loaded 2 times (x 66B)
Class com.google.common.reflect.Types$JavaVersion$2                                   : loaded 2 times (x 79B)
Class com.google.common.reflect.Types                                                 : loaded 2 times (x 67B)
Class org.gradle.tooling.internal.adapter.ProtocolToModelAdapter$PropertyCachingMethodInvoker: loaded 2 times (x 72B)
Class [Lorg.apache.commons.io.file.DeleteOption;                                      : loaded 2 times (x 65B)
Class com.google.common.io.CharSink                                                   : loaded 2 times (x 75B)
Class kotlin.ResultKt                                                                 : loaded 2 times (x 67B)
Class com.google.common.collect.NullsFirstOrdering                                    : loaded 2 times (x 111B)
Class com.sun.xml.bind.v2.runtime.unmarshaller.ChildLoader                            : loaded 2 times (x 68B)
Class javax.xml.bind.JAXBElement$GlobalScope                                          : loaded 2 times (x 67B)
Class com.sun.xml.bind.v2.runtime.property.ValueProperty                              : loaded 2 times (x 98B)
Class javax.xml.bind.annotation.XmlSchemaTypes                                        : loaded 2 times (x 66B)
Class javax.xml.bind.annotation.XmlIDREF                                              : loaded 2 times (x 66B)
Class com.android.sdklib.repository.generated.repository.v1.SourceDetailsType         : loaded 2 times (x 108B)
Class javax.xml.bind.annotation.XmlElement                                            : loaded 2 times (x 66B)
Class com.sun.xml.bind.v2.model.runtime.RuntimeLeafInfo                               : loaded 2 times (x 66B)
Class com.android.repository.impl.meta.RepoPackageImpl$UsesLicense                    : loaded 2 times (x 69B)
Class org.gradle.internal.impldep.com.google.common.collect.Iterators$ArrayItr        : loaded 2 times (x 93B)
Class com.amazon.ion.impl.bin.Block                                                   : loaded 2 times (x 75B)
Class com.android.build.gradle.internal.PlatformComponents$Companion                  : loaded 2 times (x 67B)
Class com.android.repository.api.Checksum                                             : loaded 2 times (x 76B)
Class javax.xml.bind.GetPropertyAction                                                : loaded 2 times (x 71B)
Class com.sun.xml.bind.v2.model.core.ElementInfo                                      : loaded 2 times (x 66B)
Class com.sun.xml.bind.v2.model.runtime.RuntimeEnumLeafInfo                           : loaded 2 times (x 66B)
Class com.sun.xml.bind.v2.model.impl.RuntimeBuiltinLeafInfoImpl$11                    : loaded 2 times (x 132B)
Class com.android.repository.impl.generated.generic.v2.GenericDetailsType             : loaded 2 times (x 72B)
Class [Lcom.sun.xml.bind.v2.runtime.unmarshaller.Scope;                               : loaded 2 times (x 65B)
Class com.android.repository.impl.meta.SchemaModuleUtil$NamespaceFallbackFilter       : loaded 2 times (x 149B)
Class org.jetbrains.kotlin.buildtools.api.KotlinLogger                                : loaded 2 times (x 66B)
Class com.android.build.gradle.internal.tasks.ProcessJavaResTaskKt$getProjectJavaRes$3$2: loaded 2 times (x 70B)
Class com.android.build.gradle.internal.cxx.configure.NativeModelBuilderOutcome$Outcome$1: loaded 2 times (x 72B)
Class com.android.build.gradle.internal.lint.AndroidLintTask$SingleVariantCreationAction$Companion$registerLintReportArtifacts$4: loaded 2 times (x 123B)
Class com.android.ide.common.repository.AgpVersion                                    : loaded 2 times (x 71B)
Class org.gradle.api.internal.classpath.DefaultModuleRegistry$DefaultModule           : loaded 2 times (x 82B)
Class org.gradle.tooling.internal.adapter.ProtocolToModelAdapter$ViewKey              : loaded 2 times (x 68B)
Class jdk.internal.jimage.ImageBufferCache$2                                          : loaded 2 times (x 87B)
Class org.jetbrains.kotlin.idea.gradleTooling.KotlinMPPGradleModelBuilder$Companion   : loaded 2 times (x 67B)
Class com.intellij.gradle.toolingExtension.impl.model.projectModel.GradleExternalProjectModelBuilder: loaded 2 times (x 82B)
Class com.amazon.ion.impl.lite.IonStringLite                                          : loaded 2 times (x 208B)
Class com.amazon.ion.impl.bin.PooledBlockAllocatorProvider$PooledBlockAllocator$1     : loaded 2 times (x 75B)
Class com.android.repository.api.ProgressIndicator                                    : loaded 2 times (x 66B)
Class com.sun.xml.bind.v2.runtime.BridgeImpl                                          : loaded 2 times (x 83B)
Class com.sun.xml.bind.v2.model.impl.RuntimeBuiltinLeafInfoImpl$9                     : loaded 2 times (x 132B)
Class com.sun.xml.bind.v2.model.impl.RuntimeBuiltinLeafInfoImpl$10                    : loaded 2 times (x 132B)
Class com.sun.xml.bind.v2.model.annotation.XmlSchemaTypeQuick                         : loaded 2 times (x 89B)
Class javax.xml.bind.annotation.XmlSchemaType$DEFAULT                                 : loaded 2 times (x 67B)
Class org.jetbrains.kotlin.gradle.tasks.configuration.AbstractKotlinCompileConfig$2$6 : loaded 2 times (x 71B)
Class com.android.build.gradle.internal.tasks.ProcessJavaResTaskKt$getProjectJavaRes$3$1: loaded 2 times (x 70B)
Class com.android.build.gradle.internal.ide.v2.InstallationImpl                       : loaded 2 times (x 72B)
Class com.android.build.gradle.internal.ide.v2.AndroidDslImpl                         : loaded 2 times (x 82B)
Class com.android.build.gradle.internal.lint.AndroidLintTask$SingleVariantCreationAction$Companion$registerLintReportArtifacts$3: loaded 2 times (x 123B)
Class com.android.build.gradle.internal.scope.InternalArtifactType$LINT_VITAL_RETURN_VALUE: loaded 2 times (x 70B)
Class com.google.common.base.Objects                                                  : loaded 2 times (x 67B)
Class org.gradle.internal.classloader.ClasspathUtil$1                                 : loaded 2 times (x 72B)
Class org.gradle.internal.time.DefaultTimer                                           : loaded 2 times (x 76B)
Class kotlin.collections.EmptyList                                                    : loaded 2 times (x 170B)
Class kotlin.collections.MapsKt__MapsJVMKt                                            : loaded 2 times (x 67B)
Class kotlin.collections.ArraysKt___ArraysKt$asSequence$$inlined$Sequence$1           : loaded 2 times (x 71B)
Class jdk.internal.jimage.ImageBufferCache$1                                          : loaded 2 times (x 79B)
Class org.gradle.internal.impldep.gnu.trove.TObjectCanonicalHashingStrategy           : loaded 2 times (x 76B)
Class com.android.build.gradle.internal.SdkComponentsBuildService$VersionedSdkLoader$targetBootClasspathProvider$1: loaded 2 times (x 71B)
Class com.android.sdklib.repository.generated.repository.v2.ObjectFactory             : loaded 2 times (x 75B)
Class com.sun.istack.FinalArrayList                                                   : loaded 2 times (x 205B)
Class com.android.ide.gradle.model.builder.LegacyAndroidGradlePluginPropertiesModelBuilder$Companion$maybeRegister$1: loaded 2 times (x 75B)
Class com.android.ide.gradle.model.builder.LegacyAndroidGradlePluginPropertiesModelBuilder$Companion: loaded 2 times (x 67B)
Class com.amazon.ion.impl.bin.IonRawBinaryWriter$PatchPoint                           : loaded 2 times (x 67B)
Class com.amazon.ion.IonBlob                                                          : loaded 2 times (x 66B)
Class com.amazon.ion.IonLob                                                           : loaded 2 times (x 66B)
Class com.amazon.ion.IonSequence                                                      : loaded 2 times (x 66B)
Class org.jetbrains.plugins.gradle.tooling.serialization.ExternalTestsSerializationService: loaded 2 times (x 73B)
Class com.google.common.collect.ByFunctionOrdering                                    : loaded 2 times (x 111B)
Class kotlin.collections.SetsKt__SetsKt                                               : loaded 2 times (x 67B)
Class kotlin.coroutines.EmptyCoroutineContext                                         : loaded 2 times (x 73B)
Class org.gradle.internal.time.Time                                                   : loaded 2 times (x 67B)
Class com.google.common.reflect.Types$JavaVersion$3                                   : loaded 2 times (x 79B)
Class com.android.ide.common.repository.AgpVersion$PreviewKind                        : loaded 2 times (x 75B)
Class com.google.common.collect.MapMakerInternalMap$InternalEntryHelper               : loaded 2 times (x 66B)
Class com.google.common.collect.Maps$IteratorBasedAbstractMap                         : loaded 2 times (x 121B)
Class com.sun.xml.bind.api.ErrorListener                                              : loaded 2 times (x 66B)
Class com.google.common.collect.Table                                                 : loaded 2 times (x 66B)
Class com.android.build.gradle.internal.lint.LintTaskManager$createLintTasks$3$1      : loaded 2 times (x 71B)
Class com.android.build.gradle.internal.scope.InternalArtifactType$LINT_RETURN_VALUE  : loaded 2 times (x 70B)
Class com.android.build.gradle.internal.ide.v2.LibraryImpl$Companion                  : loaded 2 times (x 67B)
Class com.android.build.api.attributes.ProductFlavorAttr$Companion                    : loaded 2 times (x 67B)
Class org.jetbrains.kotlin.gradle.tasks.configuration.AbstractKotlinCompileConfig$2$2$1: loaded 2 times (x 71B)
Class org.jetbrains.kotlin.build.report.metrics.BuildAttributes$Companion             : loaded 2 times (x 67B)
Class com.sun.xml.bind.v2.runtime.property.TagAndType                                 : loaded 2 times (x 68B)
Class com.android.repository.impl.generated.v2.PatchesType                            : loaded 2 times (x 71B)
Class com.android.repository.impl.generated.v1.DependencyType                         : loaded 2 times (x 77B)
Class com.android.repository.api.LocalPackage                                         : loaded 2 times (x 66B)
Class javax.xml.bind.annotation.XmlSchema                                             : loaded 2 times (x 66B)
Class com.android.builder.sdk.LicenceNotAcceptedException                             : loaded 2 times (x 78B)
Class com.android.build.gradle.internal.ide.v2.VersionsImpl                           : loaded 2 times (x 72B)
Class com.sun.xml.bind.v2.model.impl.RuntimeBuiltinLeafInfoImpl$8                     : loaded 2 times (x 132B)
Class com.android.build.gradle.internal.scope.BootClasspathBuilder$computeAdditionalAndRequestedOptionalLibraries$4$1: loaded 2 times (x 75B)
Class org.jetbrains.kotlin.gradle.tasks.configuration.AbstractKotlinCompileConfig$2$5 : loaded 2 times (x 71B)
Class com.android.buildanalyzer.common.TaskCategoryIssue                              : loaded 2 times (x 75B)
Class com.android.build.gradle.internal.lint.AndroidLintTask$SingleVariantCreationAction$Companion$registerLintReportArtifacts$2: loaded 2 times (x 123B)
Class org.gradle.internal.InternalTransformer                                         : loaded 2 times (x 66B)
Class org.gradle.tooling.internal.adapter.ProtocolToModelAdapter                      : loaded 2 times (x 76B)
Class com.intellij.gradle.toolingExtension.impl.model.buildScriptClasspathModel.GradleBuildScriptClasspathSerializationService$WriteContext: loaded 2 times (x 68B)
Class com.amazon.ion.IonMutableCatalog                                                : loaded 2 times (x 66B)
Class com.amazon.ion.impl._Private_IonReaderBuilder                                   : loaded 2 times (x 91B)
Class com.amazon.ion.impl._Private_RecyclingStack                                     : loaded 2 times (x 68B)
Class org.jetbrains.plugins.gradle.ExternalDependencyId                               : loaded 2 times (x 66B)
Class com.android.build.gradle.internal.ide.v2.VersionImpl$Companion                  : loaded 2 times (x 67B)
Class com.android.sdklib.repository.generated.repository.v3.LayoutlibType             : loaded 2 times (x 70B)
Class com.sun.xml.bind.v2.model.runtime.RuntimeClassInfo                              : loaded 2 times (x 66B)
Class com.sun.xml.bind.v2.model.impl.RuntimeBuiltinLeafInfoImpl$7                     : loaded 2 times (x 132B)
Class com.sun.xml.bind.api.impl.NameConverter$2                                       : loaded 2 times (x 89B)
Class com.sun.xml.bind.v2.runtime.unmarshaller.Loader                                 : loaded 2 times (x 73B)
Class com.sun.xml.bind.v2.runtime.reflect.PrimitiveArrayListerDouble                  : loaded 2 times (x 72B)
Class com.android.sdklib.repository.targets.PlatformTarget$Library                    : loaded 2 times (x 68B)
Class org.jetbrains.kotlin.build.report.metrics.BuildAttribute$Companion              : loaded 2 times (x 67B)
Class org.jetbrains.kotlin.gradle.tasks.KotlinCompile$scriptSources$1                 : loaded 2 times (x 71B)
Class org.jetbrains.kotlin.gradle.tasks.configuration.AbstractKotlinCompileConfig$2$4 : loaded 2 times (x 71B)
Class com.android.build.gradle.internal.cxx.configure.NativeModelBuilderOutcome       : loaded 2 times (x 217B)
Class com.android.build.gradle.internal.ide.dependencies.ResolvedArtifact$DependencyType: loaded 2 times (x 75B)
Class com.android.build.gradle.internal.lint.AndroidLintTask$SingleVariantCreationAction$Companion$registerLintReportArtifacts$1: loaded 2 times (x 123B)
Class com.android.build.gradle.internal.lint.AndroidLintTask$LintVitalCreationAction  : loaded 2 times (x 91B)
Class com.google.common.collect.ImmutableSortedSetFauxverideShim                      : loaded 2 times (x 143B)
Class com.google.common.collect.ExplicitOrdering                                      : loaded 2 times (x 111B)
Class jdk.internal.jrtfs.JrtDirectoryStream$1                                         : loaded 2 times (x 79B)
Class jdk.internal.jimage.ImageLocation                                               : loaded 2 times (x 86B)
Class org.gradle.internal.impldep.gnu.trove.Equality                                  : loaded 2 times (x 66B)
Class com.amazon.ion.impl.bin._Private_IonManagedBinaryWriterBuilder$AllocatorMode$2  : loaded 2 times (x 76B)
Class com.amazon.ion.impl._Private_IonTextWriterBuilder                               : loaded 2 times (x 97B)
Class com.amazon.ion.impl.lite.IonFloatLite                                           : loaded 2 times (x 182B)
Class com.android.ide.gradle.model.ArtifactIdentifierImpl                             : loaded 2 times (x 73B)
Class com.android.build.gradle.internal.errors.SyncIssueReporterImpl$GlobalSyncIssueService$Parameters$Inject: loaded 2 times (x 104B)
Class com.android.sdklib.repository.generated.repository.v2.package-info              : loaded 2 times (x 66B)
Class com.android.repository.impl.generated.v1.ChannelType                            : loaded 2 times (x 79B)
Class com.sun.xml.bind.v2.model.impl.RuntimeBuiltinLeafInfoImpl$6                     : loaded 2 times (x 132B)
Class com.sun.xml.bind.api.impl.NameConverter$1                                       : loaded 2 times (x 89B)
Class com.android.repository.impl.generated.v2.TypeDetails                            : loaded 2 times (x 71B)
Class com.sun.xml.bind.v2.runtime.property.SingleElementNodeProperty                  : loaded 2 times (x 98B)
Class org.jetbrains.kotlin.gradle.tasks.configuration.AbstractKotlinCompileConfig$2$3 : loaded 2 times (x 71B)
Class com.android.build.gradle.internal.tasks.PrepareLintJarForPublishKt$getPublishedCustomLintChecks$attributes$1: loaded 2 times (x 70B)
Class com.google.common.io.ByteSink$AsCharSink                                        : loaded 2 times (x 76B)
Class org.jetbrains.kotlin.incremental.CompilerRunnerUtils                            : loaded 2 times (x 67B)
Class com.android.ide.gradle.model.builder.LegacyAndroidGradlePluginPropertiesModelBuilder$Companion$maybeRegister$2: loaded 2 times (x 75B)
Class com.amazon.ion.system.IonTextWriterBuilder                                      : loaded 2 times (x 93B)
Class com.amazon.ion.impl.bin.IonManagedBinaryWriter$ImportedSymbolResolverMode$1$1$1 : loaded 2 times (x 72B)
Class com.amazon.ion.impl._Private_LocalSymbolTableFactory                            : loaded 2 times (x 66B)
Class org.jetbrains.plugins.gradle.tooling.serialization.AnnotationProcessingModelSerializationService: loaded 2 times (x 73B)
Class org.jetbrains.plugins.gradle.tooling.builder.JarTaskManifestModelBuilder        : loaded 2 times (x 82B)
Class org.jetbrains.kotlin.idea.gradleTooling.model.parcelize.ParcelizeModelBuilderService: loaded 2 times (x 77B)
Class JetGradlePlugin                                                                 : loaded 2 times (x 92B)
Class kotlin.collections.ArraysKt__ArraysJVMKt                                        : loaded 2 times (x 67B)
Class com.google.common.reflect.Types$JavaVersion$4                                   : loaded 2 times (x 79B)
Class org.jetbrains.kotlin.tooling.core.KotlinToolingVersion                          : loaded 2 times (x 71B)
Class com.android.build.gradle.internal.ide.dependencies.LocalJarCacheImpl$cache$1$create$$inlined$sortedBy$1: loaded 2 times (x 85B)
Class com.android.build.gradle.internal.ide.v2.ProjectInfoImpl$toKeyComponent$2       : loaded 2 times (x 74B)
Class com.android.build.gradle.internal.ide.v2.JavaArtifactImpl                       : loaded 2 times (x 82B)
Class com.sun.istack.SAXParseException2                                               : loaded 2 times (x 84B)
Class com.sun.xml.bind.v2.runtime.unmarshaller.DomLoader                              : loaded 2 times (x 74B)
Class com.sun.xml.bind.v2.runtime.ValueListBeanInfoImpl                               : loaded 2 times (x 85B)
Class com.android.repository.impl.meta.RepoPackageImpl$Dependencies                   : loaded 2 times (x 68B)
Class com.android.build.gradle.internal.SdkComponentsBuildService$VersionedSdkLoader$optionalLibrariesProvider$1: loaded 2 times (x 71B)
Class com.android.build.gradle.internal.scope.InternalArtifactType$LINT_HTML_REPORT   : loaded 2 times (x 70B)
Class org.gradle.tooling.internal.adapter.CollectionMapper                            : loaded 2 times (x 69B)
Class org.gradle.tooling.model.kotlin.dsl.KotlinDslScriptModel                        : loaded 2 times (x 66B)
Class kotlin.text.CharsKt                                                             : loaded 2 times (x 67B)
Class kotlin.collections.AbstractIterator                                             : loaded 2 times (x 79B)
Class org.jetbrains.plugins.gradle.tooling.builder.ProjectExtensionsDataBuilderImpl   : loaded 2 times (x 74B)
Class org.jetbrains.plugins.gradle.tooling.serialization.ProjectDependenciesSerializationService: loaded 2 times (x 73B)
Class org.jetbrains.plugins.gradle.tooling.serialization.ProjectDependenciesSerializationService$WriteContext: loaded 2 times (x 68B)
Class com.amazon.ion.impl.bin._Private_IonManagedBinaryWriterBuilder$AllocatorMode$1  : loaded 2 times (x 76B)
Class com.amazon.ion.Decimal                                                          : loaded 2 times (x 129B)
Class com.amazon.ion.impl.bin.AbstractSymbolTable                                     : loaded 2 times (x 103B)
Class com.amazon.ion.impl._Private_ReaderWriter                                       : loaded 2 times (x 66B)
Class com.amazon.ion.impl.lite.IonStructLite                                          : loaded 2 times (x 294B)
Class com.android.sdklib.repository.generated.sysimg.v3.package-info                  : loaded 2 times (x 66B)
Class com.android.sdklib.repository.generated.common.v2.IdDisplayType                 : loaded 2 times (x 79B)
Class com.sun.xml.bind.v2.model.impl.RuntimeBuiltinLeafInfoImpl$5                     : loaded 2 times (x 132B)
Class com.sun.xml.bind.v2.model.impl.GetterSetterPropertySeed                         : loaded 2 times (x 86B)
Class com.sun.xml.bind.v2.runtime.property.ArrayERProperty$ItemsLoader                : loaded 2 times (x 74B)
Class com.sun.xml.bind.v2.runtime.ElementBeanInfoImpl$1                               : loaded 2 times (x 102B)
Class com.sun.xml.bind.v2.runtime.unmarshaller.UnmarshallingContext$ExpectedTypeRootLoader: loaded 2 times (x 76B)
Class com.sun.xml.bind.v2.runtime.unmarshaller.UnmarshallingContext$State             : loaded 2 times (x 68B)
Class com.android.build.gradle.internal.ide.v2.ModelBuilder$DefaultSourceSetContainerBuilder: loaded 2 times (x 79B)
Class org.jetbrains.kotlin.build.report.metrics.BuildTimes$Companion                  : loaded 2 times (x 67B)
Class com.android.build.gradle.internal.ide.v2.ModelBuilder$inspectManifestForInstantTag$1: loaded 2 times (x 70B)
Class com.android.build.gradle.internal.ide.v2.AndroidProjectImpl                     : loaded 2 times (x 82B)
Class [Lcom.android.build.gradle.internal.ide.dependencies.ResolvedArtifact$DependencyType;: loaded 2 times (x 65B)
Class com.android.build.gradle.internal.DependencyResolutionChecks$registerDependencyCheck$4: loaded 2 times (x 71B)
Class com.android.build.gradle.internal.attribution.BuildAnalyzerService              : loaded 2 times (x 80B)
Class com.android.build.gradle.internal.attribution.BuildAnalyzerService$Companion    : loaded 2 times (x 67B)
Class com.google.common.base.Optional                                                 : loaded 2 times (x 76B)
Class kotlin.reflect.KCallable                                                        : loaded 2 times (x 66B)
Class kotlin.io.FilesKt__FilePathComponentsKt                                         : loaded 2 times (x 67B)
Class kotlin.io.TerminateException                                                    : loaded 2 times (x 78B)
Class org.gradle.internal.impldep.gnu.trove.THash                                     : loaded 2 times (x 77B)
Class org.jetbrains.plugins.gradle.tooling.serialization.AnnotationProcessingModelSerializationService$WriteContext: loaded 2 times (x 68B)
Class com.amazon.ion.IonSymbol                                                        : loaded 2 times (x 66B)
Class com.amazon.ion.impl.bin.utf8.Poolable                                           : loaded 2 times (x 75B)
Class org.jetbrains.kotlin.gradle.plugin.statistics.JMXKotlinBuildStatsService$report$3: loaded 2 times (x 75B)
Class [Ljavax.xml.bind.annotation.XmlNsForm;                                          : loaded 2 times (x 65B)
Class com.android.repository.impl.generated.v1.CompleteType                           : loaded 2 times (x 79B)
Class com.sun.xml.bind.v2.model.runtime.RuntimeNonElement                             : loaded 2 times (x 66B)
Class com.sun.xml.bind.v2.runtime.ClassBeanInfoImpl                                   : loaded 2 times (x 88B)
Class javax.xml.bind.Marshaller                                                       : loaded 2 times (x 66B)
Class com.sun.xml.bind.v2.model.core.ErrorHandler                                     : loaded 2 times (x 66B)
Class com.sun.xml.bind.v2.model.impl.RuntimeBuiltinLeafInfoImpl$4                     : loaded 2 times (x 132B)
Class com.sun.xml.bind.v2.model.runtime.RuntimeAttributePropertyInfo                  : loaded 2 times (x 66B)
Class com.android.ide.gradle.model.builder.LegacyAndroidGradlePluginPropertiesModelBuilder$Companion$maybeRegister$3: loaded 2 times (x 75B)
Class com.amazon.ion.impl.lite.IonNullLite                                            : loaded 2 times (x 171B)
Class [Lcom.intellij.openapi.externalSystem.model.project.dependencies.ResolutionState;: loaded 2 times (x 65B)
Class org.gradle.internal.impldep.gnu.trove.TObjectHash                               : loaded 2 times (x 90B)
Class com.android.build.gradle.tasks.JdkImageInput                                    : loaded 2 times (x 71B)
Class org.jetbrains.kotlin.idea.gradleTooling.OrphanSourceSetImportingChecker         : loaded 2 times (x 70B)
Class kotlin.text.StringsKt__StringBuilderKt                                          : loaded 2 times (x 67B)
Class kotlin.jvm.internal.CallableReference$NoReceiver                                : loaded 2 times (x 67B)
Class com.google.common.reflect.Types$JavaVersion$5                                   : loaded 2 times (x 67B)
Class [Lcom.google.common.reflect.Types$ClassOwnership;                               : loaded 2 times (x 65B)
Class org.gradle.api.internal.classpath.GlobalCacheRootsProvider                      : loaded 2 times (x 66B)
Class com.google.common.collect.CollectCollectors                                     : loaded 2 times (x 67B)
Class com.android.build.gradle.internal.attribution.BuildAnalyzerService$Parameters$Inject: loaded 2 times (x 114B)
Class com.android.build.gradle.internal.ide.v2.GraphItemImpl$Companion                : loaded 2 times (x 67B)
Class org.jetbrains.kotlin.gradle.internal.StdlibDependencyManagementKt$WhenMappings  : loaded 2 times (x 67B)
Class org.jetbrains.kotlin.gradle.dsl.KotlinCommonOptions$DefaultImpls                : loaded 2 times (x 67B)
Class com.sun.xml.bind.v2.runtime.reflect.TransducedAccessor$CompositeTransducedAccessorImpl: loaded 2 times (x 75B)
Class com.sun.xml.bind.v2.runtime.unmarshaller.XsiNilLoader$Single                    : loaded 2 times (x 76B)
Class com.android.repository.impl.meta.TrimStringAdapter                              : loaded 2 times (x 71B)
Class javax.xml.bind.annotation.XmlSchemaType                                         : loaded 2 times (x 66B)
Class com.sun.xml.bind.v2.model.impl.RuntimeBuiltinLeafInfoImpl                       : loaded 2 times (x 129B)
Class com.sun.xml.bind.v2.model.impl.BuiltinLeafInfoImpl                              : loaded 2 times (x 101B)
Class com.android.build.gradle.internal.scope.InternalArtifactType$BUILT_IN_KAPT_CLASSES_DIR: loaded 2 times (x 70B)
Class org.jetbrains.kotlin.gradle.tasks.DefaultKotlinJavaToolchain_Decorated          : loaded 2 times (x 122B)
Class org.jetbrains.kotlin.gradle.tasks.configuration.AbstractKotlinCompileConfig$2$1 : loaded 2 times (x 75B)
Class com.android.build.gradle.internal.ide.v2.JavaCompileOptionsImpl                 : loaded 2 times (x 74B)
Class com.android.build.gradle.internal.ide.v2.ModelBuilder$buildProjectGraphModel$1  : loaded 2 times (x 75B)
Class com.android.build.gradle.internal.DependencyResolutionChecks$registerDependencyCheck$3: loaded 2 times (x 71B)
Class com.android.build.gradle.internal.scope.InternalArtifactType$LINT_INTERMEDIATE_TEXT_REPORT: loaded 2 times (x 70B)
Class com.google.common.reflect.TypeToken$SimpleTypeToken                             : loaded 2 times (x 69B)
Class kotlin.collections.CollectionsKt__MutableCollectionsKt                          : loaded 2 times (x 67B)
Class com.amazon.ion.facet.Faceted                                                    : loaded 2 times (x 66B)
Class org.jetbrains.plugins.gradle.tooling.serialization.ToolingStreamApiUtils        : loaded 2 times (x 67B)
Class com.amazon.ion.system.IonWriterBuilder                                          : loaded 2 times (x 70B)
Class com.amazon.ion.IonBufferConfiguration$OversizedSymbolTableHandler               : loaded 2 times (x 66B)
Class com.amazon.ion.impl.lite.IonContainerLite                                       : loaded 2 times (x 244B)
Class org.jetbrains.kotlin.gradle.plugin.statistics.JMXKotlinBuildStatsService$report$2: loaded 2 times (x 75B)
Class com.android.sdklib.OptionalLibrary                                              : loaded 2 times (x 66B)
Class com.android.repository.impl.generated.v2.DependenciesType                       : loaded 2 times (x 71B)
Class com.sun.xml.bind.v2.model.core.BuiltinLeafInfo                                  : loaded 2 times (x 66B)
Class com.sun.xml.bind.v2.model.impl.RuntimeBuiltinLeafInfoImpl$3                     : loaded 2 times (x 132B)
Class com.sun.xml.bind.v2.runtime.Name                                                : loaded 2 times (x 71B)
Class com.google.common.collect.MapMakerInternalMap$AbstractStrongKeyEntry            : loaded 2 times (x 76B)
Class org.gradle.tooling.model.UnsupportedMethodException                             : loaded 2 times (x 78B)
Class org.gradle.tooling.internal.adapter.ProtocolToModelAdapter$SupportedPropertyInvoker: loaded 2 times (x 72B)
Class kotlin.Pair                                                                     : loaded 2 times (x 68B)
Class kotlin.sequences.TransformingSequence$iterator$1                                : loaded 2 times (x 75B)
Class jdk.internal.jrtfs.JrtFileSystemProvider                                        : loaded 2 times (x 97B)
Class org.gradle.internal.impldep.com.google.common.collect.Iterators                 : loaded 2 times (x 67B)
Class com.amazon.ion.impl.bin._Private_IonManagedWriter                               : loaded 2 times (x 66B)
Class com.amazon.ion.impl.bin.Symbols$2                                               : loaded 2 times (x 103B)
Class com.amazon.ion.impl.IonWriterSystem                                             : loaded 2 times (x 167B)
Class com.android.ide.gradle.model.GradlePropertiesModel                              : loaded 2 times (x 66B)
Class com.google.android.gms.dependencies.DependencyInspector                         : loaded 2 times (x 74B)
Class com.android.build.gradle.internal.SdkComponentsBuildService$VersionedSdkLoader$buildToolInfoProvider$1: loaded 2 times (x 71B)
Class com.sun.xml.bind.v2.util.QNameMap$Entry                                         : loaded 2 times (x 68B)
Class com.sun.xml.bind.v2.model.impl.RuntimeBuiltinLeafInfoImpl$2                     : loaded 2 times (x 132B)
Class javax.xml.bind.annotation.XmlElementDecl$GLOBAL                                 : loaded 2 times (x 67B)
Class com.android.sdklib.repository.generated.sysimg.v1.SysImgDetailsType             : loaded 2 times (x 133B)
Class com.android.ide.gradle.model.builder.LegacyAndroidGradlePluginPropertiesModelBuilder$Companion$maybeRegister$4: loaded 2 times (x 75B)
Class com.amazon.ion.impl.lite.IonClobLite                                            : loaded 2 times (x 216B)
Class com.amazon.ion.impl._Private_ValueFactory                                       : loaded 2 times (x 66B)
Class com.amazon.ion.impl.bin.IonRawBinaryWriter$PreallocationMode$1                  : loaded 2 times (x 78B)
Class [Lcom.amazon.ion.impl.bin._Private_IonManagedBinaryWriterBuilder$AllocatorMode; : loaded 2 times (x 65B)
Class com.sun.xml.bind.v2.runtime.property.ArrayERProperty                            : loaded 2 times (x 100B)
Class com.sun.xml.bind.v2.runtime.CompositeStructureBeanInfo                          : loaded 2 times (x 94B)
Class org.jetbrains.kotlin.idea.gradleTooling.model.lombok.LombokModelBuilderService  : loaded 2 times (x 83B)
Class kotlin.NoWhenBranchMatchedException                                             : loaded 2 times (x 78B)
Class org.gradle.tooling.model.BuildIdentifier                                        : loaded 2 times (x 66B)
Class com.android.build.gradle.internal.SdkDirectLoadingStrategy$DirectLoadComponents : loaded 2 times (x 68B)
Class com.android.build.gradle.internal.lint.AndroidLintTextOutputTask$LintVitalCreationAction: loaded 2 times (x 88B)
Class org.jetbrains.kotlin.gradle.plugin.KotlinCompilerArgumentsProducer$CreateCompilerArgumentsContext: loaded 2 times (x 66B)
Class org.jetbrains.kotlin.gradle.plugin.KotlinCompilerArgumentsProducerKt            : loaded 2 times (x 67B)
Class com.android.build.gradle.internal.dependency.VariantDependencies$getArtifactCollectionForToolingModel$1: loaded 2 times (x 74B)
Class org.jetbrains.kotlin.gradle.tasks.DefaultKotlinJavaToolchain$DefaultJavaToolchainSetter$useAsConvention$1: loaded 2 times (x 71B)
Class com.android.build.gradle.internal.utils.DesugarLibUtils$getD8DesugarMethodFileFromTransform$1$1: loaded 2 times (x 70B)
Class org.jetbrains.kotlin.gradle.tasks.K2MultiplatformStructure_Decorated            : loaded 2 times (x 129B)
Class org.jetbrains.kotlin.gradle.utils.ProviderApiUtilsKt                            : loaded 2 times (x 67B)
Class com.android.build.gradle.internal.ide.v2.ModelBuilder$buildProjectGraphModel$1$1$1: loaded 2 times (x 71B)
Class com.android.build.gradle.internal.ide.v2.ModelBuilder$BaseSourceSetContainerBuilder: loaded 2 times (x 79B)
Class com.sun.xml.bind.v2.runtime.NameList                                            : loaded 2 times (x 68B)
Class com.sun.xml.bind.v2.runtime.reflect.TransducedAccessor                          : loaded 2 times (x 74B)
Class com.sun.xml.bind.v2.model.impl.RuntimeClassInfoImpl$RuntimePropertySeed         : loaded 2 times (x 80B)
Class javax.xml.bind.annotation.XmlAttachmentRef                                      : loaded 2 times (x 66B)
Class com.android.repository.api.Repository                                           : loaded 2 times (x 75B)
Class org.jetbrains.kotlin.gradle.internal.AndroidExtensionsSubpluginIndicator        : loaded 2 times (x 71B)
Class org.apache.commons.io.FileExistsException                                       : loaded 2 times (x 78B)
Class org.gradle.internal.service.ServiceLocator                                      : loaded 2 times (x 66B)
Class kotlin.Result                                                                   : loaded 2 times (x 68B)
Class org.gradle.internal.impldep.com.google.common.collect.AbstractIterator          : loaded 2 times (x 78B)
Class com.sun.xml.bind.v2.model.impl.RuntimeBuiltinLeafInfoImpl$1                     : loaded 2 times (x 72B)
Class com.android.sdklib.repository.generated.common.v1.ApiDetailsType                : loaded 2 times (x 101B)
Class com.sun.xml.bind.v2.model.impl.ERPropertyInfoImpl                               : loaded 2 times (x 104B)
Class com.sun.xml.bind.v2.model.impl.ElementPropertyInfoImpl$1                        : loaded 2 times (x 196B)
Class javax.xml.bind.annotation.adapters.XmlJavaTypeAdapter$DEFAULT                   : loaded 2 times (x 67B)
Class com.sun.xml.bind.v2.runtime.property.ArrayElementLeafProperty                   : loaded 2 times (x 101B)
Class com.android.build.gradle.internal.ide.v2.SourceSetContainerImpl$Companion       : loaded 2 times (x 67B)
Class [Lorg.jetbrains.kotlin.build.report.metrics.BuildAttribute;                     : loaded 2 times (x 65B)
Class com.android.build.gradle.internal.dependency.AarTransform$Parameters$Inject     : loaded 2 times (x 108B)
Class com.android.build.gradle.internal.testFixtures.TestFixturesUtil                 : loaded 2 times (x 67B)
Class [Lorg.objectweb.asm.Attribute;                                                  : loaded 2 times (x 65B)
Class com.google.common.reflect.TypeResolver$TypeVariableKey                          : loaded 2 times (x 68B)
Class kotlin.collections.CollectionsKt__IteratorsJVMKt                                : loaded 2 times (x 67B)
Class kotlin.comparisons.ComparisonsKt___ComparisonsJvmKt                             : loaded 2 times (x 67B)
Class jdk.internal.jrtfs.SystemImage$2                                                : loaded 2 times (x 72B)
Class org.jetbrains.kotlin.idea.gradleTooling.model.samWithReceiver.SamWithReceiverModelBuilderService: loaded 2 times (x 81B)
Class com.intellij.gradle.toolingExtension.impl.model.sourceSetModel.GradleSourceSetModelBuilder: loaded 2 times (x 82B)
Class com.amazon.ion.impl._Private_IonTextWriterBuilder$Mutable                       : loaded 2 times (x 97B)
Class com.amazon.ion.impl.bin.IonRawBinaryWriter$ContainerType                        : loaded 2 times (x 75B)
Class com.android.sdklib.repository.generated.addon.v2.package-info                   : loaded 2 times (x 66B)
Class com.android.repository.api.License                                              : loaded 2 times (x 81B)
Class com.sun.xml.bind.v2.model.annotation.LocatableAnnotation                        : loaded 2 times (x 81B)
Class com.sun.xml.bind.v2.runtime.property.AttributeProperty                          : loaded 2 times (x 101B)
Class com.sun.xml.bind.v2.runtime.reflect.NullSafeAccessor                            : loaded 2 times (x 81B)
Class com.sun.xml.bind.v2.runtime.reflect.PrimitiveArrayListerShort                   : loaded 2 times (x 72B)
Class com.android.build.gradle.tasks.JdkImageInput$generatedModuleFile$1              : loaded 2 times (x 70B)
Class org.jetbrains.kotlin.build.SourcesUtilsKt                                       : loaded 2 times (x 67B)
Class org.jetbrains.kotlin.gradle.tasks.AbstractKotlinCompileTool$sources$1           : loaded 2 times (x 75B)
Class org.jetbrains.kotlin.gradle.tasks.configuration.BaseKotlinCompileConfig$1$3$2   : loaded 2 times (x 71B)
Class com.android.build.gradle.internal.ide.v2.VariantImpl$Companion                  : loaded 2 times (x 67B)
Class org.apache.commons.io.output.ByteArrayOutputStream                              : loaded 2 times (x 98B)
Class com.android.ide.gradle.model.builder.LegacyAndroidGradlePluginPropertiesModelBuilder$Companion$maybeRegister$5: loaded 2 times (x 75B)
Class com.amazon.ion.IonInt                                                           : loaded 2 times (x 66B)
Class com.amazon.ion.impl.bin.IonRawBinaryWriter$PreallocationMode$2                  : loaded 2 times (x 78B)
Class com.google.common.reflect.Types$ParameterizedTypeImpl                           : loaded 2 times (x 77B)
Class org.jetbrains.kotlin.gradle.dsl.KotlinCommonCompilerOptionsExtensionsKt         : loaded 2 times (x 67B)
Class kotlin.enums.EnumEntriesList                                                    : loaded 2 times (x 219B)
Class com.google.common.io.ByteStreams$1                                              : loaded 2 times (x 81B)
Class com.sun.xml.bind.v2.runtime.unmarshaller.LocatorExWrapper                       : loaded 2 times (x 82B)
Class [Lcom.sun.xml.bind.v2.model.annotation.AnnotationSource;                        : loaded 2 times (x 65B)
Class com.sun.xml.bind.InternalAccessorFactory                                        : loaded 2 times (x 66B)
Class com.sun.xml.bind.v2.model.impl.SingleTypePropertyInfoImpl                       : loaded 2 times (x 109B)
Class com.sun.xml.bind.v2.model.core.LeafInfo                                         : loaded 2 times (x 66B)
Class com.android.repository.impl.generated.generic.v2.package-info                   : loaded 2 times (x 66B)
Class com.android.sdklib.repository.generated.common.v3.package-info                  : loaded 2 times (x 66B)
Class com.android.sdklib.repository.generated.addon.v2.LibrariesType                  : loaded 2 times (x 71B)
Class kotlin.jvm.internal.FunctionBase                                                : loaded 2 times (x 66B)
Class com.android.build.gradle.internal.ide.v2.VersionsImpl$Companion                 : loaded 2 times (x 67B)
Class [Lkotlin.coroutines.intrinsics.CoroutineSingletons;                             : loaded 2 times (x 65B)
Class kotlin.jvm.internal.FunctionReference                                           : loaded 2 times (x 118B)
Class jdk.internal.jrtfs.SystemImage$1                                                : loaded 2 times (x 74B)
Class org.gradle.internal.impldep.com.google.common.collect.Iterators$9               : loaded 2 times (x 77B)
Class com.amazon.ion.IonValue                                                         : loaded 2 times (x 66B)
Class com.android.sdklib.repository.generated.common.v2.package-info                  : loaded 2 times (x 66B)
Class com.android.repository.impl.generated.v2.ChannelType                            : loaded 2 times (x 79B)
Class com.android.repository.impl.generated.generic.v1.package-info                   : loaded 2 times (x 66B)
Class com.sun.xml.bind.v2.model.core.ArrayInfo                                        : loaded 2 times (x 66B)
Class com.sun.xml.bind.v2.runtime.unmarshaller.ProxyLoader                            : loaded 2 times (x 74B)
Class com.android.build.gradle.internal.scope.BootClasspathBuilder$computeClasspath$1$1: loaded 2 times (x 75B)
Class org.jetbrains.kotlin.gradle.plugin.mpp.compilationImpl.KotlinCompilationK2MultiplatformConfigurator$configure$1$2: loaded 2 times (x 71B)
Class org.jetbrains.kotlin.gradle.tasks.configuration.BaseKotlinCompileConfig$2$1$2   : loaded 2 times (x 71B)
Class com.android.build.api.variant.impl.SingleOutputHandler                          : loaded 2 times (x 91B)
Class com.google.gms.googleservices.GoogleServicesPlugin$handleVariant$jsonToXmlTask$1: loaded 2 times (x 75B)
Class org.jetbrains.kotlin.gradle.internal.StdlibDependencyManagementKt$configureStdlibVersionAlignment$1$1$1: loaded 2 times (x 71B)
Class org.apache.commons.io.output.UnsynchronizedByteArrayOutputStream                : loaded 2 times (x 98B)
Class org.apache.commons.io.filefilter.AbstractFileFilter                             : loaded 2 times (x 112B)
Class org.gradle.internal.classloader.InstrumentingClassLoader                        : loaded 2 times (x 66B)
Class org.gradle.internal.classpath.TransformedClassPath                              : loaded 2 times (x 92B)
Class com.google.common.reflect.Invokable                                             : loaded 2 times (x 99B)
Class kotlin.text.Regex$Companion                                                     : loaded 2 times (x 67B)
Class jdk.internal.jimage.ImageReader$LinkNode                                        : loaded 2 times (x 80B)
Class org.jetbrains.plugins.gradle.model.ExternalLibraryDependency                    : loaded 2 times (x 66B)
Class com.android.ide.gradle.model.artifacts.builder.AdditionalClassifierArtifactsModelBuilder: loaded 2 times (x 75B)
Class org.gradle.accessors.dm.LibrariesForLibsInPluginsBlock$GoogleGmsPluginAccessors : loaded 2 times (x 70B)
Class org.jetbrains.kotlin.gradle.targets.native.internal.KotlinNativePlatformDependenciesKt: loaded 2 times (x 67B)
Class javax.xml.bind.annotation.XmlNs                                                 : loaded 2 times (x 66B)
Class com.sun.xml.bind.v2.model.annotation.RuntimeAnnotationReader                    : loaded 2 times (x 66B)
Class com.sun.xml.bind.v2.runtime.IllegalAnnotationsException$Builder                 : loaded 2 times (x 73B)
Class com.android.sdklib.repository.generated.repository.v2.SourceDetailsType         : loaded 2 times (x 108B)
Class com.sun.xml.bind.v2.runtime.reflect.PrimitiveArrayListerInteger                 : loaded 2 times (x 72B)
Class org.jetbrains.kotlin.gradle.plugin.mpp.compilationImpl.KotlinCompilationK2MultiplatformConfigurator$configure$1$1: loaded 2 times (x 71B)
Class com.android.build.api.variant.impl.VariantApiExtensionsKt                       : loaded 2 times (x 67B)
Class com.android.build.gradle.internal.tasks.MergeJavaResourceTask$Companion         : loaded 2 times (x 67B)
Class com.google.common.collect.MapMaker$Dummy                                        : loaded 2 times (x 75B)
Class kotlin.collections.CollectionsKt__CollectionsKt                                 : loaded 2 times (x 67B)
Class kotlin.collections.ArraysKt___ArraysJvmKt                                       : loaded 2 times (x 67B)
Class com.google.common.collect.AllEqualOrdering                                      : loaded 2 times (x 110B)
Class com.google.common.collect.ComparisonChain$1                                     : loaded 2 times (x 77B)
Class kotlin.text.StringsKt__RegexExtensionsJVMKt                                     : loaded 2 times (x 67B)
Class com.intellij.openapi.externalSystem.model.project.dependencies.ResolutionState  : loaded 2 times (x 75B)
Class com.android.ide.gradle.model.GradlePluginModel                                  : loaded 2 times (x 66B)
Class com.amazon.ion.impl.bin.IonRawBinaryWriter$PreallocationMode$3                  : loaded 2 times (x 78B)
Class org.jetbrains.kotlin.idea.gradleTooling.AbstractKotlinGradleModelBuilder$Companion: loaded 2 times (x 67B)
Class com.google.common.collect.ReverseOrdering                                       : loaded 2 times (x 111B)
Class org.gradle.tooling.model.build.JavaEnvironment                                  : loaded 2 times (x 66B)
Class com.amazon.ion.impl._Private_ByteTransferSink                                   : loaded 2 times (x 66B)
Class com.android.build.gradle.internal.lint.LintModelWriterTask$PerComponentCreationAction: loaded 2 times (x 86B)
Class org.apache.commons.io.output.AppendableWriter                                   : loaded 2 times (x 96B)
Class com.amazon.ion.impl.bin.IonManagedBinaryWriter$ImportedSymbolResolverMode$1$1   : loaded 2 times (x 74B)
Class com.android.ide.common.caching.CreatingCache$1                                  : loaded 2 times (x 67B)
Class com.android.build.gradle.internal.tasks.UsesAnalytics$ConfigureAction           : loaded 2 times (x 67B)
Class com.android.build.gradle.internal.tasks.BaseTask$ConfigureAction                : loaded 2 times (x 67B)
Class com.amazon.ion.impl._Private_RecyclingStack$ElementFactory                      : loaded 2 times (x 66B)
Class com.android.build.gradle.internal.ide.v2.ModelBuilder$DimensionInformation      : loaded 2 times (x 68B)
Class com.sun.xml.bind.IDResolver                                                     : loaded 2 times (x 71B)
Class com.android.sdklib.repository.generated.addon.v2.AddonDetailsType               : loaded 2 times (x 129B)
Class com.sun.xml.bind.v2.model.impl.Util                                             : loaded 2 times (x 67B)
Class [Lcom.sun.xml.bind.v2.model.core.PropertyKind;                                  : loaded 2 times (x 65B)
Class [Lcom.sun.xml.bind.v2.runtime.Location;                                         : loaded 2 times (x 65B)
Class com.sun.xml.bind.api.JAXBRIContext                                              : loaded 2 times (x 85B)
Class com.android.sdklib.repository.generated.addon.v3.package-info                   : loaded 2 times (x 66B)
Class com.amazon.ion.IonDatagram                                                      : loaded 2 times (x 66B)
Class com.android.build.gradle.internal.SdkComponentsBuildService$VersionedSdkLoader$coreLambdaStubsProvider$1: loaded 2 times (x 71B)
Class com.android.sdklib.repository.meta.DetailsTypes$AddonDetailsType$Libraries      : loaded 2 times (x 68B)
Class com.android.repository.impl.generated.v2.ObjectFactory                          : loaded 2 times (x 104B)
Class com.android.repository.impl.generated.v2.RevisionType                           : loaded 2 times (x 78B)
Class javax.xml.bind.annotation.XmlAnyElement                                         : loaded 2 times (x 66B)
Class com.android.build.gradle.internal.ide.v2.ConvertersKt$variantSourcesForList$1$1 : loaded 2 times (x 74B)
Class org.jetbrains.kotlin.gradle.utils.ConfigurationCacheKt                          : loaded 2 times (x 67B)
Class org.jetbrains.kotlin.gradle.tasks.KotlinJavaToolchain$JdkSetter                 : loaded 2 times (x 66B)
Class com.android.build.gradle.tasks.GenerateResValues_Decorated                      : loaded 2 times (x 377B)
Class com.google.common.io.ByteStreams                                                : loaded 2 times (x 67B)
Class [Lcom.android.ide.common.caching.CreatingCache$State;                           : loaded 2 times (x 65B)
Class com.google.common.collect.TransformedIterator                                   : loaded 2 times (x 76B)
Class com.google.common.collect.Interner                                              : loaded 2 times (x 66B)
Class com.google.common.collect.Interners$InternerImpl                                : loaded 2 times (x 71B)
Class org.apache.commons.io.IOCase                                                    : loaded 2 times (x 76B)
Class com.google.common.reflect.Types$ClassOwnership$3                                : loaded 2 times (x 67B)
Class org.gradle.tooling.model.Dependency                                             : loaded 2 times (x 66B)
Class org.gradle.api.JavaVersion                                                      : loaded 2 times (x 75B)
Class org.jetbrains.plugins.gradle.tooling.builder.DependencyAccessorsModelBuilder    : loaded 2 times (x 77B)
Class org.jetbrains.plugins.gradle.tooling.serialization.GradleExtensionsSerializationService: loaded 2 times (x 73B)
Class com.amazon.ion.impl.bin.PooledBlockAllocatorProvider$PooledBlockAllocator       : loaded 2 times (x 77B)
Class com.amazon.ion.IonTimestamp                                                     : loaded 2 times (x 66B)
Class com.android.ide.gradle.model.AdditionalClassifierArtifactsModelParameter        : loaded 2 times (x 66B)
Class com.android.build.api.extension.impl.VariantSelectorImpl_Decorated              : loaded 2 times (x 146B)
Class com.android.build.api.variant.impl.SourcesImpl$SourceProviderFactory            : loaded 2 times (x 71B)
Class com.android.sdklib.repository.generated.common.v1.IdDisplayType                 : loaded 2 times (x 79B)
Class com.sun.xml.bind.v2.model.impl.RuntimeArrayInfoImpl                             : loaded 2 times (x 103B)
Class com.android.repository.impl.meta.TypeDetails                                    : loaded 2 times (x 71B)
Class javax.xml.bind.annotation.XmlID                                                 : loaded 2 times (x 66B)
Class com.android.repository.impl.generated.v2.PatchType                              : loaded 2 times (x 84B)
Class com.sun.xml.bind.v2.runtime.unmarshaller.DefaultIDResolver                      : loaded 2 times (x 72B)
Class org.jetbrains.kotlin.gradle.plugin.mpp.KotlinCompilationsKt$addSourcesToKotlinCompileTask$configureAction$2: loaded 2 times (x 75B)
Class org.jetbrains.kotlin.gradle.tasks.configuration.BaseKotlinCompileConfig$2$1$1$2 : loaded 2 times (x 70B)
Class com.android.build.gradle.internal.profile.AnalyticsService$Params$Inject        : loaded 2 times (x 116B)
Class com.google.wireless.android.sdk.stats.GradleTransformExecution                  : loaded 2 times (x 196B)
Class org.apache.commons.io.output.QueueOutputStream                                  : loaded 2 times (x 83B)
Class com.android.build.gradle.internal.lint.AndroidLintTask$UpdateBaselineCreationAction: loaded 2 times (x 91B)
Class org.apache.commons.io.file.Counters$Counter                                     : loaded 2 times (x 66B)
Class org.gradle.accessors.dm.LibrariesForLibs$FirebaseLibraryAccessors               : loaded 2 times (x 73B)
Class org.jetbrains.plugins.gradle.model.GradleExtension                              : loaded 2 times (x 66B)
Class com.amazon.ion.impl.lite.IonDecimalLite                                         : loaded 2 times (x 184B)
Class com.amazon.ion.IonBufferConfiguration$Builder                                   : loaded 2 times (x 74B)
Class org.gradle.internal.time.Timer                                                  : loaded 2 times (x 66B)
Class kotlin.jvm.internal.markers.KMappedMarker                                       : loaded 2 times (x 66B)
Class org.gradle.internal.installation.CurrentGradleInstallationLocator               : loaded 2 times (x 67B)
Class org.apache.commons.io.file.SimplePathVisitor                                    : loaded 2 times (x 81B)
Class org.objectweb.asm.ClassReader                                                   : loaded 2 times (x 89B)
Class org.apache.commons.io.output.ThresholdingOutputStream                           : loaded 2 times (x 90B)
Class com.google.common.reflect.TypeResolver                                          : loaded 2 times (x 68B)
Class com.android.build.gradle.internal.ide.dependencies.VariantKey                   : loaded 2 times (x 68B)
Class com.android.build.gradle.internal.dependency.VariantDependencies$Companion$getComponentFilter$2$1: loaded 2 times (x 71B)
Class com.google.common.reflect.Types$ClassOwnership$2                                : loaded 2 times (x 76B)
Class com.android.build.gradle.internal.ide.v2.VectorDrawableOptionsImpl              : loaded 2 times (x 72B)
Class org.jetbrains.kotlin.gradle.tasks.DefaultKotlinJavaToolchain$getToolsJarFromJvm$1: loaded 2 times (x 71B)
Class org.jetbrains.kotlin.build.report.metrics.GcMetrics                             : loaded 2 times (x 68B)
Class com.android.build.gradle.internal.scope.BootClasspathBuilder$computeAdditionalAndRequestedOptionalLibraries$1: loaded 2 times (x 75B)
Class com.android.repository.impl.generated.v2.RepositoryType                         : loaded 2 times (x 82B)
Class [Ljavax.xml.bind.annotation.XmlNs;                                              : loaded 2 times (x 65B)
Class org.gradle.internal.impldep.com.google.common.collect.Iterators$5               : loaded 2 times (x 78B)
Class com.intellij.openapi.externalSystem.model.project.dependencies.UnknownDependencyNode: loaded 2 times (x 83B)
Class org.gradle.internal.impldep.gnu.trove.PrimeFinder                               : loaded 2 times (x 67B)
Class com.android.build.gradle.internal.FileExistsValueSource$Params_Decorated        : loaded 2 times (x 130B)
Class com.android.sdklib.repository.generated.repository.v1.ObjectFactory             : loaded 2 times (x 75B)
Class com.android.repository.impl.meta.RevisionType                                   : loaded 2 times (x 76B)
Class com.sun.xml.bind.v2.runtime.JAXBContextImpl$JAXBContextBuilder                  : loaded 2 times (x 82B)
Class com.sun.xml.bind.v2.model.annotation.XmlSchemaQuick                             : loaded 2 times (x 91B)
Class com.sun.xml.bind.annotation.XmlLocation                                         : loaded 2 times (x 66B)
Class com.android.sdklib.repository.generated.addon.v2.ExtraDetailsType               : loaded 2 times (x 81B)
Class com.sun.xml.bind.v2.runtime.FilterTransducer                                    : loaded 2 times (x 84B)
Class com.android.build.gradle.internal.ide.v2.ConvertersKt                           : loaded 2 times (x 67B)
Class com.android.build.gradle.internal.ide.v2.SourceProviderImpl$Companion           : loaded 2 times (x 67B)
Class org.jetbrains.kotlin.gradle.tasks.KotlinCompile$ScriptFilterSpec                : loaded 2 times (x 71B)
Class org.jetbrains.kotlin.gradle.tasks.configuration.BaseKotlinCompileConfig$2$1$1$1 : loaded 2 times (x 70B)
Class com.android.build.gradle.internal.ide.v2.BundleInfoImpl                         : loaded 2 times (x 74B)
Class com.google.wireless.android.sdk.stats.GradleBuildVariant                        : loaded 2 times (x 277B)
Class com.google.common.io.ByteArrayDataInput                                         : loaded 2 times (x 66B)
Class org.jetbrains.kotlin.gradle.plugin.KotlinPluginWrapper                          : loaded 2 times (x 83B)
Class com.android.build.gradle.internal.lint.AndroidLintTask$VariantCreationAction$Companion: loaded 2 times (x 67B)
Class com.google.common.collect.MapMakerInternalMap$StrongValueEntry                  : loaded 2 times (x 66B)
Class [Lorg.apache.commons.io.IOCase;                                                 : loaded 2 times (x 65B)
Class org.gradle.internal.service.UnknownServiceException                             : loaded 2 times (x 79B)
Class com.google.common.reflect.Types$ClassOwnership$1                                : loaded 2 times (x 76B)
Class kotlin.collections.CollectionsKt___CollectionsKt$asSequence$$inlined$Sequence$1 : loaded 2 times (x 71B)
Class jdk.internal.jrtfs.SystemImage                                                  : loaded 2 times (x 70B)
Class org.gradle.internal.impldep.com.google.common.collect.Iterators$4               : loaded 2 times (x 78B)
Class org.gradle.internal.impldep.gnu.trove.TObjectHash$NULL                          : loaded 2 times (x 67B)
Class com.amazon.ion.impl.lite.IonBoolLite                                            : loaded 2 times (x 174B)
Class com.android.ide.gradle.model.builder.LegacyV1AgpVersionModelBuilder             : loaded 2 times (x 71B)
Class com.android.build.api.variant.AndroidComponentsExtension$DefaultImpls           : loaded 2 times (x 67B)
Class org.jetbrains.kotlin.gradle.model.KotlinProject                                 : loaded 2 times (x 66B)
Class com.android.build.gradle.internal.SdkComponentsBuildService$VersionedSdkLoader$targetAndroidVersionProvider$1: loaded 2 times (x 71B)
Class com.android.build.gradle.internal.SupportToolsComponents$Companion$build$fileExists$1: loaded 2 times (x 71B)
Class com.android.repository.api.ConsoleProgressIndicator                             : loaded 2 times (x 106B)
Class com.android.sdklib.repository.generated.repository.v2.LayoutlibType             : loaded 2 times (x 70B)
Class com.sun.xml.bind.v2.runtime.JAXBContextImpl$6                                   : loaded 2 times (x 87B)
Class com.sun.xml.bind.v2.model.runtime.RuntimeTypeRef                                : loaded 2 times (x 66B)
Class com.sun.xml.bind.v2.runtime.property.SingleMapNodeProperty                      : loaded 2 times (x 98B)
Class org.jetbrains.kotlin.gradle.tasks.CacheableTasksKt                              : loaded 2 times (x 67B)
Class org.jetbrains.kotlin.gradle.tasks.KotlinJvmCompile$DefaultImpls                 : loaded 2 times (x 67B)
Class com.android.build.api.variant.impl.ApplicationMultiOutputHandler                : loaded 2 times (x 91B)
Class com.android.build.gradle.internal.ide.dependencies.LocalJarCache                : loaded 2 times (x 66B)
Class com.android.build.gradle.internal.ide.dependencies.GraphEdgeCacheImpl$getEdge$1$1: loaded 2 times (x 75B)
Class com.amazon.ion.impl.bin.IonRawBinaryWriter$PatchList$1                          : loaded 2 times (x 79B)
Class [Lcom.amazon.ion.impl.bin.IonRawBinaryWriter$ContainerType;                     : loaded 2 times (x 65B)
Class org.gradle.tooling.internal.adapter.ProtocolToModelAdapter$ViewGraphDetails     : loaded 2 times (x 68B)
Class org.gradle.tooling.model.idea.IdeaProject                                       : loaded 2 times (x 66B)
Class org.gradle.tooling.model.DomainObjectSet                                        : loaded 2 times (x 66B)
Class org.gradle.internal.service.DefaultServiceLocator                               : loaded 2 times (x 79B)
Class com.google.common.cache.LocalCache$SoftValueReference                           : loaded 2 times (x 93B)
Class com.google.common.collect.Maps$EntrySet                                         : loaded 2 times (x 132B)
Class org.jetbrains.kotlin.cli.common.arguments.CommonCompilerArguments$VersionKind   : loaded 2 times (x 75B)
Class org.jetbrains.kotlin.gradle.plugin.KotlinCompilerArgumentsProducer$ArgumentType : loaded 2 times (x 75B)
Class org.jetbrains.kotlin.gradle.plugin.CreateCompilerArgumentsContextImpl           : loaded 2 times (x 71B)
Class com.android.build.gradle.internal.ide.dependencies.LibraryCache                 : loaded 2 times (x 66B)
Class com.google.wireless.android.sdk.stats.AndroidStudioEvent$Builder                : loaded 2 times (x 922B)
Class com.android.build.gradle.internal.ide.v2.ApiVersionImpl                         : loaded 2 times (x 72B)
Class org.jetbrains.kotlin.gradle.tasks.KotlinCompile$scriptExtensions$1              : loaded 2 times (x 75B)
Class org.jetbrains.kotlin.gradle.tasks.K2MultiplatformStructure$Fragment             : loaded 2 times (x 68B)
Class org.jetbrains.kotlin.incremental.ChangedFiles                                   : loaded 2 times (x 67B)
Class org.jetbrains.kotlin.cli.common.arguments.Argument                              : loaded 2 times (x 66B)
Class com.android.build.gradle.internal.scope.BootClasspathBuilder$computeAdditionalAndRequestedOptionalLibraries$2: loaded 2 times (x 76B)
Class com.android.repository.impl.generated.v1.PatchesType                            : loaded 2 times (x 71B)
Class [Lcom.sun.xml.bind.v2.model.core.ID;                                            : loaded 2 times (x 65B)
Class javax.xml.bind.annotation.XmlAttribute                                          : loaded 2 times (x 66B)
Class com.android.sdklib.repository.generated.repository.v3.package-info              : loaded 2 times (x 66B)
Class com.google.common.collect.MapMakerInternalMap$Strength$2                        : loaded 2 times (x 76B)
Class org.gradle.api.internal.ClassPathProvider                                       : loaded 2 times (x 66B)
Class [Lorg.gradle.api.internal.ClassPathProvider;                                    : loaded 2 times (x 65B)
Class org.gradle.tooling.ToolingModelContract                                         : loaded 2 times (x 66B)
Class kotlin.sequences.Sequence                                                       : loaded 2 times (x 66B)
Class kotlin.sequences.SequenceScope                                                  : loaded 2 times (x 69B)
Class kotlin.text.MatchResult                                                         : loaded 2 times (x 66B)
Class com.google.common.collect.NaturalOrdering                                       : loaded 2 times (x 111B)
Class kotlin.text.StringsKt__StringNumberConversionsJVMKt                             : loaded 2 times (x 67B)
Class org.jetbrains.kotlin.idea.gradleTooling.KotlinMPPGradleModelBuilder             : loaded 2 times (x 82B)
Class com.intellij.gradle.toolingExtension.impl.model.utilTurnOffDefaultTasksModel.TurnOffDefaultTasksModelBuilder: loaded 2 times (x 82B)
Class com.amazon.ion.SymbolToken                                                      : loaded 2 times (x 66B)
Class com.amazon.ion.impl.bin.IonRawBinaryWriter                                      : loaded 2 times (x 165B)
Class com.amazon.ion.impl.SharedSymbolTable                                           : loaded 2 times (x 89B)
Class com.google.gms.googleservices.GoogleServicesPlugin$apply$1$2$1                  : loaded 2 times (x 121B)
Class [Lcom.google.gms.googleservices.GoogleServicesPlugin$MissingGoogleServicesStrategy;: loaded 2 times (x 65B)
Class com.android.repository.impl.generated.v2.DependencyType                         : loaded 2 times (x 77B)
Class com.sun.xml.bind.v2.runtime.JAXBContextImpl$5                                   : loaded 2 times (x 70B)
Class com.sun.xml.bind.v2.model.runtime.RuntimeValuePropertyInfo                      : loaded 2 times (x 66B)
Class com.sun.xml.bind.v2.model.impl.ClassInfoImpl$PropertyGroup                      : loaded 2 times (x 75B)
Class com.sun.xml.bind.v2.model.core.ID                                               : loaded 2 times (x 75B)
Class com.android.sdklib.repository.generated.addon.v3.MavenType                      : loaded 2 times (x 76B)
Class com.sun.xml.bind.v2.runtime.property.ArrayProperty                              : loaded 2 times (x 98B)
Class com.sun.xml.bind.v2.runtime.property.PropertyFactory$1                          : loaded 2 times (x 67B)
Class com.android.build.gradle.internal.EmulatorComponents$Companion$build$fileExists$1: loaded 2 times (x 71B)
Class com.android.build.gradle.internal.scope.InternalArtifactType$BUILT_IN_KAPT_GENERATED_JAVA_SOURCES: loaded 2 times (x 70B)
Class org.jetbrains.kotlin.gradle.tasks.configuration.BaseKotlinCompileConfig$1$3$classpathEntrySnapshotFiles$1: loaded 2 times (x 70B)
Class com.android.build.gradle.internal.ide.dependencies.FullDependencyGraphBuilder   : loaded 2 times (x 68B)
Class com.android.build.gradle.internal.manifest.LazyManifestParser$issueReporter$1   : loaded 2 times (x 70B)
Class com.android.build.gradle.internal.lint.LintTaskManager$createLintTasks$variantLintTask$1$1: loaded 2 times (x 71B)
Class com.google.common.collect.Maps$ViewCachingAbstractMap                           : loaded 2 times (x 121B)
Class com.google.common.collect.MapMakerInternalMap$Strength$1                        : loaded 2 times (x 76B)
Class org.apache.commons.io.FilenameUtils                                             : loaded 2 times (x 67B)
Class org.gradle.api.internal.DefaultClassPathProvider                                : loaded 2 times (x 72B)
Class com.google.common.collect.ComparatorOrdering                                    : loaded 2 times (x 111B)
Class kotlin.jvm.internal.ArrayIteratorKt                                             : loaded 2 times (x 67B)
Class org.gradle.internal.impldep.gnu.trove.TObjectIntHashMap                         : loaded 2 times (x 105B)
Class com.intellij.gradle.toolingExtension.impl.model.buildScriptClasspathModel.GradleBuildScriptClasspathSerializationService$ReadContext: loaded 2 times (x 68B)
Class com.amazon.ion.impl.bin.utf8.Utf8StringEncoder$Result                           : loaded 2 times (x 70B)
Class com.amazon.ion.impl.bin.utf8.Pool$Allocator                                     : loaded 2 times (x 66B)
Class com.amazon.ion.IonText                                                          : loaded 2 times (x 66B)
Class com.amazon.ion.impl.SymbolTokenImpl                                             : loaded 2 times (x 77B)
Class com.amazon.ion.SubstituteSymbolTableException                                   : loaded 2 times (x 80B)
Class org.jetbrains.plugins.gradle.tooling.builder.ScalaModelBuilderImpl              : loaded 2 times (x 77B)
Class org.jetbrains.plugins.gradle.tooling.ModelBuilderContext                        : loaded 2 times (x 66B)
Class jdk.internal.jrtfs.JrtDirectoryStream                                           : loaded 2 times (x 85B)
Class com.google.common.collect.ComparisonChain$InactiveComparisonChain               : loaded 2 times (x 76B)
Class kotlin.coroutines.jvm.internal.SuspendFunction                                  : loaded 2 times (x 66B)
Class org.gradle.util.GradleVersion                                                   : loaded 2 times (x 79B)
Class org.gradle.internal.installation.CurrentGradleInstallation                      : loaded 2 times (x 69B)
Class org.jetbrains.kotlin.gradle.plugin.AbstractKotlinPm20PluginWrapper              : loaded 2 times (x 83B)
Class org.jetbrains.kotlin.gradle.tasks.KotlinCompilerExecutionStrategy               : loaded 2 times (x 75B)
Class com.android.build.gradle.internal.ide.v2.BasicVariantImpl$Companion             : loaded 2 times (x 67B)
Class com.android.build.gradle.internal.scope.BootClasspathBuilder$computeAdditionalAndRequestedOptionalLibraries$3: loaded 2 times (x 73B)
Class com.sun.xml.bind.v2.model.impl.TypeRefImpl                                      : loaded 2 times (x 83B)
Class com.android.repository.api.Dependency                                           : loaded 2 times (x 73B)
Class com.android.repository.impl.meta.Archive                                        : loaded 2 times (x 80B)
Class com.amazon.ion.impl._Private_IonContainer                                       : loaded 2 times (x 66B)
Class org.gradle.accessors.dm.LibrariesForLibs$GoogleGmsPluginAccessors               : loaded 2 times (x 70B)
Class com.android.sdklib.repository.legacy.FileOp                                     : loaded 2 times (x 73B)
Class com.sun.xml.bind.v2.model.core.Element                                          : loaded 2 times (x 66B)
Class com.sun.xml.bind.v2.model.impl.DummyPropertyInfo                                : loaded 2 times (x 66B)
Class com.sun.xml.bind.v2.model.impl.AttributePropertyInfoImpl                        : loaded 2 times (x 120B)
Class com.sun.xml.bind.v2.model.impl.MapPropertyInfoImpl                              : loaded 2 times (x 115B)
Class com.sun.xml.bind.v2.model.impl.RuntimeMapPropertyInfoImpl                       : loaded 2 times (x 133B)
Class com.android.build.gradle.internal.scope.BootClasspathBuilder$CacheKey           : loaded 2 times (x 68B)
Class com.android.build.gradle.internal.dependency.JdkImageTransform$Parameters_Decorated: loaded 2 times (x 138B)
Class org.jetbrains.kotlin.incremental.ClasspathChanges                               : loaded 2 times (x 67B)
Class com.android.build.gradle.internal.ide.v2.LibraryInfoImpl$Companion              : loaded 2 times (x 67B)
Class org.jetbrains.kotlin.gradle.tasks.KotlinCompile$createCompilerArguments$1$2$1   : loaded 2 times (x 75B)
Class [Lcom.android.buildanalyzer.common.TaskCategoryIssue;                           : loaded 2 times (x 65B)
Class com.android.build.gradle.internal.lint.LintModelWriterTask                      : loaded 2 times (x 328B)
Class com.google.common.collect.Iterators$EmptyModifiableIterator                     : loaded 2 times (x 82B)
Class org.gradle.tooling.internal.gradle.DefaultProjectIdentifier                     : loaded 2 times (x 82B)
Class kotlin.text.StringsKt__AppendableKt                                             : loaded 2 times (x 67B)
Class org.gradle.internal.impldep.com.google.common.collect.Iterators$1               : loaded 2 times (x 77B)
Class com.intellij.openapi.externalSystem.model.project.dependencies.DependencyNode   : loaded 2 times (x 66B)
Class com.amazon.ion.IonWriter                                                        : loaded 2 times (x 66B)
Class com.amazon.ion.impl.bin._Private_IonRawWriter                                   : loaded 2 times (x 66B)
Class com.amazon.ion.impl.bin.IonRawBinaryWriter$PreallocationMode                    : loaded 2 times (x 78B)
Class com.amazon.ion.impl.lite.IonSystemLite                                          : loaded 2 times (x 271B)
Class com.google.gms.googleservices.GoogleServicesPlugin$MissingGoogleServicesStrategy: loaded 2 times (x 75B)
Class com.android.repository.impl.meta.PackageDisplayNameQualifier                    : loaded 2 times (x 66B)
Class com.android.repository.impl.generated.v2.LocalPackage                           : loaded 2 times (x 136B)
Class com.sun.xml.bind.v2.runtime.JAXBContextImpl$3                                   : loaded 2 times (x 70B)
Class com.sun.istack.Pool$Impl                                                        : loaded 2 times (x 73B)
Class com.sun.xml.bind.v2.runtime.Transducer                                          : loaded 2 times (x 66B)
Class com.sun.xml.bind.v2.model.impl.RuntimeClassInfoImpl                             : loaded 2 times (x 158B)
Class com.sun.xml.bind.v2.model.impl.RuntimeBuiltinLeafInfoImpl$StringImplImpl        : loaded 2 times (x 132B)
Class com.sun.xml.bind.v2.runtime.reflect.ListTransducedAccessorImpl                  : loaded 2 times (x 76B)
Class javax.xml.bind.PropertyException                                                : loaded 2 times (x 81B)
Class com.amazon.ion.impl.bin.IonManagedBinaryWriter$ImportDescriptor                 : loaded 2 times (x 72B)
Class com.amazon.ion.SymbolTable                                                      : loaded 2 times (x 66B)
Class org.jetbrains.plugins.gradle.tooling.serialization.GradleExtensionsSerializationService$WriteContext: loaded 2 times (x 68B)
Class com.intellij.gradle.toolingExtension.impl.model.taskModel.GradleTaskSerialisationService$Companion: loaded 2 times (x 67B)
Class org.jetbrains.plugins.gradle.model.scala.ScalaModel                             : loaded 2 times (x 66B)
Class com.intellij.openapi.externalSystem.model.project.dependencies.ProjectDependencyNodeImpl: loaded 2 times (x 89B)
Class [Lkotlin.collections.State;                                                     : loaded 2 times (x 65B)
Class kotlin.jvm.internal.Ref$BooleanRef                                              : loaded 2 times (x 67B)
Class kotlin.jvm.internal.StringCompanionObject                                       : loaded 2 times (x 67B)
Class kotlin.coroutines.intrinsics.IntrinsicsKt__IntrinsicsJvmKt                      : loaded 2 times (x 67B)
Class kotlin.coroutines.jvm.internal.CoroutineStackFrame                              : loaded 2 times (x 66B)
Class org.gradle.tooling.internal.adapter.ProtocolToModelAdapter$MethodInvocationCache$MethodInvocationKey: loaded 2 times (x 69B)
Class org.gradle.util.internal.GUtil                                                  : loaded 2 times (x 67B)
Class com.android.buildanalyzer.common.TaskCategoryIssue$Severity                     : loaded 2 times (x 75B)
Class com.google.common.io.ByteSource                                                 : loaded 2 times (x 80B)
Class com.android.build.api.variant.impl.FlatSourceDirectoriesImpl$getAsFileTrees$1   : loaded 2 times (x 71B)
Class com.android.build.gradle.internal.tasks.VariantTask$ConfigureAction             : loaded 2 times (x 67B)
Class com.android.build.gradle.internal.scope.BootClasspathBuilder$computeAdditionalAndRequestedOptionalLibraries$4: loaded 2 times (x 75B)
Class javax.xml.bind.UnmarshallerHandler                                              : loaded 2 times (x 66B)
Class com.android.sdklib.repository.generated.repository.v3.PlatformDetailsType       : loaded 2 times (x 114B)
Class com.sun.xml.bind.v2.model.core.Adapter                                          : loaded 2 times (x 68B)
Class com.sun.xml.bind.v2.model.impl.ClassInfoImpl$DuplicateException                 : loaded 2 times (x 78B)
Class [Ljavax.xml.bind.annotation.XmlAccessType;                                      : loaded 2 times (x 65B)
Class javax.xml.bind.annotation.XmlElementDecl                                        : loaded 2 times (x 66B)
Class com.android.repository.impl.generated.v2.CompleteType                           : loaded 2 times (x 80B)
Class com.android.repository.api.SchemaModule$SchemaModuleVersion                     : loaded 2 times (x 72B)
Class com.android.build.gradle.internal.PlatformToolsComponents$Companion             : loaded 2 times (x 67B)
Class com.android.repository.Revision$1                                               : loaded 2 times (x 67B)
Class com.android.build.gradle.internal.SdkComponentsBuildService$VersionedSdkLoader$sdkLoadStrategy$2$1$1: loaded 2 times (x 75B)
Class com.sun.xml.bind.v2.runtime.unmarshaller.TagName                                : loaded 2 times (x 71B)
Class com.android.build.gradle.internal.TaskManager$addAndroidJarDependency$1$1       : loaded 2 times (x 70B)
Class org.apache.commons.io.output.StringBuilderWriter                                : loaded 2 times (x 96B)
Class [Lorg.apache.commons.io.StandardLineSeparator;                                  : loaded 2 times (x 65B)
Class com.android.build.gradle.internal.lint.AndroidLintTask$VariantCreationAction$Companion$registerLintIntermediateArtifacts$2: loaded 2 times (x 123B)
Class com.android.build.gradle.internal.scope.InternalMultipleArtifactType$LINT_VITAL_REPORT_LINT_MODEL: loaded 2 times (x 70B)
Class org.gradle.api.internal.classpath.EffectiveClassPath                            : loaded 2 times (x 86B)
Class kotlin.sequences.SequencesKt___SequencesKt$flatMap$2                            : loaded 2 times (x 121B)
Class com.google.common.collect.Ordering                                              : loaded 2 times (x 110B)
Class org.jetbrains.plugins.gradle.tooling.serialization.internal.IdeaProjectSerializationService: loaded 2 times (x 73B)
Class org.jetbrains.kotlin.idea.projectModel.KotlinTaskProperties                     : loaded 2 times (x 66B)
Class com.android.ide.gradle.model.builder.GradlePluginModelBuilder                   : loaded 2 times (x 71B)
Class com.android.sdklib.repository.meta.DetailsTypes$ApiDetailsType                  : loaded 2 times (x 66B)
Class com.android.repository.impl.meta.RemotePackageImpl$ChannelRef                   : loaded 2 times (x 69B)
Class com.sun.xml.bind.v2.runtime.JAXBContextImpl$2                                   : loaded 2 times (x 74B)
Class javax.xml.bind.annotation.XmlEnum                                               : loaded 2 times (x 66B)
Class com.sun.xml.bind.v2.runtime.reflect.Utils                                       : loaded 2 times (x 67B)
Class [Lcom.sun.xml.bind.v2.runtime.property.Property;                                : loaded 2 times (x 65B)
Class javax.xml.bind.DatatypeConverterInterface                                       : loaded 2 times (x 66B)
Class org.jetbrains.kotlin.build.report.metrics.BuildPerformanceMetrics               : loaded 2 times (x 68B)
Class com.android.build.gradle.internal.ide.dependencies.ArtifactUtils$resolveArtifacts$lintJars$1: loaded 2 times (x 74B)
Class com.android.build.gradle.internal.ide.dependencies.LocalJarCacheImpl$cache$1$jarFiles$1: loaded 2 times (x 70B)
Class com.android.build.gradle.internal.scope.InternalMultipleArtifactType$LINT_REPORT_LINT_MODEL: loaded 2 times (x 70B)
Class com.android.build.gradle.internal.lint.AndroidLintTask$VariantCreationAction$Companion$registerLintIntermediateArtifacts$1: loaded 2 times (x 123B)
Class [Lcom.android.ide.common.repository.AgpVersion$PreviewKind;                     : loaded 2 times (x 65B)
Class org.gradle.internal.classloader.ClassLoaderVisitor                              : loaded 2 times (x 72B)
Class kotlin.collections.AbstractList$Companion                                       : loaded 2 times (x 67B)
Class kotlin.sequences.SequencesKt___SequencesKt                                      : loaded 2 times (x 67B)
Class kotlin.text.MatcherMatchResult$groupValues$1                                    : loaded 2 times (x 194B)
Class com.google.common.collect.ReverseNaturalOrdering                                : loaded 2 times (x 110B)
Class org.jetbrains.plugins.gradle.tooling.builder.ExternalTestsModelBuilderImpl      : loaded 2 times (x 74B)
Class com.amazon.ion.impl.bin.IonManagedBinaryWriter$ImportedSymbolResolverMode$2     : loaded 2 times (x 76B)
Class com.google.gms.googleservices.GoogleServicesTask                                : loaded 2 times (x 316B)
Class com.android.sdklib.repository.legacy.remote.internal.DownloadCache$Strategy     : loaded 2 times (x 75B)
Class com.sun.xml.bind.v2.runtime.JAXBContextImpl$1                                   : loaded 2 times (x 74B)
Class com.sun.xml.bind.v2.model.impl.TypeInfoImpl                                     : loaded 2 times (x 81B)
Class com.android.sdklib.repository.generated.sysimg.v4.SysImgDetailsType             : loaded 2 times (x 132B)
Class com.sun.xml.bind.v2.runtime.property.Utils$1                                    : loaded 2 times (x 73B)
Class com.android.build.gradle.internal.ide.dependencies.StringCache                  : loaded 2 times (x 66B)
Class org.jetbrains.kotlin.gradle.plugin.CreateCompilerArgumentsContextImpl$ContributeCompilerArgumentsContextImpl: loaded 2 times (x 75B)
Class com.android.build.gradle.internal.ide.v2.ProjectSyncIssuesImpl                  : loaded 2 times (x 71B)
Class com.android.build.gradle.internal.utils.ResolutionResultUtils$getModuleComponents$1: loaded 2 times (x 74B)
Class org.apache.commons.io.file.PathUtils                                            : loaded 2 times (x 67B)
Class [Lcom.amazon.ion.impl.bin.IonManagedBinaryWriter$SymbolState;                   : loaded 2 times (x 65B)
Class com.amazon.ion.impl._Private_IonWriterBase                                      : loaded 2 times (x 158B)
Class com.amazon.ion.system.IonSystemBuilder                                          : loaded 2 times (x 71B)
Class com.amazon.ion.IonCatalog                                                       : loaded 2 times (x 66B)
Class com.intellij.gradle.toolingExtension.impl.model.sourceSetModel.GradleSourceSetSerialisationService$SourceSetModelReadContext: loaded 2 times (x 68B)
Class org.gradle.internal.classloader.DefaultClassLoaderFactory                       : loaded 2 times (x 78B)
Class org.gradle.internal.impldep.com.google.common.collect.Iterators$10              : loaded 2 times (x 77B)
Class kotlin.io.NoSuchFileException                                                   : loaded 2 times (x 78B)
Class kotlin.collections.CollectionsKt                                                : loaded 2 times (x 67B)
Class com.google.common.io.LineBuffer                                                 : loaded 2 times (x 71B)
Class com.google.common.collect.MapMakerInternalMap$1                                 : loaded 2 times (x 79B)
Class org.objectweb.asm.Context                                                       : loaded 2 times (x 68B)
Class com.android.build.gradle.internal.scope.InternalArtifactType$LINT_XML_REPORT    : loaded 2 times (x 70B)
Class com.android.build.gradle.internal.ide.dependencies.Graph$AdjacencyList          : loaded 2 times (x 68B)
Class com.android.build.gradle.internal.ide.dependencies.ArtifactUtils$getArtifactsForModelBuilder$1: loaded 2 times (x 74B)
Class org.jetbrains.kotlin.idea.gradleTooling.KotlinMPPGradleModelBinaryBuilder       : loaded 2 times (x 82B)
Class com.android.build.gradle.internal.ide.v2.VectorDrawableOptionsImpl$Companion    : loaded 2 times (x 67B)
Class com.android.build.gradle.internal.scope.BootClasspathBuilder$computeAdditionalAndRequestedOptionalLibraries$5: loaded 2 times (x 76B)
Class javax.xml.bind.annotation.DomHandler                                            : loaded 2 times (x 66B)
Class com.sun.xml.bind.v2.runtime.property.PropertyFactory                            : loaded 2 times (x 67B)
Class com.sun.xml.bind.v2.model.impl.ElementInfoImpl$PropertyImpl                     : loaded 2 times (x 129B)
Class javax.activation.DataSource                                                     : loaded 2 times (x 66B)
Class com.sun.xml.bind.v2.model.runtime.RuntimeBuiltinLeafInfo                        : loaded 2 times (x 66B)
Class com.android.sdklib.repository.generated.sysimg.v4.package-info                  : loaded 2 times (x 66B)
Class com.android.sdklib.repository.meta.DetailsTypes$ExtraDetailsType                : loaded 2 times (x 66B)
Class com.android.build.gradle.internal.SdkComponentsBuildService$VersionedSdkLoader$aidlFrameworkProvider$1: loaded 2 times (x 71B)
Class com.android.build.gradle.internal.SdkComponentsBuildService$VersionedSdkLoader$androidJarProvider$1: loaded 2 times (x 71B)
Class com.intellij.util.containers.IntObjectHashMap$ArrayProducer                     : loaded 2 times (x 66B)
Class com.amazon.ion.impl.bin.IonManagedBinaryWriter$ImportedSymbolResolverMode$1     : loaded 2 times (x 76B)
Class org.jetbrains.kotlin.idea.gradleTooling.AndroidAwareGradleModelProvider$Companion: loaded 2 times (x 67B)
Class com.amazon.ion.impl.lite.IonSymbolLite                                          : loaded 2 times (x 242B)
Class [Lcom.amazon.ion.impl.bin.IonRawBinaryWriter$StreamCloseMode;                   : loaded 2 times (x 65B)
Class com.android.builder.model.v2.models.Versions$Companion                          : loaded 2 times (x 67B)
Class com.android.build.gradle.internal.SdkComponentsBuildService$VersionedSdkLoader$buildToolsRevisionProvider$1: loaded 2 times (x 71B)
Class com.android.build.gradle.internal.SdkParsingUtilsKt$parsePackage$progress$1     : loaded 2 times (x 106B)
Class com.android.build.gradle.internal.dependency.JdkImageTransform$Parameters       : loaded 2 times (x 66B)
Class com.android.build.gradle.internal.ide.dependencies.LibraryUtils                 : loaded 2 times (x 67B)
Class com.android.build.gradle.internal.ide.dependencies.LibraryCacheImpl$WhenMappings: loaded 2 times (x 67B)
Class com.google.common.collect.MapMakerInternalMap$Strength                          : loaded 2 times (x 76B)
Class com.google.common.collect.MapMakerInternalMap$StrongKeyDummyValueEntry$LinkedStrongKeyDummyValueEntry: loaded 2 times (x 78B)
Class com.google.common.reflect.TypeCapture                                           : loaded 2 times (x 67B)
Class org.gradle.internal.operations.MultipleBuildOperationFailures                   : loaded 2 times (x 91B)
Class org.gradle.tooling.internal.adapter.MethodInvocation                            : loaded 2 times (x 81B)
Class kotlin.sequences.TransformingSequence                                           : loaded 2 times (x 71B)
Class jdk.internal.jimage.decompressor.StringSharingDecompressorFactory               : loaded 2 times (x 70B)
Class org.jetbrains.plugins.gradle.model.ear.EarConfiguration                         : loaded 2 times (x 66B)
Class com.intellij.util.ThrowableConsumer                                             : loaded 2 times (x 66B)
Class com.google.gms.googleservices.GoogleServicesPlugin$Companion                    : loaded 2 times (x 67B)
Class com.android.repository.impl.manager.RepoManagerImpl                             : loaded 2 times (x 92B)
Class javax.xml.bind.ContextFinder$1                                                  : loaded 2 times (x 69B)
Class com.sun.xml.bind.api.Bridge                                                     : loaded 2 times (x 81B)
Class com.sun.xml.bind.v2.model.impl.RuntimeTypeInfoSetImpl                           : loaded 2 times (x 119B)
Class com.sun.xml.bind.v2.model.impl.Utils$1                                          : loaded 2 times (x 73B)
Class javax.xml.bind.annotation.XmlMimeType                                           : loaded 2 times (x 66B)
Class javax.xml.bind.annotation.adapters.CollapsedStringAdapter                       : loaded 2 times (x 71B)
Class com.sun.xml.bind.v2.runtime.unmarshaller.XmlVisitor                             : loaded 2 times (x 66B)
Class javax.xml.bind.UnmarshalException                                               : loaded 2 times (x 81B)
Class org.jetbrains.kotlin.gradle.tasks.CacheableTasksKt$cacheOnlyIfEnabledForKotlin$1: loaded 2 times (x 71B)
Class org.jetbrains.kotlin.gradle.tasks.AbstractKotlinCompile$compilerRunner$1        : loaded 2 times (x 71B)
Class org.jetbrains.kotlin.gradle.internal.StdlibDependencyManagementKt$addStdlibDependency$1$1$1$1: loaded 2 times (x 71B)
Class com.android.build.gradle.internal.ide.v2.VariantDependenciesAdjacencyListImpl   : loaded 2 times (x 78B)
Class com.android.build.gradle.internal.ide.v2.VariantDependenciesAdjacencyListImpl$Companion: loaded 2 times (x 67B)
Class [Lcom.android.build.gradle.internal.attribution.BuildAnalyzerConfiguratorService$State;: loaded 2 times (x 65B)
Class com.google.common.collect.TransformedListIterator                               : loaded 2 times (x 89B)
Class com.google.common.cache.LocalCache$Values                                       : loaded 2 times (x 114B)
Class org.apache.commons.io.function.IOFunction                                       : loaded 2 times (x 66B)
Class com.intellij.gradle.toolingExtension.impl.model.sourceSetModel.GradleSourceSetSerialisationService$SourceSetModelWriteContext: loaded 2 times (x 68B)
Class com.intellij.gradle.toolingExtension.impl.model.taskIndex.GradleTaskIndexBuilder: loaded 2 times (x 82B)
Class kotlin.collections.AbstractIterator$WhenMappings                                : loaded 2 times (x 67B)
Class kotlin.ranges.IntProgressionIterator                                            : loaded 2 times (x 78B)
Class kotlin.coroutines.CoroutineContext                                              : loaded 2 times (x 66B)
Class kotlin.coroutines.jvm.internal.DebugProbesKt                                    : loaded 2 times (x 67B)
Class org.gradle.tooling.internal.adapter.WeakIdentityHashMap                         : loaded 2 times (x 72B)
Class org.gradle.tooling.GradleConnectionException                                    : loaded 2 times (x 78B)
Class org.gradle.tooling.internal.adapter.ProtocolToModelAdapter$1                    : loaded 2 times (x 71B)
Class org.gradle.tooling.internal.adapter.ProtocolToModelAdapter$ViewDecoration       : loaded 2 times (x 66B)
Class com.google.common.reflect.Types$TypeVariableImpl                                : loaded 2 times (x 68B)
Class org.gradle.internal.installation.GradleInstallation                             : loaded 2 times (x 71B)
Class com.android.build.gradle.internal.lint.AndroidLintAnalysisTask$Companion        : loaded 2 times (x 67B)
Class com.android.buildanalyzer.common.AndroidGradlePluginAttributionData$TaskInfo    : loaded 2 times (x 68B)
Class org.gradle.tooling.internal.adapter.TargetTypeProvider                          : loaded 2 times (x 66B)
Class org.jetbrains.kotlin.gradle.tasks.KotlinCompile$createCompilerArguments$1       : loaded 2 times (x 75B)
Class [Lorg.jetbrains.kotlin.gradle.plugin.KotlinCompilerArgumentsProducer$ArgumentType;: loaded 2 times (x 65B)
Class com.android.build.gradle.internal.ide.dependencies.LocalJarCacheImpl$cache$1    : loaded 2 times (x 70B)
Class com.android.build.gradle.internal.ide.v2.GlobalSyncService$Inject               : loaded 2 times (x 96B)
Class com.android.build.gradle.internal.ide.dependencies.LibraryCacheImpl             : loaded 2 times (x 71B)
Class org.jetbrains.kotlin.gradle.dsl.KotlinJvmCompile$DefaultImpls                   : loaded 2 times (x 67B)
Class com.android.build.gradle.internal.scope.BootClasspathBuilder$computeAdditionalAndRequestedOptionalLibraries$6: loaded 2 times (x 73B)
Class com.android.sdklib.repository.targets.PlatformTarget$1                          : loaded 2 times (x 71B)
Class com.sun.xml.bind.v2.ClassFactory$1                                              : loaded 2 times (x 79B)
Class com.sun.xml.bind.v2.runtime.property.ArrayElementNodeProperty                   : loaded 2 times (x 101B)
Class com.sun.xml.bind.v2.model.annotation.XmlElementRefQuick                         : loaded 2 times (x 90B)
Class com.sun.xml.bind.v2.runtime.JaxBeanInfo                                         : loaded 2 times (x 85B)
Class com.android.repository.impl.meta.GenericFactory                                 : loaded 2 times (x 68B)
Class com.android.build.gradle.internal.SdkComponentsBuildService$VersionedSdkLoader$sdkSetupCorrectly$1: loaded 2 times (x 71B)
Class kotlin.ranges.IntProgression$Companion                                          : loaded 2 times (x 67B)
Class com.intellij.openapi.externalSystem.model.project.dependencies.ProjectDependencyNode: loaded 2 times (x 66B)
Class com.amazon.ion.system.IonBinaryWriterBuilder                                    : loaded 2 times (x 93B)
Class com.amazon.ion.impl.bin.IonManagedBinaryWriter$UserState$4                      : loaded 2 times (x 81B)
Class org.jetbrains.plugins.gradle.model.UnresolvedExternalDependency                 : loaded 2 times (x 66B)
Class com.android.build.gradle.internal.SdkLibDataFactory                             : loaded 2 times (x 68B)
Class com.sun.xml.bind.api.CompositeStructure                                         : loaded 2 times (x 68B)
Class javax.xml.bind.annotation.XmlValue                                              : loaded 2 times (x 66B)
Class com.sun.xml.bind.v2.runtime.reflect.Accessor$2                                  : loaded 2 times (x 83B)
Class com.sun.xml.bind.v2.runtime.unmarshaller.DefaultValueLoaderDecorator            : loaded 2 times (x 74B)
Class org.jetbrains.kotlin.gradle.report.GradleBuildMetricsReporter                   : loaded 2 times (x 94B)
Class org.jetbrains.kotlin.gradle.tasks.KotlinCompile$androidLayoutResources$1        : loaded 2 times (x 70B)
Class com.google.common.io.ByteArrayDataOutput                                        : loaded 2 times (x 66B)
Class org.apache.commons.io.FileSystem                                                : loaded 2 times (x 76B)
Class org.gradle.api.internal.classpath.ManifestUtil                                  : loaded 2 times (x 67B)
Class org.gradle.tooling.internal.adapter.ProtocolToModelAdapter$InvocationHandlerImpl: loaded 2 times (x 73B)
Class org.gradle.tooling.model.build.GradleEnvironment                                : loaded 2 times (x 66B)
Class org.jetbrains.plugins.gradle.tooling.util.IntObjectMap$ObjectFactory            : loaded 2 times (x 66B)
Class com.amazon.ion.IonException                                                     : loaded 2 times (x 80B)
Class com.amazon.ion.impl.bin.IonManagedBinaryWriter$UserState$3                      : loaded 2 times (x 81B)
Class com.android.build.gradle.internal.SdkParsingUtilsKt                             : loaded 2 times (x 67B)
Class com.android.sdklib.repository.generated.repository.v1.LayoutlibType             : loaded 2 times (x 70B)
Class com.sun.xml.bind.v2.runtime.reflect.Accessor$1                                  : loaded 2 times (x 81B)
Class com.sun.xml.bind.v2.runtime.property.SingleReferenceNodeProperty                : loaded 2 times (x 98B)
Class com.sun.xml.bind.v2.runtime.unmarshaller.StructureLoader$1                      : loaded 2 times (x 67B)
Class com.android.sdklib.IAndroidTarget                                               : loaded 2 times (x 66B)
Class com.android.build.gradle.internal.ide.v2.ViewBindingOptionsImpl$Companion       : loaded 2 times (x 67B)
Class com.android.build.gradle.internal.ide.dependencies.StringCacheImpl              : loaded 2 times (x 71B)
Class com.google.common.collect.AbstractMapBasedMultimap$WrappedCollection            : loaded 2 times (x 120B)
Class org.gradle.internal.classloader.ClassLoaderHierarchy                            : loaded 2 times (x 66B)
Class kotlin.sequences.SequencesKt__SequenceBuilderKt                                 : loaded 2 times (x 67B)
Class kotlin.collections.CollectionsKt__ReversedViewsKt                               : loaded 2 times (x 67B)
Class kotlin.jvm.internal.CollectionToArray                                           : loaded 2 times (x 67B)
Class kotlin.io.FilesKt__FileTreeWalkKt                                               : loaded 2 times (x 67B)
Class kotlin.sequences.FilteringSequence$iterator$1                                   : loaded 2 times (x 75B)
Class jdk.internal.jimage.BasicImageReader                                            : loaded 2 times (x 91B)
Class com.intellij.gradle.toolingExtension.impl.util.collectionUtil.GradleCollectionVisitor: loaded 2 times (x 66B)
Class org.gradle.accessors.dm.LibrariesForLibsInPluginsBlock$FirebaseLibraryAccessors : loaded 2 times (x 73B)
Class com.amazon.ion.impl.lite.ContainerlessContext                                   : loaded 2 times (x 76B)
Class org.jetbrains.plugins.gradle.tooling.serialization.GradleExtensionsSerializationService$ReadContext: loaded 2 times (x 68B)
Class jdk.internal.jimage.decompressor.ResourceDecompressor$StringsProvider           : loaded 2 times (x 66B)
Class com.google.common.collect.ForwardingCollection                                  : loaded 2 times (x 126B)
Class com.google.common.collect.LexicographicalOrdering                               : loaded 2 times (x 111B)
Class org.gradle.tooling.internal.adapter.MethodInvoker                               : loaded 2 times (x 66B)
Class com.google.wireless.android.sdk.stats.GradleTransformExecutionOrBuilder         : loaded 2 times (x 66B)
Class org.jetbrains.kotlin.gradle.tooling.BuildKotlinToolingMetadataTask$FromKotlinExtension_Decorated: loaded 2 times (x 359B)
Class com.android.build.gradle.tasks.JavaCompileKt$recordAnnotationProcessors$1       : loaded 2 times (x 71B)
Class com.sun.xml.bind.v2.runtime.unmarshaller.LeafPropertyLoader                     : loaded 2 times (x 74B)
Class com.sun.xml.bind.v2.model.impl.RuntimeTypeRefImpl                               : loaded 2 times (x 92B)
Class com.sun.xml.bind.v2.model.core.ReferencePropertyInfo                            : loaded 2 times (x 66B)
Class com.sun.xml.bind.v2.model.annotation.XmlTypeQuick                               : loaded 2 times (x 91B)
Class com.android.build.gradle.internal.SdkComponentsBuildService$VersionedSdkLoader$aidlExecutableProvider$1: loaded 2 times (x 71B)
Class com.intellij.gradle.toolingExtension.impl.model.dependencyGraphModel.GradleDependencyGraphModelBuilder: loaded 2 times (x 78B)
Class com.intellij.gradle.toolingExtension.impl.model.sourceSetModel.GradleSourceSetSerialisationService$Companion: loaded 2 times (x 67B)
Class com.amazon.ion.impl._Private_IonValue                                           : loaded 2 times (x 66B)
Class com.amazon.ion.impl.bin.IonManagedBinaryWriter$UserState$2                      : loaded 2 times (x 81B)
Class com.android.sdklib.repository.meta.DetailsTypes$PlatformDetailsType$LayoutlibType: loaded 2 times (x 69B)
Class com.android.repository.impl.generated.v1.ObjectFactory                          : loaded 2 times (x 103B)
Class com.sun.xml.bind.v2.model.impl.ArrayInfoImpl                                    : loaded 2 times (x 94B)
Class com.sun.xml.bind.v2.model.impl.ModelBuilder$1                                   : loaded 2 times (x 72B)
Class com.sun.xml.bind.v2.runtime.property.Utils                                      : loaded 2 times (x 67B)
Class com.android.build.api.variant.MultiOutputHandler                                : loaded 2 times (x 66B)
Class com.android.build.gradle.internal.scope.InternalArtifactType$AAPT_FRIENDLY_MERGED_MANIFESTS: loaded 2 times (x 70B)
Class com.android.build.gradle.internal.ide.v2.AndroidArtifactImpl$Companion          : loaded 2 times (x 67B)
Class org.jetbrains.kotlin.gradle.tooling.BuildKotlinToolingMetadataTask$kotlinToolingMetadata$2: loaded 2 times (x 75B)
Class com.google.common.io.FileWriteMode                                              : loaded 2 times (x 75B)
Class org.jetbrains.kotlin.gradle.plugin.KotlinPlatformJvmPlugin                      : loaded 2 times (x 77B)
Class com.android.build.gradle.internal.utils.ResolutionResultUtils                   : loaded 2 times (x 67B)
Class [Lcom.google.common.collect.MapMakerInternalMap$Segment;                        : loaded 2 times (x 65B)
Class com.google.common.cache.LocalCache$ValueIterator                                : loaded 2 times (x 82B)
Class org.gradle.internal.classloader.FilteringClassLoader                            : loaded 2 times (x 101B)
Class kotlin.NotImplementedError                                                      : loaded 2 times (x 78B)
Class kotlin.sequences.FlatteningSequence                                             : loaded 2 times (x 71B)
Class kotlin.text.MatcherMatchResult                                                  : loaded 2 times (x 76B)
Class kotlin.text.MatchGroupCollection                                                : loaded 2 times (x 66B)
Class kotlin.text.StringsKt__StringsKt                                                : loaded 2 times (x 67B)
Class org.jetbrains.plugins.gradle.tooling.serialization.internal.IdeaProjectSerializationService$ReadContext: loaded 2 times (x 68B)
Class com.amazon.ion.impl.bin.IonManagedBinaryWriter$UserState$1                      : loaded 2 times (x 81B)
Class com.android.ide.gradle.model.builder.AndroidStudioToolingPluginKt               : loaded 2 times (x 67B)
Class org.gradle.accessors.dm.LibrariesForLibs$GoogleGmsGooglePluginAccessors         : loaded 2 times (x 70B)
Class com.android.build.api.variant.impl.SourceDirectoriesImpl$addGeneratedSourceDirectory$1: loaded 2 times (x 71B)
Class com.android.build.gradle.internal.SdkComponentsBuildService$VersionedSdkLoader$annotationsJarProvider$1: loaded 2 times (x 71B)
Class com.android.sdklib.repository.generated.addon.v3.LibrariesType                  : loaded 2 times (x 71B)
Class com.sun.xml.bind.api.RawAccessor                                                : loaded 2 times (x 69B)
Class com.sun.xml.bind.v2.model.impl.ClassInfoImpl                                    : loaded 2 times (x 133B)
Class com.sun.xml.bind.v2.model.impl.RuntimeBuiltinLeafInfoImpl$StringImpl            : loaded 2 times (x 130B)
Class com.sun.xml.bind.v2.model.impl.PropertySeed                                     : loaded 2 times (x 66B)
Class com.android.build.gradle.tasks.JavaCompileKt$computeJavaSourceWithoutDependencies$1$1: loaded 2 times (x 75B)
Class com.android.build.gradle.internal.scope.InternalArtifactType$RENDERSCRIPT_SOURCE_OUTPUT_DIR: loaded 2 times (x 70B)
Class org.jetbrains.kotlin.gradle.plugin.KotlinCompilerArgumentsProducer$ContributeCompilerArgumentsContext: loaded 2 times (x 66B)
Class kotlin.text.StringsKt__StringNumberConversionsKt                                : loaded 2 times (x 67B)
Class com.google.common.io.LineReader                                                 : loaded 2 times (x 68B)
Class com.android.ide.gradle.model.LegacyAndroidGradlePluginProperties                : loaded 2 times (x 66B)
Class com.amazon.ion.UnexpectedEofException                                           : loaded 2 times (x 80B)
Class com.amazon.ion.IonSexp                                                          : loaded 2 times (x 66B)
Class com.amazon.ion.impl._Private_LocalSymbolTable                                   : loaded 2 times (x 66B)
Class com.amazon.ion.BufferConfiguration$DataHandler                                  : loaded 2 times (x 66B)
Class com.amazon.ion.ReadOnlyValueException                                           : loaded 2 times (x 80B)
Class com.amazon.ion.impl._Private_IonBinaryWriterBuilder                             : loaded 2 times (x 105B)
Class org.jetbrains.plugins.gradle.tooling.serialization.RepositoriesModelSerializationService$WriteContext: loaded 2 times (x 68B)
Class org.jetbrains.kotlin.idea.gradleTooling.AbstractKotlinGradleModelBuilder        : loaded 2 times (x 77B)
Class kotlin.ranges.IntProgression                                                    : loaded 2 times (x 77B)
Class kotlin.jvm.KotlinReflectionNotSupportedError                                    : loaded 2 times (x 78B)
Class org.gradle.tooling.model.gradle.GradleScript                                    : loaded 2 times (x 66B)

---------------  S Y S T E M  ---------------

OS:
 Windows 10 , 64 bit Build 19041 (10.0.19041.4957)
OS uptime: 0 days 3:29 hours

CPU: total 8 (initial active 8) (8 cores per cpu, 2 threads per core) family 23 model 24 stepping 1 microcode 0x0, cx8, cmov, fxsr, ht, mmx, 3dnowpref, sse, sse2, sse3, ssse3, sse4a, sse4.1, sse4.2, popcnt, lzcnt, tsc, tscinvbit, avx, avx2, aes, clmul, bmi1, bmi2, adx, sha, fma, vzeroupper, clflush, clflushopt, rdtscp, f16c
Processor Information for all 8 processors :
  Max Mhz: 3700, Current Mhz: 3700, Mhz Limit: 3700

Memory: 4k page, system-wide physical 14284M (1617M free)
TotalPageFile size 24177M (AvailPageFile size 5M)
current process WorkingSet (physical memory assigned to process): 1789M, peak: 1804M
current process commit charge ("private bytes"): 1905M, peak: 1928M

vm_info: OpenJDK 64-Bit Server VM (21.0.4+-12508038-b607.1) for windows-amd64 JRE (21.0.4+-12508038-b607.1), built on 2024-10-16T17:23:34Z by "builder" with MS VC++ 16.10 / 16.11 (VS2019)

END.
